ord__Motivation_Level,ord__Parental_Involvement,ord__Access_to_Resources,ord__Teacher_Quality,num__Hours_Studied,num__Attendance,num__Previous_Scores,num__Tutoring_Sessions,num__Total_Dedication
1.0,0.0,2.0,2.0,-0.33034452819719434,1.2969163657696883,1.453813297957972,0.40903557216346226,0.2089367738862727
0.0,2.0,1.0,1.0,-0.6645138225416359,0.7774276285759895,-1.1852112844612572,0.40903557216346226,-0.3257434066118454
1.0,1.0,2.0,2.0,-0.6645138225416359,-0.9542014954030069,-1.3935553304417228,-0.4014114235676847,-0.9239869652111391
1.0,1.0,2.0,1.0,-1.4999370584027398,-1.3005273201988061,0.2037490220751792,0.40903557216346226,-1.6512267911334049
0.0,1.0,2.0,1.0,0.17090941331946807,1.2969163657696883,-1.2546592997880792,-0.4014114235676847,0.7417474432637687
1.0,2.0,2.0,1.0,1.173417296352793,-1.4736902325967058,1.1760212366506848,-1.2118584192988318,0.19211117380066825
1.0,1.0,2.0,0.0,0.6721633548361304,-0.0018054772145589292,-1.67134739174901,1.2194825678946093,0.60153410921706
2.0,2.0,2.0,1.0,-0.6645138225416359,-1.2139458639998564,-0.49073113119303907,0.40903557216346226,-1.0137234990010329
1.0,2.0,2.0,1.0,-0.16325988102497352,-0.434712758209308,1.453813297957972,0.40903557216346226,-0.32387389549122264
0.0,1.0,0.0,1.0,0.17090941331946807,-1.4736902325967058,-1.4630033457685447,-0.4014114235676847,-0.5145640297947474
1.0,1.0,1.0,1.0,-0.4974291753694151,-1.0407829516019567,-1.2546592997880792,-0.4014114235676847,-0.8267723869387537
2.0,2.0,1.0,2.0,0.3379940604916889,-1.6468531449946056,0.34264505272882284,1.2194825678946093,-0.4790433185029144
2.0,1.0,1.0,2.0,-1.4999370584027398,0.08477597898439089,0.48154108338246654,1.2194825678946093,-1.3221928339037936
0.0,1.0,1.0,1.0,0.5050787076639097,0.08477597898439089,0.689885129362932,-1.2118584192988318,0.49497197534156073
2.0,1.0,1.0,0.0,0.0038247661472472732,0.8640090847749392,0.5509890987092884,-0.4014114235676847,0.3771927747423244
1.0,1.0,0.0,1.0,0.6721633548361304,-0.3481313020103582,-1.1157632691344355,0.40903557216346226,0.42206104163727176
1.0,2.0,0.0,1.0,0.0038247661472472732,0.8640090847749392,0.8982291753433975,1.2194825678946093,0.3771927747423244
2.0,0.0,2.0,1.0,-0.6645138225416359,-0.8676200392040571,0.689885129362932,-1.2118584192988318,-0.8940747872811744
2.0,1.0,2.0,0.0,-0.8315984697138568,-0.434712758209308,-0.6990751771735045,-0.4014114235676847,-0.8847272316780602
1.0,2.0,1.0,1.0,-2.335360294263844,-0.9542014954030069,1.3149172673043283,-0.4014114235676847,-2.2139496384408655
1.0,2.0,1.0,2.0,0.3379940604916889,-0.08838693341350874,-0.8379712078271482,-0.4014114235676847,0.26128308526371175
2.0,2.0,1.0,2.0,-1.1657677640582984,0.1713574351833407,-1.324107315114901,0.40903557216346226,-0.995028387794805
1.0,2.0,0.0,2.0,0.3379940604916889,-1.3005273201988061,0.48154108338246654,0.40903557216346226,-0.3145263398881086
0.0,1.0,1.0,1.0,0.5050787076639097,-1.2139458639998564,0.06485299142153556,-0.4014114235676847,-0.1500093612733027
1.0,2.0,2.0,1.0,-2.836614235780506,1.3834978219686382,-1.1157632691344355,0.40903557216346226,-2.449508039639337
0.0,1.0,2.0,1.0,-0.33034452819719434,0.25793889138229054,-0.6990751771735045,1.2194825678946093,-0.19487762816825008
1.0,0.0,0.0,1.0,0.8392480020083513,-0.6078756706072076,-0.42128311586621725,1.2194825678946093,0.42393055275789415
2.0,0.0,2.0,2.0,-0.9986831168860775,-0.9542014954030069,-0.9074192231539701,-0.4014114235676847,-1.181979499857084
1.0,2.0,0.0,0.0,-1.1657677640582984,1.5566607343665377,-1.324107315114901,-0.4014114235676847,-0.6061700747052642
0.0,1.0,1.0,2.0,-0.6645138225416359,0.1713574351833407,-1.324107315114901,-1.2118584192988318,-0.5351286521215983
0.0,0.0,1.0,0.0,0.3379940604916889,-0.0018054772145589292,-0.5601791465198609,0.40903557216346226,0.30241232991741296
0.0,2.0,1.0,1.0,-0.8315984697138568,-1.387108776397756,-1.1157632691344355,-1.2118584192988318,-1.193196566580821
1.0,1.0,1.0,0.0,2.0088405322138967,0.51768325997914,0.13430100674835738,0.40903557216346226,2.1569673615752225
1.0,2.0,1.0,2.0,0.6721633548361304,-0.2615498458114084,-1.2546592997880792,1.2194825678946093,0.4669293085322185
1.0,1.0,0.0,1.0,-0.16325988102497352,-0.3481313020103582,-0.6296271618466828,0.40903557216346226,-0.2883531841993897
0.0,2.0,2.0,0.0,1.6746712378694553,1.7298236467644375,1.037125205997041,-1.2118584192988318,2.620606119489675
1.0,0.0,0.0,1.0,0.5050787076639097,0.34452034758124034,-0.0740430392321081,1.2194825678946093,0.623968242664533
2.0,1.0,1.0,1.0,-1.3328524112305191,-0.6944571268061575,0.8982291753433975,0.40903557216346226,-1.3726696341606088
1.0,0.0,1.0,2.0,2.175925179386118,0.7774276285759895,1.6621573439384376,0.40903557216346226,2.502826918890439
1.0,2.0,2.0,1.0,-0.16325988102497352,-0.8676200392040571,-0.8379712078271482,-0.4014114235676847,-0.5014774519503881
1.0,1.0,2.0,1.0,-0.4974291753694151,-1.3005273201988061,0.273197037402001,-1.2118584192988318,-0.9221174540905159
1.0,2.0,2.0,1.0,1.5075865906972346,1.7298236467644375,0.9676771906702193,0.40903557216346226,2.4336550074273955
1.0,1.0,0.0,2.0,0.5050787076639097,0.9505905409738891,-0.2823870852125736,2.840376559356903,0.9249595330848024
1.0,1.0,2.0,1.0,0.8392480020083513,0.1713574351833407,-1.4630033457685447,-1.2118584192988318,0.8445705548980224
1.0,0.0,2.0,1.0,-1.3328524112305191,-0.8676200392040571,-1.5324513610953665,0.40903557216346226,-1.4175379010555562
2.0,1.0,0.0,2.0,0.5050787076639097,0.9505905409738891,1.5927093286116158,-1.2118584192988318,0.9249595330848024
1.0,2.0,1.0,1.0,1.6746712378694553,0.34452034758124034,-0.21293906988575176,1.2194825678946093,1.7232407815907345
2.0,1.0,0.0,2.0,-0.4974291753694151,1.470079278167588,-0.14349105455892994,-0.4014114235676847,0.09489659552828247
0.0,1.0,1.0,1.0,-0.9986831168860775,0.08477597898439089,-0.14349105455892994,-0.4014114235676847,-0.8679016315924551
0.0,1.0,1.0,2.0,1.173417296352793,0.1713574351833407,0.8287811600165756,0.40903557216346226,1.1511703786801597
1.0,1.0,1.0,1.0,-1.4999370584027398,-1.387108776397756,-0.6296271618466828,0.40903557216346226,-1.6717914134602556
0.0,1.0,1.0,1.0,-1.8341063527471815,-1.3005273201988061,0.8982291753433975,-0.4014114235676847,-1.894263236814368
0.0,1.0,2.0,1.0,-0.33034452819719434,-0.6078756706072076,-0.21293906988575176,-0.4014114235676847,-0.5313896298803524
1.0,1.0,2.0,1.0,0.8392480020083513,1.5566607343665377,-1.67134739174901,-1.2118584192988318,1.592375003147139
2.0,2.0,1.0,1.0,0.8392480020083513,1.6432421905654877,1.5232613132847939,-1.2118584192988318,1.639112781162709
1.0,1.0,0.0,1.0,2.175925179386118,-0.7810385830051073,-1.0463152538076137,-1.2118584192988318,1.3923373132405004
1.0,1.0,2.0,1.0,0.17090941331946807,0.6908461723770396,1.2454692519775066,2.029929563625756,0.4669293085322185
2.0,1.0,2.0,1.0,-0.8315984697138568,-1.2139458639998564,-1.0463152538076137,0.40903557216346226,-1.1371112329621371
1.0,1.0,1.0,1.0,0.17090941331946807,0.7774276285759895,1.6621573439384376,-1.2118584192988318,0.5061890420652972
1.0,1.0,2.0,1.0,-0.33034452819719434,1.3834978219686382,1.1760212366506848,0.40903557216346226,0.24258797405748356
0.0,0.0,1.0,2.0,-0.6645138225416359,0.25793889138229054,1.1760212366506848,0.40903557216346226,-0.5052164741916336
1.0,1.0,2.0,1.0,-0.8315984697138568,1.3834978219686382,0.7593331446897538,0.40903557216346226,-0.29583122868188105
2.0,2.0,2.0,2.0,0.3379940604916889,-1.4736902325967058,-1.5324513610953665,1.2194825678946093,-0.39678482919551167
2.0,1.0,2.0,1.0,0.17090941331946807,0.1713574351833407,-0.6296271618466828,1.2194825678946093,0.23137090733374638
0.0,1.0,1.0,1.0,-0.33034452819719434,1.1237534533717888,0.06485299142153556,0.40903557216346226,0.14163437354385294
1.0,0.0,0.0,2.0,0.17090941331946807,-0.8676200392040571,0.6204371140361101,-0.4014114235676847,-0.23974589506319713
1.0,1.0,1.0,1.0,-0.4974291753694151,1.0371719971728388,0.273197037402001,-0.4014114235676847,-0.06401184972465444
0.0,2.0,1.0,1.0,1.6746712378694553,-1.387108776397756,0.41209306805564466,1.2194825678946093,0.6015341092170593
0.0,2.0,0.0,1.0,-0.16325988102497352,1.2969163657696883,-1.1852112844612572,0.40903557216346226,0.38654033034543844
0.0,1.0,1.0,2.0,-1.1657677640582984,-1.4736902325967058,-0.14349105455892994,0.40903557216346226,-1.4567976345886346
1.0,1.0,1.0,1.0,0.17090941331946807,0.34452034758124034,1.5927093286116158,-1.2118584192988318,0.30989037439990397
1.0,1.0,0.0,0.0,0.5050787076639097,0.25793889138229054,-0.5601791465198609,1.2194825678946093,0.5809694868902087
1.0,1.0,1.0,2.0,-0.4974291753694151,-1.2139458639998564,0.5509890987092884,2.029929563625756,-0.8903357650399285
2.0,2.0,2.0,1.0,0.8392480020083513,1.2103349095707385,0.689885129362932,-0.4014114235676847,1.40542389108486
1.0,1.0,1.0,1.0,0.8392480020083513,-0.8676200392040571,0.689885129362932,-0.4014114235676847,0.28371721871118477
0.0,2.0,1.0,2.0,1.3405019435250136,-1.6468531449946056,1.1760212366506848,-0.4014114235676847,0.20519775164502718
1.0,1.0,1.0,1.0,-2.168275647091623,-0.8676200392040571,-1.67134739174901,-1.2118584192988318,-2.071866793273533
0.0,1.0,2.0,1.0,1.173417296352793,1.2969163657696883,0.41209306805564466,1.2194825678946093,1.80736878201876
1.0,2.0,0.0,1.0,0.17090941331946807,0.6908461723770396,-1.1852112844612572,1.2194825678946093,0.4669293085322185
1.0,1.0,2.0,2.0,-0.33034452819719434,-1.5602716887956556,0.9676771906702193,-1.2118584192988318,-0.9015528317636654
1.0,2.0,1.0,2.0,0.6721633548361304,-0.5212942144082578,0.2037490220751792,1.2194825678946093,0.332324507847377
0.0,1.0,1.0,1.0,1.173417296352793,0.6042647161780897,0.2037490220751792,1.2194825678946093,1.403554379964237
2.0,1.0,1.0,1.0,-0.16325988102497352,-0.5212942144082578,0.06485299142153556,-0.4014114235676847,-0.3593946067830556
1.0,1.0,2.0,2.0,-1.3328524112305191,-1.1273644078009066,0.13430100674835738,0.40903557216346226,-1.4848403013979763
0.0,1.0,2.0,1.0,1.173417296352793,-1.4736902325967058,-1.67134739174901,-1.2118584192988318,0.19211117380066825
1.0,0.0,0.0,1.0,0.0038247661472472732,-1.6468531449946056,1.1760212366506848,-1.2118584192988318,-0.7071236752188952
1.0,0.0,1.0,2.0,-2.001190999919402,1.5566607343665377,-1.0463152538076137,-0.4014114235676847,-1.5222305238104323
0.0,0.0,1.0,2.0,0.3379940604916889,-0.08838693341350874,-0.004595023905286278,-0.4014114235676847,0.26128308526371175
1.0,1.0,1.0,1.0,1.5075865906972346,0.08477597898439089,-1.6018993764221883,-0.4014114235676847,1.4035543799642376
1.0,1.0,1.0,1.0,0.3379940604916889,0.1713574351833407,-0.9768672384807918,0.40903557216346226,0.3846708192248154
1.0,0.0,1.0,1.0,-0.9986831168860775,-0.9542014954030069,1.106573221323863,-1.2118584192988318,-1.181979499857084
0.0,0.0,2.0,0.0,-0.6645138225416359,0.51768325997914,0.9676771906702193,-0.4014114235676847,-0.4154799404017395
1.0,2.0,1.0,0.0,-0.33034452819719434,0.8640090847749392,0.41209306805564466,0.40903557216346226,0.04068077303022167
0.0,1.0,2.0,2.0,-1.3328524112305191,-0.434712758209308,-1.4630033457685447,-0.4014114235676847,-1.3053672338181885
0.0,2.0,2.0,2.0,-0.9986831168860775,-1.387108776397756,1.037125205997041,-1.2118584192988318,-1.3128452783006794
0.0,1.0,2.0,0.0,-0.16325988102497352,0.6908461723770396,-1.2546592997880792,-0.4014114235676847,0.13789535130260677
0.0,0.0,1.0,1.0,0.8392480020083513,1.3834978219686382,-0.21293906988575176,-1.2118584192988318,1.4988994471159995
1.0,1.0,1.0,1.0,-1.4999370584027398,1.470079278167588,1.106573221323863,-0.4014114235676847,-0.9931588766741822
1.0,1.0,2.0,1.0,-0.16325988102497352,1.2969163657696883,-1.5324513610953665,1.2194825678946093,0.38654033034543844
1.0,0.0,1.0,1.0,-1.3328524112305191,0.1713574351833407,1.106573221323863,1.2194825678946093,-1.148328299685874
1.0,1.0,2.0,1.0,0.0038247661472472732,1.470079278167588,-0.9074192231539701,-0.4014114235676847,0.638924331629515
1.0,0.0,0.0,1.0,1.6746712378694553,-1.5602716887956556,1.5232613132847939,-1.2118584192988318,0.48936344197969217
1.0,2.0,2.0,1.0,-0.4974291753694151,0.1713574351833407,-0.9768672384807918,1.2194825678946093,-0.3818287402305293
0.0,1.0,1.0,2.0,0.8392480020083513,-0.0018054772145589292,0.8982291753433975,-1.2118584192988318,0.7510949988668828
2.0,1.0,2.0,2.0,-0.8315984697138568,1.6432421905654877,-0.14349105455892994,-0.4014114235676847,-0.21170322825385518
2.0,2.0,1.0,2.0,-0.4974291753694151,-1.6468531449946056,-0.42128311586621725,-0.4014114235676847,-1.049244210292866
2.0,2.0,2.0,1.0,-1.3328524112305191,0.43110180378019014,0.8982291753433975,-0.4014114235676847,-1.0810258993434536
1.0,1.0,2.0,2.0,0.0038247661472472732,-1.3005273201988061,1.7316053592652594,0.40903557216346226,-0.5575627855690717
2.0,1.0,1.0,2.0,-0.4974291753694151,0.6042647161780897,1.106573221323863,1.2194825678946093,-0.22292029497759203
2.0,1.0,0.0,1.0,-0.33034452819719434,0.6042647161780897,-1.0463152538076137,0.40903557216346226,-0.06027282748340894
1.0,2.0,0.0,2.0,-2.5024449414360648,0.6042647161780897,0.7593331446897538,0.40903557216346226,-2.174689904907787
0.0,2.0,1.0,1.0,1.3405019435250136,-0.6944571268061575,1.1760212366506848,-0.4014114235676847,0.7810071767968475
1.0,2.0,2.0,1.0,0.17090941331946807,0.51768325997914,-1.2546592997880792,-0.4014114235676847,0.3884098414660609
1.0,2.0,1.0,1.0,1.006332649180572,-0.7810385830051073,0.06485299142153556,1.2194825678946093,0.463190286290973
0.0,2.0,1.0,1.0,0.6721633548361304,-1.0407829516019567,1.3843652826311503,1.2194825678946093,0.06311490647769535
1.0,1.0,1.0,1.0,0.0038247661472472732,1.5566607343665377,0.34264505272882284,-1.2118584192988318,0.6763145540419714
1.0,1.0,0.0,2.0,-1.1657677640582984,-1.1273644078009066,-0.35183510053939543,-1.2118584192988318,-1.3595830563162492
0.0,1.0,1.0,2.0,0.17090941331946807,-0.0018054772145589292,0.273197037402001,0.40903557216346226,0.15285144026758946
1.0,2.0,1.0,0.0,0.8392480020083513,0.6042647161780897,0.7593331446897538,2.029929563625756,1.0782594449758713
1.0,2.0,1.0,2.0,0.0038247661472472732,-0.6078756706072076,1.1760212366506848,0.40903557216346226,-0.258441006269425
1.0,1.0,0.0,1.0,-0.8315984697138568,0.25793889138229054,1.106573221323863,-1.2118584192988318,-0.6603858972033253
0.0,1.0,1.0,1.0,1.173417296352793,-0.8676200392040571,0.34264505272882284,-0.4014114235676847,0.5454487755983753
0.0,2.0,1.0,1.0,-0.6645138225416359,0.51768325997914,0.2037490220751792,-0.4014114235676847,-0.4154799404017395
0.0,0.0,1.0,2.0,-0.16325988102497352,0.6042647161780897,-1.4630033457685447,1.2194825678946093,0.10237464001077415
1.0,1.0,1.0,2.0,0.17090941331946807,-1.1273644078009066,0.5509890987092884,-0.4014114235676847,-0.35752509566243285
2.0,1.0,0.0,1.0,1.841755885041676,-1.1273644078009066,1.1760212366506848,0.40903557216346226,0.8950473551548377
0.0,0.0,1.0,2.0,0.17090941331946807,0.8640090847749392,-0.9074192231539701,0.40903557216346226,0.545448775598376
2.0,0.0,2.0,1.0,0.0038247661472472732,-0.7810385830051073,-0.8379712078271482,-0.4014114235676847,-0.33322145109433676
1.0,1.0,2.0,1.0,-1.6670217055749608,1.2103349095707385,-0.14349105455892994,-0.4014114235676847,-1.2305867889932771
1.0,1.0,1.0,1.0,0.5050787076639097,-0.3481313020103582,-0.6296271618466828,0.40903557216346226,0.27997819646993927
1.0,0.0,0.0,2.0,1.006332649180572,-0.2615498458114084,-0.2823870852125736,-0.4014114235676847,0.7548340211081283
0.0,1.0,2.0,2.0,0.6721633548361304,1.1237534533717888,-0.35183510053939543,-0.4014114235676847,1.1848215788513705
0.0,1.0,0.0,1.0,-0.6645138225416359,0.9505905409738891,1.106573221323863,0.40903557216346226,-0.265919050751916
1.0,0.0,2.0,1.0,1.3405019435250136,1.1237534533717888,1.037125205997041,-0.4014114235676847,1.8802797157230497
2.0,1.0,1.0,1.0,1.3405019435250136,-1.1273644078009066,-1.0463152538076137,-1.2118584192988318,0.5192756199096569
0.0,2.0,1.0,1.0,-0.16325988102497352,0.1713574351833407,-0.42128311586621725,0.40903557216346226,-0.07522891644839162
1.0,2.0,2.0,0.0,-0.9986831168860775,1.5566607343665377,-1.67134739174901,-1.2118584192988318,-0.42295798488423086
1.0,1.0,0.0,2.0,1.006332649180572,0.7774276285759895,1.1760212366506848,0.40903557216346226,1.3381214907424397
2.0,1.0,2.0,2.0,-0.16325988102497352,-1.7334346011935553,-0.21293906988575176,1.2194825678946093,-0.8566845648687184
1.0,0.0,1.0,1.0,0.8392480020083513,-0.9542014954030069,-0.8379712078271482,-0.4014114235676847,0.23697944069561497
1.0,0.0,1.0,2.0,0.8392480020083513,-1.3005273201988061,0.9676771906702193,0.40903557216346226,0.05002832863333576
2.0,2.0,0.0,1.0,1.173417296352793,1.1237534533717888,-1.1157632691344355,0.40903557216346226,1.70641518150513
0.0,2.0,1.0,1.0,-1.8341063527471815,-0.8676200392040571,-0.35183510053939543,-0.4014114235676847,-1.8101352363863425
0.0,1.0,1.0,1.0,-0.4974291753694151,1.3834978219686382,1.2454692519775066,1.2194825678946093,0.06311490647769535
0.0,1.0,1.0,1.0,0.0038247661472472732,1.470079278167588,-1.324107315114901,-0.4014114235676847,0.638924331629515
1.0,0.0,1.0,1.0,1.006332649180572,-1.3005273201988061,-0.5601791465198609,2.029929563625756,0.17154655147381764
0.0,2.0,1.0,2.0,-0.33034452819719434,-0.2615498458114084,-1.2546592997880792,-0.4014114235676847,-0.39678482919551167
1.0,2.0,2.0,1.0,1.6746712378694553,1.7298236467644375,-0.004595023905286278,-1.2118584192988318,2.620606119489675
0.0,0.0,2.0,1.0,-0.8315984697138568,-0.5212942144082578,1.6621573439384376,-1.2118584192988318,-0.9127698984874022
2.0,1.0,2.0,0.0,0.3379940604916889,-1.6468531449946056,-1.0463152538076137,-1.2118584192988318,-0.4790433185029144
1.0,2.0,0.0,0.0,-1.8341063527471815,1.1237534533717888,-0.6296271618466828,-1.2118584192988318,-1.4231464344174243
1.0,2.0,2.0,1.0,-0.4974291753694151,-1.3005273201988061,-1.3935553304417228,-0.4014114235676847,-0.9221174540905159
0.0,2.0,1.0,1.0,-1.4999370584027398,-0.9542014954030069,1.7316053592652594,-0.4014114235676847,-1.568968301826002
1.0,1.0,1.0,0.0,0.0038247661472472732,-0.7810385830051073,0.8982291753433975,-0.4014114235676847,-0.33322145109433676
1.0,1.0,1.0,1.0,1.006332649180572,-0.6944571268061575,0.06485299142153556,-0.4014114235676847,0.5117975754271652
1.0,0.0,2.0,2.0,1.006332649180572,0.34452034758124034,-0.9074192231539701,1.2194825678946093,1.0950850450614764
1.0,1.0,2.0,1.0,-0.33034452819719434,-1.3005273201988061,1.106573221323863,2.840376559356903,-0.8005992312500344
0.0,0.0,1.0,1.0,-1.6670217055749608,-1.0407829516019567,1.453813297957972,-0.4014114235676847,-1.7166596803552026
2.0,2.0,2.0,2.0,1.173417296352793,-0.6078756706072076,-0.14349105455892994,2.840376559356903,0.696879176368822
1.0,0.0,2.0,0.0,0.3379940604916889,0.25793889138229054,-1.5324513610953665,-1.2118584192988318,0.4258000638785166
1.0,1.0,0.0,1.0,-2.168275647091623,1.5566607343665377,-1.1852112844612572,0.40903557216346226,-1.705442613631466
0.0,0.0,2.0,1.0,-0.6645138225416359,-1.3005273201988061,1.453813297957972,0.40903557216346226,-1.0436356769309976
1.0,0.0,1.0,1.0,0.0038247661472472732,-0.08838693341350874,-1.1157632691344355,-1.2118584192988318,-0.03409967179468975
2.0,2.0,1.0,1.0,2.0088405322138967,-1.6468531449946056,-0.42128311586621725,-1.2118584192988318,0.6613584650769887
0.0,0.0,1.0,2.0,-0.4974291753694151,0.34452034758124034,0.2037490220751792,-1.2118584192988318,-0.3182653621293544
1.0,1.0,0.0,2.0,0.5050787076639097,0.25793889138229054,-1.2546592997880792,0.40903557216346226,0.5809694868902087
0.0,0.0,2.0,2.0,-0.8315984697138568,-1.2139458639998564,-0.004595023905286278,-1.2118584192988318,-1.1371112329621371
1.0,1.0,1.0,1.0,-0.8315984697138568,-1.387108776397756,1.2454692519775066,-1.2118584192988318,-1.193196566580821
1.0,0.0,2.0,1.0,1.841755885041676,0.25793889138229054,-0.35183510053939543,1.2194825678946093,1.8223248709837427
2.0,2.0,1.0,0.0,-0.33034452819719434,-1.1273644078009066,-0.9074192231539701,-0.4014114235676847,-0.733296830907614
2.0,0.0,1.0,1.0,-0.6645138225416359,0.34452034758124034,-0.004595023905286278,0.40903557216346226,-0.47530429626166887
1.0,0.0,2.0,1.0,0.5050787076639097,-0.17496838961245856,0.41209306805564466,-1.2118584192988318,0.36597570801858786
1.0,2.0,2.0,2.0,-0.33034452819719434,-1.4736902325967058,-1.3935553304417228,0.40903557216346226,-0.8679016315924551
2.0,0.0,0.0,2.0,0.6721633548361304,-0.5212942144082578,-0.8379712078271482,-0.4014114235676847,0.332324507847377
2.0,0.0,1.0,1.0,-0.6645138225416359,-0.17496838961245856,1.453813297957972,-1.2118584192988318,-0.6547773638414568
0.0,0.0,2.0,1.0,-0.6645138225416359,0.43110180378019014,0.7593331446897538,0.40903557216346226,-0.4453921183317042
2.0,0.0,1.0,2.0,2.5100944737305593,0.34452034758124034,1.1760212366506848,3.65082355508805,2.508435452252307
0.0,1.0,1.0,2.0,1.006332649180572,-0.5212942144082578,0.7593331446897538,0.40903557216346226,0.6090121536995503
1.0,2.0,2.0,2.0,-0.6645138225416359,-0.9542014954030069,0.689885129362932,-1.2118584192988318,-0.9239869652111391
1.0,0.0,0.0,1.0,0.17090941331946807,1.5566607343665377,-0.35183510053939543,-0.4014114235676847,0.8595266438630044
2.0,1.0,1.0,1.0,-0.8315984697138568,1.1237534533717888,-0.9768672384807918,-0.4014114235676847,-0.3799592291099062
0.0,1.0,2.0,1.0,-0.6645138225416359,-0.6944571268061575,-1.1852112844612572,-0.4014114235676847,-0.834250431421245
1.0,1.0,0.0,1.0,-2.5024449414360648,1.470079278167588,0.8287811600165756,0.40903557216346226,-2.0812143488766472
0.0,2.0,0.0,1.0,0.17090941331946807,-1.387108776397756,0.2037490220751792,-0.4014114235676847,-0.47530429626166887
0.0,2.0,2.0,1.0,0.5050787076639097,-0.6078756706072076,0.2037490220751792,-1.2118584192988318,0.15098192914696637
1.0,2.0,2.0,1.0,-0.33034452819719434,0.9505905409738891,-0.9074192231539701,1.2194825678946093,0.07433197320143187
2.0,0.0,1.0,1.0,-0.16325988102497352,0.34452034758124034,1.037125205997041,0.40903557216346226,-0.00418749386472538
2.0,1.0,1.0,1.0,-0.16325988102497352,0.6042647161780897,-0.0740430392321081,-0.4014114235676847,0.10237464001077415
1.0,2.0,2.0,1.0,1.3405019435250136,-0.0018054772145589292,0.8982291753433975,0.40903557216346226,1.1997776678163532
2.0,2.0,0.0,2.0,-1.4999370584027398,0.43110180378019014,-1.2546592997880792,-1.2118584192988318,-1.2399343445963908
2.0,1.0,1.0,0.0,0.3379940604916889,1.470079278167588,0.8982291753433975,-0.4014114235676847,1.0016094890303369
0.0,0.0,1.0,2.0,0.3379940604916889,0.51768325997914,-0.21293906988575176,1.2194825678946093,0.5491877978396209
1.0,2.0,2.0,2.0,-1.1657677640582984,-0.08838693341350874,-1.0463152538076137,-0.4014114235676847,-1.067939321499094
2.0,1.0,1.0,1.0,-0.9986831168860775,0.7774276285759895,-1.1157632691344355,-0.4014114235676847,-0.6585163860827022
0.0,1.0,1.0,1.0,1.006332649180572,0.08477597898439089,-0.2823870852125736,-1.2118584192988318,0.9492631776528991
1.0,1.0,1.0,2.0,-0.8315984697138568,0.7774276285759895,-0.2823870852125736,-0.4014114235676847,-0.492129896347274
0.0,1.0,1.0,1.0,1.173417296352793,-1.0407829516019567,1.3843652826311503,-1.2118584192988318,0.44449517508474545
1.0,1.0,0.0,1.0,-0.9986831168860775,-0.08838693341350874,-1.0463152538076137,1.2194825678946093,-0.9202479429698932
0.0,1.0,0.0,2.0,0.17090941331946807,1.1237534533717888,0.5509890987092884,-0.4014114235676847,0.6632279761976118
1.0,1.0,1.0,1.0,-0.4974291753694151,0.43110180378019014,-0.0740430392321081,-0.4014114235676847,-0.28648367307876693
1.0,0.0,0.0,0.0,-0.16325988102497352,1.6432421905654877,1.7316053592652594,-1.2118584192988318,0.5286231755127703
2.0,0.0,2.0,1.0,0.5050787076639097,0.6908461723770396,0.6204371140361101,0.40903557216346226,0.7959632657618295
0.0,1.0,2.0,0.0,-1.1657677640582984,-1.387108776397756,-1.2546592997880792,-0.4014114235676847,-1.4324939900205382
0.0,0.0,1.0,1.0,0.17090941331946807,0.6908461723770396,0.34264505272882284,-0.4014114235676847,0.4669293085322185
2.0,0.0,2.0,2.0,0.6721633548361304,1.0371719971728388,-0.7685231925003264,-0.4014114235676847,1.1399533119564238
2.0,1.0,2.0,1.0,0.0038247661472472732,1.0371719971728388,0.48154108338246654,-1.2118584192988318,0.45197321956723646
1.0,2.0,1.0,1.0,0.0038247661472472732,0.25793889138229054,-0.14349105455892994,-1.2118584192988318,0.11546121785513308
1.0,0.0,1.0,0.0,0.17090941331946807,0.6042647161780897,-0.6296271618466828,-0.4014114235676847,0.42766957499913966
0.0,1.0,0.0,1.0,0.3379940604916889,-0.434712758209308,-0.6296271618466828,0.40903557216346226,0.09676610664890556
1.0,1.0,2.0,1.0,-0.4974291753694151,0.08477597898439089,0.2037490220751792,0.40903557216346226,-0.4136104292811164
1.0,0.0,1.0,2.0,-0.33034452819719434,0.25793889138229054,1.7316053592652594,-0.4014114235676847,-0.19487762816825008
1.0,1.0,2.0,2.0,0.0038247661472472732,-1.0407829516019567,0.48154108338246654,-0.4014114235676847,-0.4453921183317039
2.0,2.0,1.0,2.0,-1.4999370584027398,0.34452034758124034,0.06485299142153556,1.2194825678946093,-1.2604989669232414
1.0,2.0,2.0,1.0,-1.8341063527471815,1.5566607343665377,-1.1852112844612572,0.40903557216346226,-1.3390184339893987
0.0,2.0,1.0,1.0,-0.8315984697138568,-0.434712758209308,1.3149172673043283,-0.4014114235676847,-0.8847272316780602
1.0,2.0,1.0,1.0,1.006332649180572,0.7774276285759895,-0.6296271618466828,-1.2118584192988318,1.3381214907424397
0.0,1.0,2.0,1.0,0.8392480020083513,-1.3005273201988061,1.2454692519775066,0.40903557216346226,0.05002832863333576
1.0,1.0,1.0,1.0,1.6746712378694553,1.6432421905654877,-1.2546592997880792,-1.2118584192988318,2.564520785870991
0.0,0.0,0.0,1.0,-0.33034452819719434,1.2969163657696883,-1.740795407075832,1.2194825678946093,0.2089367738862727
2.0,1.0,1.0,1.0,1.006332649180572,1.6432421905654877,1.3149172673043283,0.40903557216346226,1.8241943821043651
1.0,2.0,0.0,1.0,1.006332649180572,-0.08838693341350874,-0.6296271618466828,-0.4014114235676847,0.8520485993805134
1.0,1.0,1.0,2.0,1.841755885041676,0.9505905409738891,0.48154108338246654,0.40903557216346226,2.285963628898195
0.0,1.0,2.0,1.0,-0.4974291753694151,1.5566607343665377,-0.35183510053939543,-0.4014114235676847,0.12667828457887026
2.0,1.0,2.0,1.0,-0.8315984697138568,0.51768325997914,1.6621573439384376,0.40903557216346226,-0.5762578967752995
1.0,1.0,0.0,2.0,0.6721633548361304,-1.4736902325967058,-1.2546592997880792,-0.4014114235676847,-0.16122642799703954
2.0,0.0,2.0,2.0,-0.16325988102497352,1.2969163657696883,1.106573221323863,-0.4014114235676847,0.38654033034543844
1.0,1.0,1.0,2.0,-1.6670217055749608,-1.1273644078009066,-0.6990751771735045,-0.4014114235676847,-1.7353547915614305
1.0,2.0,2.0,2.0,-0.4974291753694151,-0.6078756706072076,0.2037490220751792,-1.2118584192988318,-0.6678639416858163
1.0,1.0,1.0,1.0,0.5050787076639097,-1.5602716887956556,-1.67134739174901,2.840376559356903,-0.3220043843705999
2.0,2.0,2.0,2.0,1.006332649180572,1.7298236467644375,0.06485299142153556,-1.2118584192988318,1.872801671240558
2.0,2.0,1.0,1.0,2.5100944737305593,-1.3005273201988061,0.6204371140361101,-1.2118584192988318,1.2652105570381507
1.0,1.0,0.0,1.0,0.6721633548361304,0.08477597898439089,-0.8379712078271482,-0.4014114235676847,0.6464023761120067
1.0,1.0,1.0,1.0,3.1784330624194426,1.0371719971728388,-0.14349105455892994,-0.4014114235676847,3.7198786584158774
1.0,0.0,2.0,0.0,1.173417296352793,0.9505905409738891,0.48154108338246654,-1.2118584192988318,1.6054615809914987
0.0,2.0,1.0,1.0,-0.33034452819719434,-0.8676200392040571,0.41209306805564466,0.40903557216346226,-0.6323432303939834
1.0,2.0,2.0,0.0,-0.6645138225416359,1.2969163657696883,-0.8379712078271482,-1.2118584192988318,-0.14627033903205752
1.0,1.0,0.0,1.0,-0.16325988102497352,-0.3481313020103582,-0.6296271618466828,-0.4014114235676847,-0.2883531841993897
2.0,0.0,2.0,1.0,-0.33034452819719434,0.9505905409738891,0.41209306805564466,2.029929563625756,0.07433197320143187
0.0,2.0,0.0,2.0,-2.001190999919402,0.25793889138229054,0.689885129362932,-0.4014114235676847,-1.7465718582851677
1.0,0.0,1.0,1.0,-0.9986831168860775,-1.6468531449946056,-0.2823870852125736,0.40903557216346226,-1.391364745366837
1.0,2.0,2.0,1.0,-0.16325988102497352,0.8640090847749392,0.689885129362932,0.40903557216346226,0.20893677388627335
1.0,2.0,0.0,1.0,0.5050787076639097,-1.1273644078009066,0.8982291753433975,-0.4014114235676847,-0.10701060549897874
2.0,2.0,0.0,1.0,-1.3328524112305191,-1.387108776397756,-0.0740430392321081,-1.2118584192988318,-1.552142701740397
0.0,1.0,1.0,2.0,-0.6645138225416359,-0.6078756706072076,-0.0740430392321081,-0.4014114235676847,-0.8043382534912803
1.0,1.0,2.0,2.0,-0.16325988102497352,-1.3005273201988061,1.106573221323863,-0.4014114235676847,-0.6790810084095532
0.0,2.0,1.0,1.0,-1.4999370584027398,0.6908461723770396,-1.324107315114901,0.40903557216346226,-1.1782404776158386
1.0,1.0,1.0,1.0,-0.6645138225416359,-0.3481313020103582,1.037125205997041,-1.2118584192988318,-0.7146017197013862
1.0,1.0,0.0,0.0,0.5050787076639097,-0.3481313020103582,0.689885129362932,-0.4014114235676847,0.27997819646993927
1.0,1.0,2.0,2.0,-0.8315984697138568,-0.2615498458114084,0.2037490220751792,-1.2118584192988318,-0.8286418980593764
1.0,1.0,0.0,1.0,1.841755885041676,1.3834978219686382,-0.5601791465198609,0.40903557216346226,2.5757378525947274
1.0,0.0,1.0,0.0,-0.6645138225416359,0.25793889138229054,-1.2546592997880792,-1.2118584192988318,-0.5052164741916336
1.0,1.0,1.0,0.0,-0.4974291753694151,1.3834978219686382,1.2454692519775066,0.40903557216346226,0.06311490647769535
1.0,0.0,1.0,1.0,-0.33034452819719434,1.1237534533717888,-0.42128311586621725,-1.2118584192988318,0.14163437354385294
1.0,1.0,1.0,1.0,0.6721633548361304,-0.3481313020103582,-0.5601791465198609,0.40903557216346226,0.42206104163727176
0.0,1.0,1.0,1.0,0.0038247661472472732,0.43110180378019014,-1.1852112844612572,-1.2118584192988318,0.19024166268004516
2.0,0.0,2.0,2.0,-1.1657677640582984,0.43110180378019014,-0.14349105455892994,1.2194825678946093,-0.9221174540905163
0.0,2.0,1.0,2.0,0.6721633548361304,1.2969163657696883,-0.6296271618466828,0.40903557216346226,1.274558112641264
0.0,0.0,2.0,1.0,-0.33034452819719434,0.34452034758124034,1.5927093286116158,1.2194825678946093,-0.16122642799703987
0.0,0.0,2.0,1.0,1.006332649180572,-1.387108776397756,-0.9074192231539701,-0.4014114235676847,0.12293926233762476
1.0,1.0,2.0,2.0,-0.4974291753694151,-1.3005273201988061,-0.6296271618466828,-0.4014114235676847,-0.9221174540905159
1.0,1.0,1.0,2.0,0.0038247661472472732,-1.0407829516019567,0.9676771906702193,-1.2118584192988318,-0.4453921183317039
1.0,2.0,1.0,1.0,-1.1657677640582984,0.6908461723770396,-1.5324513610953665,0.40903557216346226,-0.8492065203862273
1.0,1.0,1.0,1.0,-0.9986831168860775,0.1713574351833407,0.5509890987092884,-1.2118584192988318,-0.8417284759037363
2.0,0.0,0.0,1.0,0.8392480020083513,0.7774276285759895,0.48154108338246654,0.40903557216346226,1.171735001007011
0.0,1.0,0.0,1.0,1.006332649180572,-0.2615498458114084,-0.42128311586621725,-0.4014114235676847,0.7548340211081283
1.0,1.0,1.0,1.0,-1.8341063527471815,0.08477597898439089,1.6621573439384376,0.40903557216346226,-1.6250536354446858
0.0,0.0,1.0,2.0,-0.8315984697138568,1.2969163657696883,1.6621573439384376,-1.2118584192988318,-0.32387389549122264
0.0,2.0,2.0,1.0,0.0038247661472472732,0.08477597898439089,-1.324107315114901,-0.4014114235676847,0.040680773030222335
1.0,2.0,0.0,2.0,-0.8315984697138568,-0.9542014954030069,-0.004595023905286278,0.40903557216346226,-1.0529832325341115
1.0,1.0,2.0,2.0,0.6721633548361304,0.7774276285759895,-0.9768672384807918,-0.4014114235676847,1.0053485112715823
1.0,2.0,2.0,2.0,0.3379940604916889,1.0371719971728388,-0.6990751771735045,-1.2118584192988318,0.7959632657618302
1.0,1.0,1.0,1.0,0.6721633548361304,-1.0407829516019567,-0.2823870852125736,0.40903557216346226,0.06311490647769535
1.0,2.0,2.0,2.0,0.17090941331946807,1.2103349095707385,1.3149172673043283,0.40903557216346226,0.7024877097306899
1.0,2.0,1.0,1.0,-2.001190999919402,-0.2615498458114084,0.8287811600165756,-1.2118584192988318,-1.8363083920750614
2.0,1.0,1.0,2.0,-0.33034452819719434,-0.7810385830051073,-0.21293906988575176,-1.2118584192988318,-0.5986920302227732
1.0,1.0,1.0,1.0,0.5050787076639097,-0.9542014954030069,-1.1157632691344355,1.2194825678946093,-0.02101309395033048
0.0,1.0,2.0,2.0,-1.1657677640582984,1.1237534533717888,-1.67134739174901,-0.4014114235676847,-0.7276882975457457
0.0,0.0,1.0,2.0,-1.3328524112305191,1.0371719971728388,-0.2823870852125736,-1.2118584192988318,-0.9239869652111388
2.0,1.0,1.0,2.0,-0.16325988102497352,-0.8676200392040571,1.3843652826311503,-1.2118584192988318,-0.5014774519503881
2.0,1.0,1.0,2.0,-1.6670217055749608,-0.5212942144082578,1.6621573439384376,0.40903557216346226,-1.604489013117835
2.0,1.0,0.0,1.0,0.5050787076639097,-1.387108776397756,1.3843652826311503,-0.4014114235676847,-0.2360068728219513
1.0,1.0,2.0,2.0,0.5050787076639097,0.34452034758124034,-0.9768672384807918,0.40903557216346226,0.623968242664533
2.0,1.0,2.0,1.0,0.3379940604916889,-0.5212942144082578,-0.7685231925003264,1.2194825678946093,0.05563686199520435
2.0,1.0,1.0,2.0,0.6721633548361304,-1.0407829516019567,1.5927093286116158,0.40903557216346226,0.06311490647769535
1.0,2.0,2.0,2.0,-0.8315984697138568,1.5566607343665377,-0.9768672384807918,-0.4014114235676847,-0.23974589506319713
2.0,1.0,1.0,1.0,0.5050787076639097,1.2969163657696883,1.3149172673043283,0.40903557216346226,1.0969545561820988
1.0,1.0,0.0,0.0,-1.6670217055749608,-0.3481313020103582,-0.49073113119303907,-0.4014114235676847,-1.5670987907053795
1.0,1.0,1.0,1.0,0.0038247661472472732,-1.7334346011935553,0.41209306805564466,1.2194825678946093,-0.7445138976313509
0.0,1.0,1.0,1.0,0.0038247661472472732,-1.7334346011935553,0.34264505272882284,0.40903557216346226,-0.7445138976313509
0.0,1.0,1.0,1.0,-1.3328524112305191,-0.08838693341350874,1.6621573439384376,0.40903557216346226,-1.2156307000282944
1.0,0.0,0.0,1.0,-0.4974291753694151,-1.1273644078009066,-0.9074192231539701,-1.2118584192988318,-0.8585540759893411
2.0,2.0,1.0,1.0,-0.6645138225416359,-0.08838693341350874,-0.0740430392321081,1.2194825678946093,-0.6248651859114921
2.0,1.0,1.0,1.0,0.6721633548361304,1.5566607343665377,-1.3935553304417228,-1.2118584192988318,1.4091629133261054
0.0,0.0,1.0,2.0,0.5050787076639097,-0.0018054772145589292,-0.21293906988575176,-1.2118584192988318,0.45197321956723646
1.0,2.0,1.0,2.0,-0.6645138225416359,0.7774276285759895,-1.4630033457685447,0.40903557216346226,-0.3257434066118454
1.0,0.0,1.0,1.0,-0.8315984697138568,-1.1273644078009066,-0.6990751771735045,2.029929563625756,-1.1090685661527953
1.0,1.0,0.0,2.0,-1.1657677640582984,-0.9542014954030069,-0.35183510053939543,-1.2118584192988318,-1.310975767180057
0.0,1.0,1.0,0.0,0.3379940604916889,0.43110180378019014,0.273197037402001,-0.4014114235676847,0.5080585531859196
0.0,1.0,0.0,1.0,0.0038247661472472732,-0.08838693341350874,-0.0740430392321081,0.40903557216346226,-0.03409967179468975
1.0,0.0,1.0,1.0,0.5050787076639097,0.9505905409738891,-0.14349105455892994,1.2194825678946093,0.9249595330848024
1.0,2.0,2.0,2.0,-2.001190999919402,1.7298236467644375,-0.2823870852125736,-1.2118584192988318,-1.4923183458804676
1.0,2.0,1.0,1.0,0.5050787076639097,1.1237534533717888,-1.2546592997880792,-0.4014114235676847,1.010957044633451
1.0,1.0,1.0,0.0,-1.1657677640582984,-0.8676200392040571,0.8287811600165756,-0.4014114235676847,-1.2866721226119606
0.0,1.0,1.0,1.0,-0.33034452819719434,-1.4736902325967058,-0.6296271618466828,0.40903557216346226,-0.8679016315924551
1.0,1.0,1.0,0.0,1.173417296352793,1.6432421905654877,-0.42128311586621725,0.40903557216346226,2.009275983046022
0.0,1.0,1.0,1.0,-0.16325988102497352,-1.1273644078009066,-1.3935553304417228,-0.4014114235676847,-0.6080395858258869
1.0,1.0,1.0,1.0,-1.6670217055749608,1.470079278167588,-0.6296271618466828,0.40903557216346226,-1.1745014553745932
1.0,1.0,1.0,0.0,-1.3328524112305191,-0.7810385830051073,-1.4630033457685447,-1.2118584192988318,-1.3951037676080826
0.0,1.0,1.0,1.0,-2.6695295886082855,0.9505905409738891,0.7593331446897538,1.2194825678946093,-2.307425194472005
1.0,1.0,1.0,1.0,0.17090941331946807,1.0371719971728388,-1.324107315114901,-1.2118584192988318,0.623968242664533
0.0,2.0,1.0,2.0,0.3379940604916889,1.470079278167588,-0.49073113119303907,4.461270550819197,1.0016094890303369
0.0,1.0,1.0,1.0,0.3379940604916889,1.5566607343665377,1.5232613132847939,-0.4014114235676847,1.0427387336840381
1.0,2.0,2.0,2.0,0.5050787076639097,0.7774276285759895,-1.1852112844612572,0.40903557216346226,0.8389620215361538
1.0,2.0,2.0,1.0,0.8392480020083513,0.43110180378019014,-0.49073113119303907,-0.4014114235676847,0.9847838889447318
0.0,1.0,2.0,2.0,0.5050787076639097,1.2103349095707385,1.7316053592652594,0.40903557216346226,1.0539558004077747
2.0,2.0,1.0,2.0,1.5075865906972346,0.34452034758124034,-1.324107315114901,1.2194825678946093,1.56620184745842
1.0,1.0,1.0,1.0,-2.001190999919402,-1.387108776397756,-0.6296271618466828,-0.4014114235676847,-2.030737548619832
1.0,2.0,1.0,1.0,0.0038247661472472732,-0.08838693341350874,-0.0740430392321081,-0.4014114235676847,-0.03409967179468975
2.0,1.0,1.0,2.0,0.8392480020083513,0.1713574351833407,1.6621573439384376,1.2194825678946093,0.8445705548980224
1.0,2.0,2.0,2.0,-0.4974291753694151,0.6908461723770396,1.3149172673043283,0.40903557216346226,-0.19113860592700424
1.0,2.0,1.0,1.0,0.5050787076639097,0.9505905409738891,0.9676771906702193,1.2194825678946093,0.9249595330848024
1.0,0.0,1.0,2.0,0.0038247661472472732,-0.434712758209308,0.06485299142153556,1.2194825678946093,-0.18366056144451323
2.0,1.0,1.0,1.0,-0.8315984697138568,-0.17496838961245856,-0.8379712078271482,-0.4014114235676847,-0.8005992312500344
0.0,1.0,1.0,2.0,0.8392480020083513,-0.0018054772145589292,-1.2546592997880792,0.40903557216346226,0.7510949988668828
1.0,2.0,2.0,1.0,0.5050787076639097,1.6432421905654877,-1.740795407075832,-0.4014114235676847,1.2689495792793961
0.0,2.0,1.0,1.0,-0.16325988102497352,-1.1273644078009066,1.1760212366506848,0.40903557216346226,-0.6080395858258869
1.0,1.0,2.0,1.0,0.8392480020083513,-0.6944571268061575,-0.9074192231539701,0.40903557216346226,0.3771927747423244
0.0,0.0,2.0,2.0,1.006332649180572,1.2103349095707385,1.1760212366506848,-0.4014114235676847,1.581157936423402
1.0,2.0,2.0,0.0,-1.3328524112305191,1.6432421905654877,-0.2823870852125736,0.40903557216346226,-0.7669480310788246
0.0,2.0,2.0,2.0,-0.33034452819719434,1.2969163657696883,0.689885129362932,0.40903557216346226,0.2089367738862727
1.0,1.0,2.0,2.0,-0.16325988102497352,1.1237534533717888,-1.324107315114901,-1.2118584192988318,0.31549890776177253
2.0,2.0,1.0,1.0,0.0038247661472472732,0.43110180378019014,-0.9768672384807918,0.40903557216346226,0.19024166268004516
2.0,1.0,0.0,2.0,0.17090941331946807,-1.5602716887956556,-0.0740430392321081,-1.2118584192988318,-0.5538237633278261
0.0,1.0,0.0,2.0,0.0038247661472472732,1.6432421905654877,-0.49073113119303907,-0.4014114235676847,0.7137047764544271
1.0,1.0,2.0,1.0,0.8392480020083513,-0.2615498458114084,-1.324107315114901,-0.4014114235676847,0.6108816648201734
0.0,2.0,2.0,1.0,-0.9986831168860775,-1.5602716887956556,-0.6990751771735045,1.2194825678946093,-1.365191589678118
1.0,1.0,1.0,1.0,-0.16325988102497352,0.7774276285759895,-1.3935553304417228,-0.4014114235676847,0.17341606259444006
1.0,1.0,1.0,1.0,-0.33034452819719434,0.1713574351833407,-0.004595023905286278,-1.2118584192988318,-0.22852882833946028
0.0,1.0,1.0,1.0,1.173417296352793,-1.4736902325967058,-1.3935553304417228,-0.4014114235676847,0.19211117380066825
1.0,1.0,0.0,1.0,1.3405019435250136,-0.5212942144082578,-0.9074192231539701,-0.4014114235676847,0.8856997995517236
2.0,2.0,2.0,0.0,0.17090941331946807,-1.0407829516019567,-1.740795407075832,1.2194825678946093,-0.3182653621293541
1.0,1.0,1.0,1.0,0.6721633548361304,-1.0407829516019567,-0.0740430392321081,-0.4014114235676847,0.06311490647769535
2.0,1.0,1.0,1.0,0.0038247661472472732,-1.7334346011935553,-0.14349105455892994,2.029929563625756,-0.7445138976313509
0.0,2.0,1.0,1.0,-0.8315984697138568,1.2103349095707385,-1.6018993764221883,-0.4014114235676847,-0.3519165623005646
2.0,1.0,2.0,1.0,-1.3328524112305191,-1.5602716887956556,-0.8379712078271482,-0.4014114235676847,-1.5970109686353442
0.0,2.0,1.0,2.0,-1.1657677640582984,0.6908461723770396,-0.6296271618466828,-0.4014114235676847,-0.8492065203862273
1.0,0.0,0.0,2.0,0.5050787076639097,-1.1273644078009066,1.5927093286116158,0.40903557216346226,-0.10701060549897874
1.0,1.0,1.0,2.0,1.3405019435250136,-1.4736902325967058,0.8982291753433975,0.40903557216346226,0.30989037439990397
1.0,1.0,0.0,2.0,-1.4999370584027398,0.7774276285759895,0.06485299142153556,-0.4014114235676847,-1.1576758552889876
2.0,0.0,1.0,1.0,0.0038247661472472732,-1.5602716887956556,0.689885129362932,2.840376559356903,-0.6697334528064391
1.0,0.0,2.0,2.0,-0.4974291753694151,-1.6468531449946056,-0.004595023905286278,0.40903557216346226,-1.049244210292866
1.0,1.0,2.0,1.0,0.8392480020083513,0.9505905409738891,-0.14349105455892994,0.40903557216346226,1.2652105570381507
1.0,2.0,1.0,1.0,0.8392480020083513,-1.2139458639998564,-0.35183510053939543,-0.4014114235676847,0.09676610664890556
1.0,1.0,1.0,1.0,0.8392480020083513,1.1237534533717888,-1.5324513610953665,-1.2118584192988318,1.3586861130692902
0.0,1.0,1.0,1.0,0.17090941331946807,0.25793889138229054,1.5232613132847939,0.40903557216346226,0.27063064086682515
0.0,1.0,1.0,1.0,-1.6670217055749608,0.43110180378019014,-0.7685231925003264,-0.4014114235676847,-1.398842789849328
1.0,1.0,1.0,1.0,-2.168275647091623,-0.6944571268061575,1.3149172673043283,2.029929563625756,-2.045693637584814
0.0,1.0,2.0,1.0,0.0038247661472472732,1.2103349095707385,0.9676771906702193,-1.2118584192988318,0.5267536643921472
1.0,2.0,0.0,2.0,-0.33034452819719434,1.5566607343665377,0.48154108338246654,1.2194825678946093,0.30989037439990397
1.0,2.0,1.0,1.0,-0.4974291753694151,-0.6078756706072076,0.689885129362932,0.40903557216346226,-0.6678639416858163
1.0,1.0,1.0,0.0,-0.8315984697138568,0.43110180378019014,-0.9768672384807918,-1.2118584192988318,-0.6043005635846415
1.0,0.0,1.0,1.0,-1.1657677640582984,-1.1273644078009066,1.037125205997041,0.40903557216346226,-1.3595830563162492
0.0,1.0,2.0,0.0,0.6721633548361304,-1.5602716887956556,0.5509890987092884,-0.4014114235676847,-0.20609469489198692
2.0,2.0,2.0,1.0,0.5050787076639097,0.8640090847749392,0.8287811600165756,-0.4014114235676847,0.8819607773104781
0.0,1.0,2.0,2.0,1.6746712378694553,-1.2139458639998564,-0.9768672384807918,-1.2118584192988318,0.7137047764544271
1.0,1.0,2.0,2.0,0.17090941331946807,1.3834978219686382,-1.5324513610953665,-1.2118584192988318,0.7810071767968475
1.0,2.0,2.0,1.0,-0.9986831168860775,-0.7810385830051073,0.13430100674835738,-1.2118584192988318,-1.129633188479646
1.0,1.0,0.0,2.0,0.5050787076639097,0.6042647161780897,1.2454692519775066,-0.4014114235676847,0.7529645099875059
2.0,2.0,0.0,1.0,-2.5024449414360648,-0.6078756706072076,0.9676771906702193,-0.4014114235676847,-2.305555683351382
1.0,1.0,0.0,2.0,-0.9986831168860775,1.3834978219686382,0.06485299142153556,-1.2118584192988318,-0.47530429626166887
1.0,0.0,1.0,2.0,1.5075865906972346,0.8640090847749392,1.3843652826311503,-1.2118584192988318,1.891496782446786
1.0,0.0,1.0,1.0,-1.1657677640582984,1.470079278167588,-0.35183510053939543,-1.2118584192988318,-0.6304737192733606
1.0,1.0,2.0,2.0,2.0088405322138967,0.6042647161780897,-1.3935553304417228,-1.2118584192988318,2.216791717435152
1.0,0.0,2.0,0.0,-1.1657677640582984,-1.0407829516019567,-1.0463152538076137,-0.4014114235676847,-1.3352794117481532
0.0,2.0,1.0,0.0,-0.8315984697138568,-0.08838693341350874,-0.9074192231539701,-0.4014114235676847,-0.7725565644406924
0.0,1.0,0.0,2.0,0.3379940604916889,-0.5212942144082578,-1.324107315114901,2.029929563625756,0.05563686199520435
1.0,1.0,0.0,1.0,-0.33034452819719434,-1.3005273201988061,0.8982291753433975,-0.4014114235676847,-0.8005992312500344
0.0,2.0,2.0,0.0,0.17090941331946807,-0.8676200392040571,-0.21293906988575176,1.2194825678946093,-0.23974589506319713
1.0,1.0,1.0,1.0,2.175925179386118,0.51768325997914,-0.42128311586621725,-1.2118584192988318,2.3177453179487824
1.0,0.0,1.0,1.0,0.3379940604916889,-0.6078756706072076,-0.5601791465198609,1.2194825678946093,0.014507617341502474
0.0,0.0,2.0,2.0,0.3379940604916889,-0.6944571268061575,0.2037490220751792,-0.4014114235676847,-0.026621627312198737
1.0,1.0,1.0,2.0,1.006332649180572,-1.5602716887956556,-0.42128311586621725,0.40903557216346226,0.02572468406523965
2.0,1.0,2.0,1.0,-0.9986831168860775,0.34452034758124034,-0.35183510053939543,0.40903557216346226,-0.789382164526298
0.0,1.0,1.0,1.0,-0.16325988102497352,-0.17496838961245856,-0.0740430392321081,0.40903557216346226,-0.21731176161572344
2.0,0.0,0.0,2.0,1.6746712378694553,1.5566607343665377,-1.740795407075832,-1.2118584192988318,2.508435452252307
0.0,1.0,1.0,1.0,0.8392480020083513,1.1237534533717888,-1.0463152538076137,-0.4014114235676847,1.3586861130692902
1.0,2.0,1.0,1.0,-0.33034452819719434,-1.5602716887956556,0.06485299142153556,0.40903557216346226,-0.9015528317636654
0.0,1.0,2.0,0.0,-0.16325988102497352,-1.3005273201988061,-0.49073113119303907,-0.4014114235676847,-0.6790810084095532
1.0,2.0,1.0,2.0,0.5050787076639097,-0.3481313020103582,0.41209306805564466,1.2194825678946093,0.27997819646993927
0.0,0.0,1.0,1.0,1.6746712378694553,1.2103349095707385,0.8982291753433975,0.40903557216346226,2.284094117777572
1.0,2.0,1.0,2.0,1.173417296352793,-1.4736902325967058,1.5927093286116158,-0.4014114235676847,0.19211117380066825
1.0,2.0,1.0,1.0,0.8392480020083513,-0.6944571268061575,-1.1852112844612572,-1.2118584192988318,0.3771927747423244
1.0,2.0,2.0,1.0,3.1784330624194426,1.470079278167588,1.106573221323863,0.40903557216346226,4.084433326937321
1.0,0.0,2.0,1.0,-0.4974291753694151,-1.387108776397756,-0.42128311586621725,-0.4014114235676847,-0.9538991431411035
1.0,2.0,2.0,1.0,-0.16325988102497352,1.2103349095707385,1.6621573439384376,-1.2118584192988318,0.3510196190536052
0.0,1.0,2.0,1.0,1.3405019435250136,1.2103349095707385,-1.0463152538076137,-0.4014114235676847,1.9326260271004874
2.0,1.0,0.0,2.0,-0.16325988102497352,-0.5212942144082578,-0.6990751771735045,-0.4014114235676847,-0.3593946067830556
1.0,1.0,2.0,1.0,1.173417296352793,-0.5212942144082578,-0.2823870852125736,-0.4014114235676847,0.7473559766256372
0.0,1.0,1.0,2.0,-0.6645138225416359,1.5566607343665377,0.689885129362932,-1.2118584192988318,-0.056533805242163435
1.0,1.0,2.0,1.0,1.5075865906972346,-1.387108776397756,-0.0740430392321081,-1.2118584192988318,0.4818853974972005
1.0,2.0,0.0,1.0,0.17090941331946807,0.6908461723770396,-0.42128311586621725,2.029929563625756,0.4669293085322185
0.0,0.0,1.0,1.0,-0.33034452819719434,-0.9542014954030069,-1.1157632691344355,-0.4014114235676847,-0.6659944305651939
1.0,2.0,0.0,1.0,-0.8315984697138568,-1.0407829516019567,-0.14349105455892994,-1.2118584192988318,-1.0810258993434532
0.0,1.0,2.0,0.0,1.5075865906972346,1.0371719971728388,-1.1852112844612572,0.40903557216346226,1.9999284274429079
2.0,0.0,1.0,1.0,0.5050787076639097,-0.08838693341350874,-0.6296271618466828,-0.4014114235676847,0.40897446379291214
1.0,1.0,1.0,1.0,-0.4974291753694151,-0.7810385830051073,1.037125205997041,2.840376559356903,-0.7314273197869913
1.0,0.0,0.0,1.0,-0.4974291753694151,1.0371719971728388,-1.2546592997880792,0.40903557216346226,-0.06401184972465444
1.0,2.0,0.0,1.0,0.0038247661472472732,-1.387108776397756,1.3843652826311503,2.029929563625756,-0.5949530079815274
0.0,2.0,1.0,1.0,0.5050787076639097,0.8640090847749392,1.3843652826311503,0.40903557216346226,0.8819607773104781
2.0,1.0,1.0,2.0,-0.8315984697138568,1.3834978219686382,-1.4630033457685447,1.2194825678946093,-0.29583122868188105
0.0,2.0,1.0,1.0,0.0038247661472472732,-0.7810385830051073,-1.0463152538076137,-1.2118584192988318,-0.33322145109433676
1.0,1.0,0.0,1.0,1.173417296352793,-0.9542014954030069,1.2454692519775066,-0.4014114235676847,0.49497197534156007
1.0,2.0,1.0,1.0,-0.6645138225416359,-1.0407829516019567,0.13430100674835738,-0.4014114235676847,-0.9538991431411035
1.0,1.0,1.0,1.0,0.5050787076639097,0.51768325997914,1.106573221323863,-1.2118584192988318,0.7099657542131815
2.0,0.0,1.0,0.0,-0.16325988102497352,1.3834978219686382,0.2037490220751792,-0.4014114235676847,0.4220610416372711
1.0,1.0,1.0,1.0,0.3379940604916889,0.9505905409738891,-0.0740430392321081,-0.4014114235676847,0.7548340211081283
0.0,1.0,1.0,0.0,0.5050787076639097,-0.434712758209308,0.8287811600165756,-1.2118584192988318,0.23697944069561497
2.0,2.0,2.0,1.0,0.0038247661472472732,0.25793889138229054,0.2037490220751792,1.2194825678946093,0.11546121785513308
0.0,1.0,1.0,1.0,0.3379940604916889,1.3834978219686382,-0.21293906988575176,-0.4014114235676847,0.960480244376635
1.0,1.0,1.0,1.0,0.0038247661472472732,0.08477597898439089,0.8287811600165756,-0.4014114235676847,0.040680773030222335
0.0,1.0,1.0,2.0,-1.4999370584027398,-0.3481313020103582,1.106573221323863,-0.4014114235676847,-1.4250159455380473
1.0,1.0,2.0,0.0,-0.33034452819719434,-0.08838693341350874,0.7593331446897538,1.2194825678946093,-0.3294824288530909
0.0,2.0,1.0,2.0,0.5050787076639097,1.2969163657696883,0.7593331446897538,-1.2118584192988318,1.0969545561820988
1.0,0.0,1.0,2.0,1.5075865906972346,1.1237534533717888,-1.4630033457685447,2.029929563625756,2.0541442499409692
2.0,1.0,2.0,2.0,1.006332649180572,1.2103349095707385,0.273197037402001,-0.4014114235676847,1.581157936423402
1.0,1.0,0.0,1.0,-1.3328524112305191,-0.0018054772145589292,1.037125205997041,1.2194825678946093,-1.1931965665808206
2.0,2.0,1.0,1.0,-0.9986831168860775,-0.5212942144082578,-0.21293906988575176,0.40903557216346226,-1.051113721413489
0.0,1.0,1.0,2.0,-0.16325988102497352,-0.6944571268061575,1.453813297957972,-0.4014114235676847,-0.4304360293667219
2.0,2.0,0.0,1.0,0.6721633548361304,-0.434712758209308,0.13430100674835738,-0.4014114235676847,0.3771927747423244
0.0,2.0,2.0,1.0,0.0038247661472472732,-1.0407829516019567,0.06485299142153556,0.40903557216346226,-0.4453921183317039
2.0,2.0,2.0,2.0,-2.6695295886082855,1.7298236467644375,-1.0463152538076137,-1.2118584192988318,-2.2401227941295847
1.0,2.0,1.0,1.0,-0.16325988102497352,-0.9542014954030069,1.5927093286116158,-1.2118584192988318,-0.536998163242221
0.0,1.0,0.0,1.0,2.3430098265583386,-1.6468531449946056,-0.8379712078271482,0.40903557216346226,0.8894388217929691
1.0,0.0,0.0,1.0,0.17090941331946807,1.470079278167588,0.2037490220751792,-1.2118584192988318,0.8202669103299263
2.0,2.0,2.0,1.0,-1.8341063527471815,0.34452034758124034,-1.0463152538076137,-0.4014114235676847,-1.5745768351878704
1.0,1.0,2.0,1.0,-0.33034452819719434,-0.9542014954030069,-1.0463152538076137,1.2194825678946093,-0.6659944305651939
1.0,0.0,2.0,2.0,1.6746712378694553,1.7298236467644375,-1.5324513610953665,0.40903557216346226,2.620606119489675
2.0,1.0,1.0,1.0,-1.1657677640582984,0.6908461723770396,-0.49073113119303907,-0.4014114235676847,-0.8492065203862273
1.0,0.0,1.0,1.0,0.6721633548361304,0.1713574351833407,-1.324107315114901,-0.4014114235676847,0.6912706430069534
0.0,1.0,2.0,2.0,-2.5024449414360648,1.2969163657696883,1.1760212366506848,-0.4014114235676847,-2.099909460082875
2.0,0.0,0.0,2.0,-0.8315984697138568,0.34452034758124034,0.9676771906702193,-0.4014114235676847,-0.6323432303939834
1.0,1.0,1.0,0.0,-1.4999370584027398,1.2969163657696883,1.1760212366506848,0.40903557216346226,-1.0342881213278838
0.0,1.0,1.0,2.0,-2.168275647091623,-0.5212942144082578,-0.6296271618466828,-0.4014114235676847,-2.019520481896095
1.0,1.0,2.0,1.0,-0.16325988102497352,0.6908461723770396,0.7593331446897538,2.029929563625756,0.13789535130260677
2.0,0.0,2.0,1.0,-0.4974291753694151,-1.0407829516019567,0.8287811600165756,-1.2118584192988318,-0.8267723869387537
1.0,1.0,1.0,1.0,0.6721633548361304,1.1237534533717888,1.453813297957972,2.840376559356903,1.1848215788513705
1.0,1.0,2.0,1.0,-1.8341063527471815,-1.3005273201988061,-0.5601791465198609,-0.4014114235676847,-1.894263236814368
2.0,1.0,1.0,1.0,1.173417296352793,-0.8676200392040571,1.6621573439384376,0.40903557216346226,0.5454487755983753
1.0,1.0,1.0,2.0,-0.9986831168860775,0.9505905409738891,1.3843652826311503,0.40903557216346226,-0.6061700747052642
2.0,1.0,1.0,1.0,0.8392480020083513,-0.8676200392040571,-1.324107315114901,-1.2118584192988318,0.28371721871118477
1.0,1.0,2.0,2.0,-0.4974291753694151,-1.0407829516019567,-0.2823870852125736,-0.4014114235676847,-0.8267723869387537
0.0,2.0,2.0,1.0,-0.9986831168860775,-0.2615498458114084,0.9676771906702193,-1.2118584192988318,-0.9725942543473313
1.0,0.0,1.0,1.0,1.006332649180572,-0.5212942144082578,-1.2546592997880792,-1.2118584192988318,0.6090121536995503
1.0,1.0,1.0,1.0,-0.16325988102497352,-1.2139458639998564,-0.0740430392321081,-0.4014114235676847,-0.6435602971177199
0.0,1.0,1.0,2.0,0.3379940604916889,-0.7810385830051073,-1.324107315114901,-1.2118584192988318,-0.06775087196590028
0.0,1.0,2.0,1.0,-1.1657677640582984,-0.7810385830051073,-1.67134739174901,2.029929563625756,-1.2623684780438642
1.0,1.0,2.0,0.0,2.0088405322138967,0.6042647161780897,-0.2823870852125736,-1.2118584192988318,2.216791717435152
0.0,1.0,1.0,1.0,-0.8315984697138568,1.1237534533717888,0.2037490220751792,-1.2118584192988318,-0.3799592291099062
1.0,2.0,0.0,1.0,0.6721633548361304,-0.3481313020103582,-0.14349105455892994,2.029929563625756,0.42206104163727176
1.0,1.0,0.0,1.0,1.6746712378694553,-0.6944571268061575,-0.14349105455892994,-1.2118584192988318,1.050216778166529
2.0,1.0,1.0,1.0,1.173417296352793,-0.0018054772145589292,-0.6990751771735045,-0.4014114235676847,1.0502167781665297
2.0,1.0,1.0,1.0,0.0038247661472472732,1.5566607343665377,0.9676771906702193,1.2194825678946093,0.6763145540419714
2.0,0.0,1.0,1.0,0.5050787076639097,0.9505905409738891,0.13430100674835738,-0.4014114235676847,0.9249595330848024
1.0,1.0,1.0,1.0,1.841755885041676,1.0371719971728388,-1.4630033457685447,-0.4014114235676847,2.3439184736375016
1.0,1.0,2.0,2.0,-0.33034452819719434,-0.7810385830051073,0.41209306805564466,-0.4014114235676847,-0.5986920302227732
1.0,1.0,1.0,0.0,-0.16325988102497352,0.1713574351833407,-0.5601791465198609,-1.2118584192988318,-0.07522891644839162
0.0,1.0,1.0,1.0,-0.4974291753694151,-1.4736902325967058,1.3149172673043283,-1.2118584192988318,-0.9856808321916909
1.0,1.0,0.0,1.0,-1.3328524112305191,-0.7810385830051073,1.7316053592652594,0.40903557216346226,-1.3951037676080826
0.0,1.0,2.0,2.0,0.0038247661472472732,-1.2139458639998564,1.106573221323863,-1.2118584192988318,-0.5201725631566156
2.0,2.0,2.0,2.0,-0.33034452819719434,-0.6944571268061575,0.34264505272882284,-0.4014114235676847,-0.565040830051563
1.0,1.0,2.0,1.0,-0.16325988102497352,0.43110180378019014,-0.0740430392321081,-0.4014114235676847,0.031333217427107575
1.0,1.0,2.0,2.0,-0.4974291753694151,-0.17496838961245856,-0.35183510053939543,0.40903557216346226,-0.5089554964328791
2.0,1.0,0.0,1.0,1.173417296352793,-0.5212942144082578,-0.7685231925003264,-0.4014114235676847,0.7473559766256372
1.0,0.0,1.0,2.0,0.3379940604916889,-1.3005273201988061,0.48154108338246654,0.40903557216346226,-0.3145263398881086
1.0,2.0,1.0,1.0,-0.9986831168860775,-0.0018054772145589292,0.41209306805564466,-0.4014114235676847,-0.8940747872811741
1.0,1.0,2.0,1.0,1.3405019435250136,-1.2139458639998564,-0.5601791465198609,-0.4014114235676847,0.4669293085322185
1.0,0.0,2.0,0.0,0.0038247661472472732,-0.434712758209308,-0.5601791465198609,-0.4014114235676847,-0.18366056144451323
1.0,0.0,1.0,1.0,-0.4974291753694151,0.1713574351833407,-0.8379712078271482,0.40903557216346226,-0.3818287402305293
2.0,2.0,0.0,1.0,-0.6645138225416359,-1.3005273201988061,1.5232613132847939,0.40903557216346226,-1.0436356769309976
2.0,1.0,1.0,1.0,-2.335360294263844,1.1237534533717888,-1.6018993764221883,-1.2118584192988318,-1.9447400370711834
1.0,2.0,1.0,1.0,2.0088405322138967,0.25793889138229054,-0.49073113119303907,1.2194825678946093,1.977494293995434
1.0,1.0,0.0,2.0,-0.8315984697138568,-0.6078756706072076,-1.67134739174901,0.40903557216346226,-0.9408125652967442
0.0,1.0,2.0,0.0,-2.5024449414360648,-1.3005273201988061,1.5927093286116158,-0.4014114235676847,-2.380336128176294
1.0,2.0,1.0,1.0,-0.33034452819719434,-1.3005273201988061,-0.7685231925003264,0.40903557216346226,-0.8005992312500344
1.0,1.0,1.0,1.0,-0.6645138225416359,0.1713574351833407,1.6621573439384376,1.2194825678946093,-0.5351286521215983
1.0,1.0,1.0,1.0,0.6721633548361304,-0.7810385830051073,0.41209306805564466,-1.2118584192988318,0.19771970716253617
2.0,1.0,1.0,1.0,-0.8315984697138568,1.2969163657696883,-0.9074192231539701,-1.2118584192988318,-0.32387389549122264
2.0,1.0,1.0,1.0,-0.9986831168860775,-0.8676200392040571,1.106573221323863,0.40903557216346226,-1.1558063441683653
1.0,0.0,1.0,1.0,-1.1657677640582984,0.9505905409738891,1.037125205997041,-0.4014114235676847,-0.7762955866819383
1.0,0.0,1.0,1.0,0.8392480020083513,-0.8676200392040571,-1.2546592997880792,2.029929563625756,0.28371721871118477
1.0,1.0,1.0,2.0,0.3379940604916889,-1.4736902325967058,1.5232613132847939,-0.4014114235676847,-0.39678482919551167
1.0,2.0,2.0,1.0,0.6721633548361304,0.43110180378019014,0.9676771906702193,-0.4014114235676847,0.8258754436917942
0.0,2.0,0.0,1.0,0.8392480020083513,1.7298236467644375,0.689885129362932,-0.4014114235676847,1.6858505591782789
1.0,1.0,1.0,1.0,-0.16325988102497352,0.43110180378019014,0.7593331446897538,-1.2118584192988318,0.031333217427107575
1.0,2.0,1.0,2.0,-0.33034452819719434,-1.1273644078009066,-1.67134739174901,-1.2118584192988318,-0.733296830907614
0.0,1.0,2.0,1.0,-0.16325988102497352,0.7774276285759895,-0.6296271618466828,-0.4014114235676847,0.17341606259444006
0.0,1.0,1.0,1.0,0.17090941331946807,-1.1273644078009066,1.453813297957972,1.2194825678946093,-0.35752509566243285
1.0,1.0,2.0,1.0,0.3379940604916889,0.1713574351833407,-1.1852112844612572,-1.2118584192988318,0.3846708192248154
1.0,0.0,1.0,1.0,-0.8315984697138568,0.51768325997914,1.5232613132847939,0.40903557216346226,-0.5762578967752995
1.0,0.0,1.0,1.0,0.0038247661472472732,-0.7810385830051073,-0.49073113119303907,-0.4014114235676847,-0.33322145109433676
1.0,1.0,0.0,2.0,-0.4974291753694151,-0.7810385830051073,-1.2546592997880792,1.2194825678946093,-0.7314273197869913
0.0,1.0,1.0,1.0,0.5050787076639097,-1.1273644078009066,-1.740795407075832,2.029929563625756,-0.10701060549897874
0.0,2.0,1.0,1.0,0.17090941331946807,-1.2139458639998564,0.06485299142153556,1.2194825678946093,-0.39678482919551133
2.0,1.0,1.0,1.0,0.5050787076639097,0.51768325997914,-0.2823870852125736,1.2194825678946093,0.7099657542131815
1.0,0.0,2.0,0.0,0.6721633548361304,-0.0018054772145589292,0.5509890987092884,-0.4014114235676847,0.60153410921706
2.0,0.0,0.0,1.0,-0.16325988102497352,-0.0018054772145589292,1.6621573439384376,-0.4014114235676847,-0.1462703390320572
2.0,0.0,2.0,1.0,0.8392480020083513,-0.5212942144082578,1.3149172673043283,-1.2118584192988318,0.470668330773464
1.0,2.0,2.0,2.0,0.5050787076639097,-0.17496838961245856,-1.0463152538076137,0.40903557216346226,0.36597570801858786
1.0,0.0,1.0,2.0,0.6721633548361304,0.6908461723770396,-1.1852112844612572,-0.4014114235676847,0.9604802443766357
0.0,1.0,0.0,1.0,-3.003698882952727,1.6432421905654877,-1.6018993764221883,-1.2118584192988318,-2.6177640404953886
0.0,1.0,1.0,1.0,-0.33034452819719434,-0.3481313020103582,0.8982291753433975,-0.4014114235676847,-0.4304360293667219
0.0,1.0,1.0,1.0,-0.6645138225416359,-1.1273644078009066,-1.5324513610953665,0.40903557216346226,-0.9838113210710682
1.0,0.0,1.0,1.0,-0.33034452819719434,0.51768325997914,-0.9074192231539701,2.029929563625756,-0.09392402765461914
0.0,2.0,1.0,1.0,0.0038247661472472732,1.2103349095707385,1.2454692519775066,-0.4014114235676847,0.5267536643921472
2.0,0.0,1.0,1.0,0.0038247661472472732,-1.5602716887956556,1.3149172673043283,1.2194825678946093,-0.6697334528064391
0.0,1.0,2.0,1.0,-0.33034452819719434,1.470079278167588,0.8982291753433975,-0.4014114235676847,0.27623917422869376
0.0,1.0,2.0,1.0,-1.4999370584027398,-0.8676200392040571,0.9676771906702193,0.40903557216346226,-1.5484036794991516
2.0,1.0,1.0,1.0,-0.9986831168860775,-0.3481313020103582,0.689885129362932,1.2194825678946093,-0.9987674100360505
1.0,1.0,0.0,1.0,0.3379940604916889,-0.6078756706072076,-1.1852112844612572,2.029929563625756,0.014507617341502474
1.0,2.0,1.0,1.0,0.5050787076639097,-0.6078756706072076,-1.2546592997880792,1.2194825678946093,0.15098192914696637
0.0,2.0,2.0,2.0,0.17090941331946807,-0.3481313020103582,-0.21293906988575176,-0.4014114235676847,-0.004187493864725048
2.0,2.0,2.0,1.0,-0.33034452819719434,-1.0407829516019567,0.8287811600165756,1.2194825678946093,-0.6996456307364038
1.0,2.0,2.0,2.0,0.3379940604916889,0.6042647161780897,-0.7685231925003264,0.40903557216346226,0.5903170424933227
2.0,1.0,1.0,1.0,-0.9986831168860775,-1.4736902325967058,-0.7685231925003264,-0.4014114235676847,-1.3390184339893987
1.0,1.0,2.0,2.0,-0.33034452819719434,-0.5212942144082578,1.106573221323863,-1.2118584192988318,-0.4977384297091422
1.0,1.0,1.0,1.0,-0.9986831168860775,0.1713574351833407,-0.6990751771735045,-0.4014114235676847,-0.8417284759037363
1.0,1.0,2.0,1.0,-0.4974291753694151,-0.434712758209308,0.34264505272882284,-0.4014114235676847,-0.6043005635846415
0.0,1.0,1.0,1.0,0.17090941331946807,0.6908461723770396,-0.8379712078271482,-0.4014114235676847,0.4669293085322185
0.0,1.0,0.0,1.0,2.0088405322138967,-1.3005273201988061,-1.2546592997880792,0.40903557216346226,0.9006558885167063
0.0,1.0,2.0,1.0,0.3379940604916889,-0.2615498458114084,0.689885129362932,0.40903557216346226,0.17902459595630865
2.0,2.0,1.0,1.0,0.0038247661472472732,-0.17496838961245856,0.34264505272882284,0.40903557216346226,-0.07148989420714545
1.0,2.0,0.0,0.0,1.173417296352793,0.25793889138229054,-1.0463152538076137,-1.2118584192988318,1.2016471789369756
0.0,0.0,2.0,2.0,0.6721633548361304,-1.3005273201988061,0.273197037402001,-0.4014114235676847,-0.07148989420714545
1.0,2.0,2.0,1.0,-0.16325988102497352,0.7774276285759895,1.3149172673043283,-1.2118584192988318,0.17341606259444006
1.0,2.0,2.0,1.0,-0.16325988102497352,1.2969163657696883,-0.49073113119303907,1.2194825678946093,0.38654033034543844
0.0,2.0,1.0,2.0,-0.4974291753694151,-0.8676200392040571,0.48154108338246654,0.40903557216346226,-0.763209008837579
2.0,2.0,1.0,1.0,-0.16325988102497352,-0.8676200392040571,-0.49073113119303907,-0.4014114235676847,-0.5014774519503881
1.0,1.0,0.0,0.0,-0.16325988102497352,-1.2139458639998564,-1.1852112844612572,2.840376559356903,-0.6435602971177199
0.0,1.0,1.0,1.0,-0.6645138225416359,-0.08838693341350874,0.48154108338246654,0.40903557216346226,-0.6248651859114921
2.0,1.0,0.0,1.0,0.17090941331946807,1.6432421905654877,-1.2546592997880792,0.40903557216346226,0.8987863773960831
1.0,1.0,2.0,2.0,0.0038247661472472732,-1.6468531449946056,0.41209306805564466,-1.2118584192988318,-0.7071236752188952
1.0,1.0,1.0,1.0,-0.8315984697138568,1.6432421905654877,-0.2823870852125736,-1.2118584192988318,-0.21170322825385518
1.0,2.0,1.0,1.0,-0.9986831168860775,-0.5212942144082578,1.7316053592652594,-0.4014114235676847,-1.051113721413489
0.0,2.0,0.0,1.0,-0.8315984697138568,-0.5212942144082578,-0.21293906988575176,0.40903557216346226,-0.9127698984874022
2.0,0.0,2.0,2.0,-3.003698882952727,1.5566607343665377,0.34264505272882284,0.40903557216346226,-2.6215030627366342
0.0,2.0,2.0,0.0,-0.16325988102497352,1.470079278167588,0.2037490220751792,-1.2118584192988318,0.45758175292910436
0.0,2.0,2.0,2.0,1.5075865906972346,1.3834978219686382,-1.324107315114901,-1.2118584192988318,2.216791717435152
1.0,2.0,0.0,2.0,-0.16325988102497352,0.1713574351833407,-0.2823870852125736,-0.4014114235676847,-0.07522891644839162
0.0,2.0,1.0,0.0,-0.16325988102497352,-1.5602716887956556,0.48154108338246654,-1.2118584192988318,-0.7856431422850524
1.0,1.0,2.0,1.0,1.006332649180572,-1.4736902325967058,-0.0740430392321081,-0.4014114235676847,0.07433197320143187
1.0,1.0,1.0,1.0,0.3379940604916889,0.7774276285759895,-1.4630033457685447,-0.4014114235676847,0.6725755318007258
1.0,1.0,2.0,1.0,-1.3328524112305191,1.2969163657696883,0.689885129362932,0.40903557216346226,-0.8566845648687187
1.0,1.0,0.0,2.0,0.6721633548361304,-0.434712758209308,1.3149172673043283,0.40903557216346226,0.3771927747423244
2.0,0.0,2.0,2.0,-1.1657677640582984,0.6908461723770396,0.8982291753433975,0.40903557216346226,-0.8492065203862273
1.0,1.0,0.0,2.0,-0.33034452819719434,-1.4736902325967058,-1.6018993764221883,0.40903557216346226,-0.8679016315924551
1.0,1.0,0.0,1.0,1.006332649180572,-0.08838693341350874,1.5232613132847939,-0.4014114235676847,0.8520485993805134
1.0,2.0,1.0,1.0,-1.8341063527471815,0.08477597898439089,-0.14349105455892994,-0.4014114235676847,-1.6250536354446858
1.0,2.0,1.0,2.0,0.5050787076639097,0.8640090847749392,-1.67134739174901,-1.2118584192988318,0.8819607773104781
1.0,2.0,0.0,2.0,0.17090941331946807,-0.08838693341350874,1.6621573439384376,0.40903557216346226,0.11359170673451066
1.0,1.0,1.0,1.0,1.3405019435250136,1.5566607343665377,-1.1157632691344355,-0.4014114235676847,2.14201127261024
1.0,0.0,2.0,1.0,-0.6645138225416359,0.8640090847749392,-1.67134739174901,-0.4014114235676847,-0.2958312286818807
2.0,1.0,1.0,0.0,1.5075865906972346,0.25793889138229054,-1.3935553304417228,0.40903557216346226,1.5119860249603592
0.0,2.0,2.0,2.0,0.5050787076639097,-1.4736902325967058,1.7316053592652594,0.40903557216346226,-0.2790056285962756
0.0,1.0,2.0,1.0,-1.1657677640582984,-0.08838693341350874,-0.8379712078271482,1.2194825678946093,-1.067939321499094
0.0,2.0,1.0,2.0,1.3405019435250136,-0.17496838961245856,0.7593331446897538,-1.2118584192988318,1.0950850450614764
0.0,1.0,2.0,1.0,0.17090941331946807,-0.08838693341350874,1.1760212366506848,-1.2118584192988318,0.11359170673451066
1.0,2.0,1.0,0.0,1.6746712378694553,0.51768325997914,0.2037490220751792,2.029929563625756,1.8354114488281024
0.0,1.0,2.0,1.0,2.175925179386118,0.6042647161780897,0.13430100674835738,-1.2118584192988318,2.3794391849293346
1.0,1.0,2.0,1.0,-0.8315984697138568,1.2103349095707385,-0.7685231925003264,0.40903557216346226,-0.3519165623005646
0.0,2.0,0.0,2.0,0.0038247661472472732,1.470079278167588,1.2454692519775066,-0.4014114235676847,0.638924331629515
1.0,2.0,1.0,2.0,0.17090941331946807,-0.6078756706072076,1.6621573439384376,-0.4014114235676847,-0.12196669446396109
2.0,1.0,1.0,1.0,1.173417296352793,-0.17496838961245856,0.06485299142153556,-0.4014114235676847,0.9492631776528991
0.0,2.0,1.0,1.0,1.006332649180572,0.9505905409738891,-1.2546592997880792,1.2194825678946093,1.4353360690148247
1.0,1.0,1.0,1.0,0.17090941331946807,-0.0018054772145589292,1.037125205997041,-1.2118584192988318,0.15285144026758946
1.0,0.0,1.0,2.0,1.6746712378694553,0.34452034758124034,1.3843652826311503,0.40903557216346226,1.7232407815907345
1.0,2.0,2.0,1.0,-0.6645138225416359,1.7298236467644375,0.48154108338246654,0.40903557216346226,0.003290550617765961
1.0,0.0,2.0,2.0,-0.6645138225416359,-0.17496838961245856,-0.9074192231539701,-1.2118584192988318,-0.6547773638414568
1.0,1.0,1.0,1.0,0.0038247661472472732,0.9505905409738891,0.8982291753433975,-0.4014114235676847,0.4145829971547801
1.0,1.0,1.0,1.0,0.3379940604916889,-1.7334346011935553,-1.6018993764221883,-1.2118584192988318,-0.520172563156616
1.0,1.0,0.0,1.0,-0.33034452819719434,-0.6944571268061575,0.6204371140361101,0.40903557216346226,-0.565040830051563
2.0,0.0,1.0,1.0,-0.16325988102497352,-0.08838693341350874,1.6621573439384376,-0.4014114235676847,-0.18179105032389015
1.0,2.0,2.0,0.0,-2.168275647091623,-1.387108776397756,0.41209306805564466,0.40903557216346226,-2.1503862603396904
1.0,1.0,1.0,1.0,-0.8315984697138568,1.1237534533717888,0.7593331446897538,-1.2118584192988318,-0.3799592291099062
1.0,2.0,0.0,0.0,-1.1657677640582984,-0.9542014954030069,1.3149172673043283,1.2194825678946093,-1.310975767180057
1.0,2.0,1.0,2.0,0.0038247661472472732,0.8640090847749392,-1.324107315114901,-1.2118584192988318,0.3771927747423244
1.0,2.0,1.0,2.0,-0.33034452819719434,0.9505905409738891,-0.42128311586621725,2.840376559356903,0.07433197320143187
2.0,2.0,1.0,0.0,-1.3328524112305191,0.1713574351833407,1.453813297957972,-1.2118584192988318,-1.148328299685874
1.0,1.0,1.0,1.0,1.5075865906972346,-1.0407829516019567,0.9676771906702193,-1.2118584192988318,0.6987486874894451
1.0,1.0,1.0,0.0,1.173417296352793,0.25793889138229054,1.3843652826311503,-1.2118584192988318,1.2016471789369756
1.0,0.0,1.0,2.0,0.8392480020083513,1.6432421905654877,-0.42128311586621725,-0.4014114235676847,1.639112781162709
2.0,0.0,1.0,2.0,-0.6645138225416359,-1.0407829516019567,0.689885129362932,-0.4014114235676847,-0.9538991431411035
0.0,1.0,1.0,0.0,0.6721633548361304,0.9505905409738891,-1.3935553304417228,-1.2118584192988318,1.0950850450614764
2.0,0.0,1.0,1.0,0.3379940604916889,1.5566607343665377,-1.324107315114901,-0.4014114235676847,1.0427387336840381
2.0,1.0,1.0,1.0,-0.8315984697138568,-0.6078756706072076,0.06485299142153556,0.40903557216346226,-0.9408125652967442
1.0,0.0,1.0,1.0,0.3379940604916889,-0.9542014954030069,0.6204371140361101,-1.2118584192988318,-0.15000936127330303
0.0,1.0,1.0,1.0,1.3405019435250136,-0.5212942144082578,1.453813297957972,-1.2118584192988318,0.8856997995517236
1.0,1.0,1.0,2.0,0.0038247661472472732,1.3834978219686382,-0.2823870852125736,2.840376559356903,0.6015341092170593
1.0,2.0,2.0,1.0,0.8392480020083513,-0.2615498458114084,0.689885129362932,0.40903557216346226,0.6108816648201734
0.0,2.0,1.0,2.0,1.173417296352793,1.6432421905654877,-1.5324513610953665,0.40903557216346226,2.009275983046022
2.0,1.0,2.0,2.0,-1.1657677640582984,-0.6078756706072076,-1.0463152538076137,-1.2118584192988318,-1.2137611889076716
1.0,1.0,2.0,1.0,-0.16325988102497352,-0.08838693341350874,-1.3935553304417228,1.2194825678946093,-0.18179105032389015
0.0,1.0,1.0,1.0,-0.4974291753694151,1.5566607343665377,0.8287811600165756,-1.2118584192988318,0.12667828457887026
1.0,1.0,1.0,2.0,-0.33034452819719434,0.7774276285759895,-1.5324513610953665,2.840376559356903,0.007029572859011466
1.0,2.0,1.0,1.0,-0.4974291753694151,-1.1273644078009066,-1.67134739174901,1.2194825678946093,-0.8585540759893411
0.0,1.0,1.0,1.0,-0.4974291753694151,1.470079278167588,-0.9768672384807918,0.40903557216346226,0.09489659552828247
1.0,1.0,0.0,2.0,-0.33034452819719434,-0.17496838961245856,-0.14349105455892994,-0.4014114235676847,-0.36313362902430113
1.0,1.0,1.0,1.0,-0.9986831168860775,1.7298236467644375,1.7316053592652594,1.2194825678946093,-0.37061167350679247
2.0,1.0,1.0,1.0,-1.8341063527471815,1.3834978219686382,0.48154108338246654,-1.2118584192988318,-1.3726696341606088
1.0,0.0,0.0,2.0,-0.8315984697138568,1.2103349095707385,0.13430100674835738,-0.4014114235676847,-0.3519165623005646
1.0,1.0,1.0,1.0,0.17090941331946807,-1.3005273201988061,-0.5601791465198609,-0.4014114235676847,-0.4360445627285901
1.0,1.0,2.0,1.0,2.3430098265583386,1.5566607343665377,0.273197037402001,-0.4014114235676847,3.241283811536442
0.0,0.0,1.0,1.0,0.8392480020083513,-0.8676200392040571,-0.9768672384807918,1.2194825678946093,0.28371721871118477
0.0,1.0,1.0,1.0,1.006332649180572,-1.3005273201988061,0.48154108338246654,-0.4014114235676847,0.17154655147381764
2.0,1.0,1.0,2.0,1.841755885041676,-0.0018054772145589292,-0.2823870852125736,0.40903557216346226,1.648460336765823
0.0,1.0,1.0,1.0,-1.4999370584027398,1.5566607343665377,0.48154108338246654,-0.4014114235676847,-0.9725942543473316
0.0,1.0,2.0,1.0,1.841755885041676,-0.3481313020103582,-0.35183510053939543,1.2194825678946093,1.4166409578085966
1.0,1.0,2.0,1.0,-2.335360294263844,-0.7810385830051073,0.689885129362932,-0.4014114235676847,-2.191515504993392
1.0,2.0,1.0,1.0,0.5050787076639097,-0.5212942144082578,1.3843652826311503,0.40903557216346226,0.19398068492129067
1.0,1.0,1.0,2.0,-2.001190999919402,-1.1273644078009066,1.1760212366506848,-1.2118584192988318,-1.9858692817248846
1.0,1.0,2.0,1.0,0.17090941331946807,-1.1273644078009066,-1.6018993764221883,1.2194825678946093,-0.35752509566243285
1.0,0.0,1.0,2.0,-2.168275647091623,-0.9542014954030069,0.8982291753433975,-1.2118584192988318,-2.084953371117893
1.0,0.0,1.0,1.0,0.0038247661472472732,1.6432421905654877,1.5232613132847939,0.40903557216346226,0.7137047764544271
1.0,0.0,2.0,1.0,-0.9986831168860775,-0.6944571268061575,0.9676771906702193,0.40903557216346226,-1.103460032790927
2.0,1.0,2.0,1.0,1.173417296352793,1.2103349095707385,-0.8379712078271482,-1.2118584192988318,1.7568919817619446
1.0,1.0,1.0,2.0,-1.4999370584027398,-1.6468531449946056,-0.9768672384807918,1.2194825678946093,-1.733485280440808
2.0,0.0,2.0,1.0,1.5075865906972346,-1.5602716887956556,-1.5324513610953665,-1.2118584192988318,0.3734537525010789
1.0,1.0,1.0,2.0,0.0038247661472472732,-0.08838693341350874,-0.2823870852125736,-0.4014114235676847,-0.03409967179468975
1.0,1.0,1.0,2.0,0.3379940604916889,0.6908461723770396,-0.21293906988575176,0.40903557216346226,0.631446287147024
0.0,0.0,1.0,2.0,0.5050787076639097,1.6432421905654877,-0.9768672384807918,0.40903557216346226,1.2689495792793961
1.0,1.0,2.0,2.0,1.841755885041676,-1.387108776397756,1.2454692519775066,-0.4014114235676847,0.7211828209369181
2.0,0.0,2.0,1.0,-0.33034452819719434,-1.5602716887956556,1.106573221323863,2.029929563625756,-0.9015528317636654
1.0,0.0,2.0,2.0,-0.8315984697138568,-1.3005273201988061,0.8287811600165756,-1.2118584192988318,-1.165153899771479
2.0,2.0,2.0,1.0,1.006332649180572,-1.2139458639998564,-0.2823870852125736,0.40903557216346226,0.22015384061000987
2.0,1.0,1.0,1.0,0.3379940604916889,-0.08838693341350874,1.5927093286116158,-1.2118584192988318,0.26128308526371175
1.0,1.0,0.0,2.0,0.17090941331946807,0.51768325997914,-1.324107315114901,-0.4014114235676847,0.3884098414660609
1.0,1.0,0.0,1.0,1.3405019435250136,-0.9542014954030069,1.5927093286116158,-1.2118584192988318,0.623968242664533
0.0,1.0,2.0,1.0,-1.1657677640582984,0.1713574351833407,-0.14349105455892994,2.029929563625756,-0.995028387794805
0.0,2.0,2.0,1.0,0.6721633548361304,-1.1273644078009066,0.13430100674835738,-1.2118584192988318,0.018246639582748643
2.0,1.0,0.0,1.0,0.8392480020083513,-1.5602716887956556,-0.9768672384807918,-0.4014114235676847,-0.09018500541337364
1.0,1.0,1.0,2.0,0.6721633548361304,-0.6078756706072076,1.6621573439384376,1.2194825678946093,0.2874562409524303
2.0,1.0,0.0,1.0,0.8392480020083513,-0.2615498458114084,-0.6990751771735045,-1.2118584192988318,0.6108816648201734
2.0,2.0,2.0,2.0,-1.3328524112305191,-0.0018054772145589292,1.1760212366506848,-0.4014114235676847,-1.1931965665808206
0.0,0.0,2.0,1.0,0.5050787076639097,-0.0018054772145589292,-0.8379712078271482,-1.2118584192988318,0.45197321956723646
1.0,1.0,0.0,1.0,-0.33034452819719434,1.470079278167588,0.8982291753433975,-1.2118584192988318,0.27623917422869376
1.0,1.0,1.0,0.0,2.175925179386118,-1.2139458639998564,0.13430100674835738,0.40903557216346226,1.08386797833774
1.0,2.0,1.0,1.0,1.841755885041676,1.2969163657696883,0.8287811600165756,0.40903557216346226,2.5177830078554213
0.0,1.0,0.0,2.0,1.173417296352793,0.08477597898439089,0.13430100674835738,-0.4014114235676847,1.1006935784233451
0.0,2.0,1.0,2.0,-1.8341063527471815,-0.8676200392040571,0.48154108338246654,0.40903557216346226,-1.8101352363863425
0.0,1.0,1.0,1.0,-0.4974291753694151,0.6042647161780897,-1.5324513610953665,1.2194825678946093,-0.22292029497759203
0.0,0.0,1.0,1.0,0.3379940604916889,-1.387108776397756,1.5927093286116158,-0.4014114235676847,-0.3556555845418101
1.0,1.0,1.0,1.0,0.17090941331946807,-1.1273644078009066,0.8982291753433975,-0.4014114235676847,-0.35752509566243285
0.0,0.0,1.0,1.0,0.5050787076639097,0.7774276285759895,0.689885129362932,-1.2118584192988318,0.8389620215361538
1.0,1.0,1.0,1.0,-0.8315984697138568,-1.3005273201988061,-1.5324513610953665,0.40903557216346226,-1.165153899771479
1.0,1.0,1.0,1.0,0.0038247661472472732,1.0371719971728388,-0.6296271618466828,0.40903557216346226,0.45197321956723646
0.0,2.0,0.0,1.0,-1.3328524112305191,0.1713574351833407,-0.9074192231539701,0.40903557216346226,-1.148328299685874
0.0,0.0,1.0,1.0,-0.33034452819719434,0.43110180378019014,-1.324107315114901,-1.2118584192988318,-0.12757522782582967
2.0,0.0,1.0,1.0,0.6721633548361304,-0.2615498458114084,1.1760212366506848,-1.2118584192988318,0.4669293085322185
1.0,1.0,2.0,2.0,-0.6645138225416359,0.25793889138229054,1.3843652826311503,0.40903557216346226,-0.5052164741916336
1.0,1.0,1.0,1.0,1.173417296352793,-0.434712758209308,-1.0463152538076137,2.029929563625756,0.7978327768824526
0.0,0.0,1.0,0.0,1.6746712378694553,0.6042647161780897,-0.004595023905286278,1.2194825678946093,1.891496782446786
1.0,2.0,2.0,1.0,-1.1657677640582984,-0.5212942144082578,-0.9768672384807918,0.40903557216346226,-1.1894575443395754
0.0,1.0,1.0,1.0,1.173417296352793,-0.17496838961245856,-1.3935553304417228,1.2194825678946093,0.9492631776528991
1.0,1.0,0.0,1.0,0.8392480020083513,0.7774276285759895,-1.1157632691344355,0.40903557216346226,1.171735001007011
1.0,1.0,1.0,2.0,0.3379940604916889,1.470079278167588,-1.2546592997880792,-1.2118584192988318,1.0016094890303369
1.0,0.0,1.0,2.0,-2.001190999919402,-0.0018054772145589292,0.689885129362932,-0.4014114235676847,-1.7914401251801144
1.0,0.0,0.0,1.0,-0.16325988102497352,-0.9542014954030069,1.037125205997041,-1.2118584192988318,-0.536998163242221
1.0,0.0,1.0,2.0,0.3379940604916889,-1.387108776397756,-1.0463152538076137,-0.4014114235676847,-0.3556555845418101
0.0,1.0,1.0,1.0,0.8392480020083513,0.6908461723770396,-0.35183510053939543,-0.4014114235676847,1.1249972229914411
1.0,2.0,2.0,1.0,-0.6645138225416359,0.25793889138229054,-1.324107315114901,1.2194825678946093,-0.5052164741916336
1.0,2.0,1.0,1.0,-1.1657677640582984,0.6908461723770396,-1.1157632691344355,-1.2118584192988318,-0.8492065203862273
2.0,0.0,2.0,1.0,1.3405019435250136,1.3834978219686382,-0.8379712078271482,-0.4014114235676847,2.0373186498553637
1.0,1.0,1.0,1.0,1.006332649180572,1.2103349095707385,0.9676771906702193,-1.2118584192988318,1.581157936423402
0.0,0.0,1.0,2.0,-0.16325988102497352,-0.2615498458114084,1.037125205997041,-0.4014114235676847,-0.2528324729075564
0.0,2.0,1.0,1.0,-0.4974291753694151,-0.7810385830051073,0.5509890987092884,0.40903557216346226,-0.7314273197869913
1.0,2.0,1.0,1.0,0.8392480020083513,1.6432421905654877,0.8982291753433975,1.2194825678946093,1.639112781162709
0.0,2.0,2.0,1.0,-0.33034452819719434,-0.9542014954030069,-0.9074192231539701,1.2194825678946093,-0.6659944305651939
2.0,1.0,1.0,2.0,-0.6645138225416359,0.9505905409738891,-0.8379712078271482,0.40903557216346226,-0.265919050751916
1.0,0.0,1.0,0.0,1.3405019435250136,-1.387108776397756,0.9676771906702193,-1.2118584192988318,0.36223668577734236
2.0,0.0,1.0,1.0,-1.4999370584027398,0.08477597898439089,-0.49073113119303907,0.40903557216346226,-1.3221928339037936
1.0,0.0,1.0,0.0,-0.9986831168860775,1.470079278167588,-0.14349105455892994,0.40903557216346226,-0.4491311405729497
1.0,0.0,0.0,1.0,0.5050787076639097,1.2103349095707385,0.5509890987092884,0.40903557216346226,1.0539558004077747
1.0,1.0,1.0,2.0,-1.3328524112305191,1.3834978219686382,-0.6990751771735045,0.40903557216346226,-0.834250431421245
1.0,0.0,1.0,2.0,0.6721633548361304,0.1713574351833407,-0.21293906988575176,-1.2118584192988318,0.6912706430069534
1.0,2.0,2.0,1.0,1.173417296352793,1.5566607343665377,-1.1852112844612572,-0.4014114235676847,1.9587991827892066
0.0,1.0,2.0,1.0,-0.6645138225416359,0.25793889138229054,-1.324107315114901,2.029929563625756,-0.5052164741916336
2.0,1.0,2.0,1.0,-3.170783530124948,0.6908461723770396,-0.21293906988575176,1.2194825678946093,-2.8234102637638956
2.0,2.0,2.0,1.0,0.5050787076639097,0.6042647161780897,1.106573221323863,-1.2118584192988318,0.7529645099875059
1.0,1.0,1.0,2.0,-0.6645138225416359,-1.2139458639998564,1.5232613132847939,2.840376559356903,-1.0137234990010329
0.0,1.0,2.0,1.0,0.8392480020083513,-1.2139458639998564,0.6204371140361101,0.40903557216346226,0.09676610664890556
1.0,1.0,2.0,2.0,-0.4974291753694151,0.6908461723770396,1.7316053592652594,-0.4014114235676847,-0.19113860592700424
0.0,1.0,0.0,0.0,-0.16325988102497352,1.3834978219686382,1.3843652826311503,0.40903557216346226,0.4220610416372711
0.0,2.0,2.0,1.0,0.0038247661472472732,1.3834978219686382,-1.2546592997880792,-0.4014114235676847,0.6015341092170593
1.0,0.0,0.0,2.0,-0.33034452819719434,1.1237534533717888,1.2454692519775066,1.2194825678946093,0.14163437354385294
2.0,1.0,2.0,1.0,0.0038247661472472732,-1.0407829516019567,1.106573221323863,2.029929563625756,-0.4453921183317039
1.0,2.0,0.0,1.0,0.3379940604916889,-0.08838693341350874,-1.1157632691344355,-1.2118584192988318,0.26128308526371175
0.0,2.0,2.0,2.0,-0.6645138225416359,-1.4736902325967058,-0.35183510053939543,0.40903557216346226,-1.103460032790927
1.0,1.0,1.0,2.0,0.0038247661472472732,0.6908461723770396,-0.49073113119303907,-1.2118584192988318,0.30241232991741296
1.0,1.0,1.0,2.0,1.3405019435250136,-1.3005273201988061,-0.7685231925003264,3.65082355508805,0.4145829971547801
1.0,1.0,2.0,0.0,-0.8315984697138568,0.1713574351833407,-0.004595023905286278,-0.4014114235676847,-0.6884285640126673
0.0,2.0,2.0,2.0,1.3405019435250136,-0.2615498458114084,-0.14349105455892994,1.2194825678946093,1.0427387336840388
1.0,0.0,1.0,2.0,0.0038247661472472732,-0.2615498458114084,-1.324107315114901,-0.4014114235676847,-0.1088801166196015
1.0,2.0,1.0,1.0,1.5075865906972346,1.2969163657696883,-0.35183510053939543,-0.4014114235676847,2.16257589493709
1.0,2.0,1.0,2.0,1.006332649180572,0.34452034758124034,-0.7685231925003264,-0.4014114235676847,1.0950850450614764
0.0,0.0,0.0,1.0,0.0038247661472472732,0.34452034758124034,-0.0740430392321081,-0.4014114235676847,0.15285144026758946
0.0,1.0,1.0,0.0,-1.4999370584027398,0.43110180378019014,0.273197037402001,0.40903557216346226,-1.2399343445963908
0.0,2.0,1.0,1.0,1.5075865906972346,1.3834978219686382,0.689885129362932,1.2194825678946093,2.216791717435152
1.0,1.0,1.0,1.0,0.0038247661472472732,-0.8676200392040571,-0.35183510053939543,-1.2118584192988318,-0.37061167350679247
0.0,2.0,2.0,1.0,-1.3328524112305191,1.3834978219686382,0.6204371140361101,1.2194825678946093,-0.834250431421245
1.0,0.0,1.0,1.0,0.5050787076639097,-1.387108776397756,1.106573221323863,0.40903557216346226,-0.2360068728219513
2.0,1.0,1.0,2.0,-0.9986831168860775,-0.9542014954030069,0.9676771906702193,0.40903557216346226,-1.181979499857084
1.0,0.0,1.0,1.0,-1.3328524112305191,-0.5212942144082578,-1.4630033457685447,0.40903557216346226,-1.3278013672656621
2.0,1.0,2.0,2.0,0.17090941331946807,1.470079278167588,1.6621573439384376,-0.4014114235676847,0.8202669103299263
0.0,0.0,0.0,2.0,-0.6645138225416359,1.2103349095707385,-1.324107315114901,0.40903557216346226,-0.17618251696202222
1.0,1.0,2.0,2.0,0.6721633548361304,-0.8676200392040571,-1.3935553304417228,2.029929563625756,0.1528514402675888
1.0,0.0,2.0,2.0,0.3379940604916889,0.1713574351833407,0.2037490220751792,1.2194825678946093,0.3846708192248154
0.0,0.0,0.0,2.0,-0.8315984697138568,0.08477597898439089,-0.004595023905286278,-0.4014114235676847,-0.7164712308220089
1.0,1.0,1.0,1.0,-0.33034452819719434,-0.6944571268061575,1.2454692519775066,-0.4014114235676847,-0.565040830051563
1.0,2.0,1.0,1.0,1.3405019435250136,0.34452034758124034,1.1760212366506848,-0.4014114235676847,1.4091629133261054
2.0,2.0,1.0,1.0,0.6721633548361304,1.6432421905654877,-1.5324513610953665,-0.4014114235676847,1.4540311802210522
0.0,2.0,2.0,1.0,0.0038247661472472732,-1.1273644078009066,-1.1157632691344355,-0.4014114235676847,-0.4827823407441599
1.0,0.0,2.0,1.0,-0.16325988102497352,0.8640090847749392,0.41209306805564466,0.40903557216346226,0.20893677388627335
0.0,2.0,2.0,1.0,1.3405019435250136,-0.9542014954030069,0.8982291753433975,0.40903557216346226,0.623968242664533
2.0,0.0,2.0,1.0,-1.6670217055749608,-0.2615498458114084,-0.7685231925003264,-0.4014114235676847,-1.5484036794991511
1.0,1.0,1.0,1.0,-2.6695295886082855,-0.3481313020103582,1.037125205997041,0.40903557216346226,-2.4195958617093725
1.0,2.0,2.0,1.0,0.6721633548361304,-1.3005273201988061,1.3149172673043283,0.40903557216346226,-0.07148989420714545
2.0,1.0,2.0,2.0,-0.8315984697138568,-0.17496838961245856,-1.2546592997880792,0.40903557216346226,-0.8005992312500344
1.0,1.0,2.0,2.0,0.6721633548361304,-0.0018054772145589292,1.7316053592652594,-0.4014114235676847,0.60153410921706
0.0,1.0,1.0,2.0,1.3405019435250136,1.470079278167588,1.2454692519775066,1.2194825678946093,2.0896649612328018
1.0,0.0,2.0,2.0,0.5050787076639097,0.7774276285759895,0.41209306805564466,0.40903557216346226,0.8389620215361538
1.0,1.0,2.0,1.0,-1.1657677640582984,1.3834978219686382,-0.9074192231539701,-1.2118584192988318,-0.6547773638414568
0.0,1.0,2.0,1.0,-0.4974291753694151,0.1713574351833407,-0.6990751771735045,2.029929563625756,-0.3818287402305293
1.0,1.0,1.0,2.0,-0.16325988102497352,-1.2139458639998564,0.5509890987092884,0.40903557216346226,-0.6435602971177199
0.0,0.0,0.0,1.0,0.3379940604916889,-0.0018054772145589292,-1.2546592997880792,-0.4014114235676847,0.30241232991741296
1.0,2.0,1.0,2.0,2.175925179386118,1.1237534533717888,1.453813297957972,-0.4014114235676847,2.7496023868126476
1.0,1.0,1.0,0.0,-0.9986831168860775,0.25793889138229054,1.037125205997041,-1.2118584192988318,-0.8155553202150171
0.0,2.0,0.0,1.0,0.8392480020083513,-0.5212942144082578,0.13430100674835738,-0.4014114235676847,0.470668330773464
1.0,1.0,0.0,1.0,1.006332649180572,-0.08838693341350874,-0.8379712078271482,-1.2118584192988318,0.8520485993805134
2.0,2.0,1.0,1.0,-0.33034452819719434,0.9505905409738891,0.7593331446897538,-0.4014114235676847,0.07433197320143187
2.0,0.0,0.0,1.0,0.6721633548361304,-0.08838693341350874,-0.49073113119303907,0.40903557216346226,0.5566658423221126
2.0,0.0,2.0,1.0,-0.6645138225416359,1.6432421905654877,0.13430100674835738,-1.2118584192988318,-0.026621627312198737
1.0,1.0,0.0,1.0,0.3379940604916889,-0.5212942144082578,-0.9768672384807918,-0.4014114235676847,0.05563686199520435
1.0,2.0,0.0,2.0,-0.8315984697138568,1.2969163657696883,-0.35183510053939543,0.40903557216346226,-0.32387389549122264
2.0,2.0,2.0,1.0,-1.8341063527471815,-1.5602716887956556,1.037125205997041,2.029929563625756,-1.9447400370711834
0.0,2.0,0.0,1.0,-2.001190999919402,0.51768325997914,1.5927093286116158,-0.4014114235676847,-1.7017035913902203
1.0,1.0,2.0,1.0,0.6721633548361304,0.1713574351833407,-1.740795407075832,-1.2118584192988318,0.6912706430069534
0.0,1.0,1.0,2.0,-1.1657677640582984,1.6432421905654877,0.13430100674835738,-1.2118584192988318,-0.5818664301371681
0.0,1.0,2.0,1.0,0.17090941331946807,-0.08838693341350874,-0.6296271618466828,0.40903557216346226,0.11359170673451066
1.0,0.0,1.0,1.0,-0.33034452819719434,1.5566607343665377,-0.6990751771735045,-0.4014114235676847,0.30989037439990397
2.0,2.0,2.0,1.0,0.17090941331946807,0.6908461723770396,1.1760212366506848,0.40903557216346226,0.4669293085322185
0.0,2.0,1.0,1.0,1.5075865906972346,-0.7810385830051073,1.1760212366506848,-0.4014114235676847,0.8613961549836274
1.0,2.0,1.0,0.0,1.5075865906972346,1.470079278167588,-0.0740430392321081,-0.4014114235676847,2.2710075399332124
1.0,1.0,1.0,0.0,-0.16325988102497352,-0.6078756706072076,1.3149172673043283,-0.4014114235676847,-0.3949153180748889
2.0,1.0,0.0,1.0,-0.33034452819719434,0.25793889138229054,-0.9074192231539701,0.40903557216346226,-0.19487762816825008
1.0,1.0,2.0,0.0,0.5050787076639097,-0.08838693341350874,1.5232613132847939,-0.4014114235676847,0.40897446379291214
0.0,2.0,2.0,2.0,0.0038247661472472732,1.470079278167588,1.5232613132847939,0.40903557216346226,0.638924331629515
1.0,0.0,2.0,1.0,1.006332649180572,-1.1273644078009066,0.7593331446897538,0.40903557216346226,0.26876112974620275
0.0,1.0,2.0,2.0,1.173417296352793,0.9505905409738891,-0.004595023905286278,-0.4014114235676847,1.6054615809914987
1.0,1.0,0.0,1.0,1.5075865906972346,1.3834978219686382,-0.21293906988575176,-0.4014114235676847,2.216791717435152
0.0,1.0,0.0,1.0,0.8392480020083513,-0.7810385830051073,-0.0740430392321081,2.029929563625756,0.33045499672675455
2.0,1.0,1.0,0.0,-0.4974291753694151,1.0371719971728388,-0.49073113119303907,-1.2118584192988318,-0.06401184972465444
2.0,2.0,2.0,1.0,-0.8315984697138568,-0.8676200392040571,0.689885129362932,-1.2118584192988318,-1.0249405657247697
2.0,1.0,1.0,2.0,-0.9986831168860775,1.2103349095707385,0.5509890987092884,0.40903557216346226,-0.527650607639107
2.0,1.0,1.0,1.0,0.8392480020083513,-1.6468531449946056,0.41209306805564466,-1.2118584192988318,-0.13692278342894343
0.0,1.0,1.0,2.0,-0.6645138225416359,-0.6078756706072076,-0.9768672384807918,2.029929563625756,-0.8043382534912803
0.0,0.0,1.0,2.0,2.0088405322138967,0.6908461723770396,-1.1852112844612572,1.2194825678946093,2.2766160732950813
0.0,0.0,2.0,2.0,1.5075865906972346,-0.8676200392040571,1.5232613132847939,1.2194825678946093,0.807180332485566
0.0,1.0,1.0,2.0,0.0038247661472472732,-0.6078756706072076,0.48154108338246654,-0.4014114235676847,-0.258441006269425
2.0,2.0,1.0,0.0,0.0038247661472472732,1.470079278167588,0.41209306805564466,0.40903557216346226,0.638924331629515
1.0,1.0,0.0,2.0,0.0038247661472472732,0.1713574351833407,-0.49073113119303907,0.40903557216346226,0.07807099544267737
1.0,1.0,1.0,2.0,-1.4999370584027398,-1.2139458639998564,-0.0740430392321081,1.2194825678946093,-1.6306621688065543
2.0,1.0,1.0,2.0,-0.16325988102497352,-0.9542014954030069,-0.9768672384807918,1.2194825678946093,-0.536998163242221
1.0,2.0,0.0,1.0,0.3379940604916889,-1.3005273201988061,1.106573221323863,0.40903557216346226,-0.3145263398881086
0.0,2.0,1.0,1.0,-0.33034452819719434,1.470079278167588,-0.004595023905286278,-1.2118584192988318,0.27623917422869376
2.0,1.0,2.0,1.0,-1.1657677640582984,0.8640090847749392,1.6621573439384376,-0.4014114235676847,-0.8005992312500344
0.0,0.0,2.0,1.0,-0.9986831168860775,0.34452034758124034,-0.9768672384807918,-0.4014114235676847,-0.789382164526298
0.0,2.0,1.0,1.0,0.0038247661472472732,1.1237534533717888,0.2037490220751792,-0.4014114235676847,0.48936344197969217
1.0,2.0,2.0,0.0,-0.8315984697138568,1.3834978219686382,0.48154108338246654,0.40903557216346226,-0.29583122868188105
1.0,1.0,1.0,0.0,0.0038247661472472732,1.2969163657696883,-0.0740430392321081,-0.4014114235676847,0.5641438868046036
2.0,1.0,0.0,1.0,-0.33034452819719434,0.08477597898439089,-0.35183510053939543,-1.2118584192988318,-0.2621800285106702
0.0,0.0,2.0,0.0,-0.9986831168860775,-1.3005273201988061,0.48154108338246654,-0.4014114235676847,-1.2866721226119606
1.0,0.0,2.0,1.0,-0.4974291753694151,-1.0407829516019567,-1.5324513610953665,-1.2118584192988318,-0.8267723869387537
1.0,2.0,1.0,2.0,1.3405019435250136,-1.0407829516019567,-0.8379712078271482,-1.2118584192988318,0.5716219312870953
1.0,1.0,1.0,1.0,1.173417296352793,0.6908461723770396,1.037125205997041,1.2194825678946093,1.4540311802210528
1.0,1.0,1.0,1.0,1.173417296352793,-1.3005273201988061,-1.67134739174901,0.40903557216346226,0.29306477431429884
0.0,1.0,1.0,1.0,0.5050787076639097,-0.6944571268061575,-0.42128311586621725,0.40903557216346226,0.10798317337264207
1.0,2.0,1.0,0.0,-0.33034452819719434,-0.2615498458114084,0.34264505272882284,-0.4014114235676847,-0.39678482919551167
1.0,0.0,1.0,0.0,-0.16325988102497352,1.2103349095707385,-1.67134739174901,1.2194825678946093,0.3510196190536052
0.0,1.0,2.0,2.0,0.17090941331946807,1.2103349095707385,1.3843652826311503,-1.2118584192988318,0.7024877097306899
2.0,0.0,1.0,1.0,-1.4999370584027398,-0.3481313020103582,0.5509890987092884,1.2194825678946093,-1.4250159455380473
0.0,1.0,1.0,2.0,0.17090941331946807,-0.3481313020103582,-0.6990751771735045,0.40903557216346226,-0.004187493864725048
2.0,2.0,2.0,2.0,-1.1657677640582984,0.43110180378019014,-0.9768672384807918,1.2194825678946093,-0.9221174540905163
0.0,1.0,2.0,2.0,0.5050787076639097,0.08477597898439089,-1.1157632691344355,0.40903557216346226,0.49497197534156073
2.0,2.0,1.0,2.0,0.0038247661472472732,-0.7810385830051073,-1.6018993764221883,-0.4014114235676847,-0.33322145109433676
1.0,2.0,2.0,1.0,2.0088405322138967,-0.9542014954030069,-0.7685231925003264,-1.2118584192988318,1.1399533119564231
1.0,2.0,0.0,1.0,2.5100944737305593,-0.17496838961245856,1.6621573439384376,-0.4014114235676847,2.115838116921521
1.0,2.0,0.0,1.0,-0.16325988102497352,0.9505905409738891,-1.0463152538076137,0.40903557216346226,0.24445748517810598
0.0,2.0,1.0,2.0,-0.16325988102497352,0.1713574351833407,-1.1852112844612572,0.40903557216346226,-0.07522891644839162
1.0,0.0,1.0,1.0,-0.6645138225416359,-0.08838693341350874,0.8287811600165756,-0.4014114235676847,-0.6248651859114921
2.0,1.0,2.0,1.0,0.6721633548361304,-0.0018054772145589292,-0.6296271618466828,-0.4014114235676847,0.60153410921706
1.0,2.0,1.0,1.0,0.8392480020083513,-0.9542014954030069,-1.324107315114901,0.40903557216346226,0.23697944069561497
1.0,0.0,1.0,1.0,-0.4974291753694151,-1.1273644078009066,-0.9074192231539701,-1.2118584192988318,-0.8585540759893411
1.0,1.0,2.0,2.0,0.17090941331946807,1.5566607343665377,-0.35183510053939543,-1.2118584192988318,0.8595266438630044
0.0,1.0,2.0,1.0,-0.4974291753694151,-0.6078756706072076,-0.9074192231539701,0.40903557216346226,-0.6678639416858163
0.0,0.0,1.0,2.0,-0.16325988102497352,-1.3005273201988061,1.2454692519775066,-0.4014114235676847,-0.6790810084095532
0.0,1.0,2.0,1.0,0.5050787076639097,-0.3481313020103582,-1.6018993764221883,1.2194825678946093,0.27997819646993927
0.0,1.0,0.0,1.0,0.17090941331946807,-0.5212942144082578,-1.6018993764221883,-0.4014114235676847,-0.08270696093088263
2.0,2.0,1.0,1.0,-1.1657677640582984,1.470079278167588,-0.6990751771735045,-0.4014114235676847,-0.6304737192733606
1.0,2.0,0.0,2.0,0.8392480020083513,0.1713574351833407,-0.49073113119303907,-0.4014114235676847,0.8445705548980224
1.0,0.0,1.0,2.0,-0.8315984697138568,-1.2139458639998564,-1.5324513610953665,0.40903557216346226,-1.1371112329621371
0.0,1.0,0.0,1.0,-0.16325988102497352,-0.8676200392040571,0.7593331446897538,0.40903557216346226,-0.5014774519503881
0.0,2.0,1.0,1.0,-0.16325988102497352,0.25793889138229054,1.037125205997041,1.2194825678946093,-0.03970820515655834
0.0,0.0,1.0,1.0,-0.8315984697138568,-0.2615498458114084,1.3843652826311503,2.029929563625756,-0.8286418980593764
2.0,2.0,1.0,1.0,0.8392480020083513,-0.6078756706072076,-1.4630033457685447,0.40903557216346226,0.42393055275789415
1.0,0.0,0.0,1.0,0.3379940604916889,0.51768325997914,-1.4630033457685447,0.40903557216346226,0.5491877978396209
1.0,1.0,1.0,2.0,0.3379940604916889,0.9505905409738891,-0.7685231925003264,-0.4014114235676847,0.7548340211081283
0.0,0.0,1.0,1.0,0.0038247661472472732,0.7774276285759895,1.3843652826311503,1.2194825678946093,0.33980255232986867
2.0,2.0,1.0,1.0,-2.335360294263844,0.43110180378019014,-0.35183510053939543,-1.2118584192988318,-2.0344765708610772
0.0,2.0,1.0,1.0,-0.33034452819719434,0.9505905409738891,-0.14349105455892994,-1.2118584192988318,0.07433197320143187
2.0,1.0,0.0,2.0,0.8392480020083513,-0.434712758209308,-0.004595023905286278,0.40903557216346226,0.5174061087890338
1.0,1.0,2.0,2.0,-0.8315984697138568,-1.6468531449946056,-1.4630033457685447,-1.2118584192988318,-1.2773245670088464
1.0,1.0,1.0,1.0,-0.9986831168860775,1.470079278167588,-1.4630033457685447,1.2194825678946093,-0.4491311405729497
0.0,1.0,1.0,2.0,-0.33034452819719434,-0.434712758209308,0.8982291753433975,0.40903557216346226,-0.464087229537932
1.0,1.0,1.0,1.0,0.17090941331946807,1.1237534533717888,-0.5601791465198609,-0.4014114235676847,0.6632279761976118
1.0,1.0,2.0,0.0,-0.33034452819719434,0.34452034758124034,-0.2823870852125736,2.029929563625756,-0.16122642799703987
1.0,0.0,1.0,1.0,0.5050787076639097,1.6432421905654877,-0.14349105455892994,-1.2118584192988318,1.2689495792793961
1.0,0.0,1.0,0.0,1.3405019435250136,0.1713574351833407,1.3843652826311503,-1.2118584192988318,1.3044702905712287
1.0,1.0,1.0,1.0,1.5075865906972346,1.7298236467644375,0.8287811600165756,1.2194825678946093,2.4336550074273955
1.0,1.0,2.0,1.0,-0.8315984697138568,-1.5602716887956556,-0.35183510053939543,-0.4014114235676847,-1.2492819001995046
1.0,2.0,0.0,2.0,0.3379940604916889,1.2969163657696883,-1.3935553304417228,0.40903557216346226,0.9193509997229338
0.0,1.0,1.0,1.0,-1.4999370584027398,-0.08838693341350874,-0.2823870852125736,-0.4014114235676847,-1.3633220785574949
1.0,2.0,0.0,1.0,0.6721633548361304,1.0371719971728388,-1.2546592997880792,1.2194825678946093,1.1399533119564238
0.0,1.0,0.0,1.0,0.0038247661472472732,-1.4736902325967058,0.5509890987092884,2.029929563625756,-0.6323432303939834
0.0,2.0,1.0,0.0,1.006332649180572,-0.434712758209308,-0.35183510053939543,-1.2118584192988318,0.6576194428357431
1.0,1.0,2.0,0.0,0.17090941331946807,0.9505905409738891,0.6204371140361101,-0.4014114235676847,0.5847085091314542
1.0,1.0,2.0,2.0,1.5075865906972346,-0.5212942144082578,-0.42128311586621725,-0.4014114235676847,1.0240436224778107
0.0,0.0,2.0,1.0,1.841755885041676,-1.0407829516019567,-0.6296271618466828,-1.2118584192988318,0.9530021998941447
1.0,1.0,2.0,1.0,0.0038247661472472732,1.5566607343665377,0.9676771906702193,-0.4014114235676847,0.6763145540419714
2.0,0.0,1.0,2.0,-0.8315984697138568,-0.7810385830051073,-1.0463152538076137,2.840376559356903,-0.996897898915428
1.0,1.0,0.0,1.0,0.5050787076639097,-1.5602716887956556,0.8287811600165756,-0.4014114235676847,-0.3220043843705999
1.0,2.0,2.0,1.0,0.17090941331946807,-0.6944571268061575,-0.14349105455892994,-0.4014114235676847,-0.16122642799703987
0.0,1.0,0.0,1.0,3.011348415247222,0.1713574351833407,1.5232613132847939,0.40903557216346226,2.837469409481918
1.0,0.0,1.0,2.0,0.0038247661472472732,-1.387108776397756,0.7593331446897538,-1.2118584192988318,-0.5949530079815274
0.0,1.0,2.0,2.0,0.17090941331946807,1.5566607343665377,-0.8379712078271482,-1.2118584192988318,0.8595266438630044
0.0,0.0,0.0,1.0,0.17090941331946807,-0.8676200392040571,-0.14349105455892994,-1.2118584192988318,-0.23974589506319713
1.0,1.0,1.0,2.0,1.173417296352793,0.6042647161780897,-1.324107315114901,1.2194825678946093,1.403554379964237
0.0,1.0,1.0,1.0,0.6721633548361304,-1.7334346011935553,0.689885129362932,-0.4014114235676847,-0.29583122868188105
0.0,2.0,1.0,2.0,-0.9986831168860775,-0.5212942144082578,-0.8379712078271482,0.40903557216346226,-1.051113721413489
1.0,1.0,1.0,1.0,-0.8315984697138568,0.51768325997914,-1.2546592997880792,-0.4014114235676847,-0.5762578967752995
1.0,2.0,2.0,1.0,0.17090941331946807,1.0371719971728388,-1.1852112844612572,0.40903557216346226,0.623968242664533
1.0,2.0,1.0,2.0,-0.16325988102497352,-0.08838693341350874,-0.49073113119303907,0.40903557216346226,-0.18179105032389015
0.0,1.0,0.0,1.0,-2.335360294263844,-1.1273644078009066,1.6621573439384376,-1.2118584192988318,-2.2363837718883386
0.0,1.0,1.0,1.0,-0.16325988102497352,-1.0407829516019567,1.5927093286116158,0.40903557216346226,-0.5725188745340537
0.0,0.0,2.0,1.0,2.0088405322138967,-1.387108776397756,-1.5324513610953665,-0.4014114235676847,0.8408315326567769
0.0,2.0,2.0,1.0,-0.8315984697138568,-0.17496838961245856,-0.004595023905286278,-0.4014114235676847,-0.8005992312500344
0.0,1.0,2.0,1.0,1.3405019435250136,0.1713574351833407,0.48154108338246654,-0.4014114235676847,1.3044702905712287
2.0,1.0,0.0,1.0,0.17090941331946807,0.08477597898439089,-0.6990751771735045,-0.4014114235676847,0.19211117380066825
0.0,0.0,1.0,1.0,0.3379940604916889,-1.387108776397756,1.106573221323863,-1.2118584192988318,-0.3556555845418101
2.0,1.0,2.0,1.0,-1.1657677640582984,-0.17496838961245856,1.453813297957972,0.40903557216346226,-1.0922429660671902
0.0,1.0,1.0,1.0,-0.33034452819719434,1.2969163657696883,1.453813297957972,2.029929563625756,0.2089367738862727
0.0,2.0,2.0,1.0,0.8392480020083513,0.1713574351833407,1.3149172673043283,0.40903557216346226,0.8445705548980224
0.0,0.0,1.0,0.0,0.8392480020083513,0.6908461723770396,1.5927093286116158,-0.4014114235676847,1.1249972229914411
1.0,1.0,1.0,1.0,-1.3328524112305191,0.6908461723770396,-0.6990751771735045,-1.2118584192988318,-1.0137234990010329
1.0,0.0,2.0,1.0,1.006332649180572,-0.7810385830051073,1.6621573439384376,-0.4014114235676847,0.463190286290973
1.0,1.0,1.0,1.0,1.841755885041676,-0.3481313020103582,0.5509890987092884,0.40903557216346226,1.4166409578085966
2.0,0.0,1.0,2.0,0.0038247661472472732,-1.0407829516019567,1.5927093286116158,-1.2118584192988318,-0.4453921183317039
1.0,0.0,1.0,1.0,-0.8315984697138568,0.34452034758124034,1.1760212366506848,1.2194825678946093,-0.6323432303939834
1.0,1.0,0.0,1.0,0.3379940604916889,0.8640090847749392,-0.21293906988575176,-1.2118584192988318,0.7137047764544271
1.0,1.0,0.0,2.0,0.6721633548361304,-0.7810385830051073,0.34264505272882284,0.40903557216346226,0.19771970716253617
1.0,2.0,0.0,0.0,-0.33034452819719434,0.25793889138229054,0.06485299142153556,-1.2118584192988318,-0.19487762816825008
1.0,2.0,1.0,1.0,-2.168275647091623,-1.5602716887956556,-0.0740430392321081,1.2194825678946093,-2.1765594160284096
1.0,0.0,2.0,1.0,-1.4999370584027398,0.08477597898439089,-0.8379712078271482,1.2194825678946093,-1.3221928339037936
0.0,2.0,2.0,2.0,-0.4974291753694151,1.3834978219686382,-0.9768672384807918,-0.4014114235676847,0.06311490647769535
1.0,1.0,2.0,2.0,1.006332649180572,-0.6078756706072076,0.13430100674835738,-1.2118584192988318,0.560404864563358
0.0,2.0,1.0,1.0,-0.4974291753694151,1.1237534533717888,0.06485299142153556,-1.2118584192988318,-0.032230160674067
0.0,1.0,1.0,1.0,0.5050787076639097,-0.0018054772145589292,1.106573221323863,2.840376559356903,0.45197321956723646
1.0,0.0,2.0,1.0,0.6721633548361304,-1.5602716887956556,1.106573221323863,0.40903557216346226,-0.20609469489198692
1.0,1.0,0.0,2.0,1.173417296352793,-0.6944571268061575,-0.49073113119303907,-1.2118584192988318,0.646402376112006
1.0,0.0,0.0,1.0,2.0088405322138967,-0.434712758209308,-1.3935553304417228,-0.4014114235676847,1.4988994471159995
0.0,1.0,2.0,1.0,1.841755885041676,-1.4736902325967058,0.7593331446897538,-1.2118584192988318,0.6632279761976118
1.0,1.0,0.0,2.0,-1.3328524112305191,1.3834978219686382,0.06485299142153556,0.40903557216346226,-0.834250431421245
1.0,2.0,2.0,1.0,-0.4974291753694151,-0.0018054772145589292,-1.2546592997880792,2.029929563625756,-0.4453921183317039
0.0,2.0,1.0,1.0,0.0038247661472472732,-0.08838693341350874,-0.6296271618466828,1.2194825678946093,-0.03409967179468975
0.0,2.0,0.0,1.0,-0.33034452819719434,-1.1273644078009066,-0.14349105455892994,-1.2118584192988318,-0.733296830907614
2.0,1.0,2.0,2.0,-0.8315984697138568,-0.434712758209308,1.106573221323863,-1.2118584192988318,-0.8847272316780602
0.0,1.0,1.0,2.0,0.0038247661472472732,-0.8676200392040571,0.6204371140361101,0.40903557216346226,-0.37061167350679247
1.0,2.0,0.0,2.0,-0.33034452819719434,-0.8676200392040571,0.273197037402001,-0.4014114235676847,-0.6323432303939834
1.0,1.0,0.0,1.0,1.006332649180572,1.0371719971728388,-0.21293906988575176,-0.4014114235676847,1.4839433581510175
1.0,1.0,1.0,2.0,-0.33034452819719434,-1.5602716887956556,-1.4630033457685447,0.40903557216346226,-0.9015528317636654
0.0,2.0,1.0,2.0,0.6721633548361304,-1.1273644078009066,0.2037490220751792,-0.4014114235676847,0.018246639582748643
1.0,1.0,0.0,2.0,1.6746712378694553,-0.2615498458114084,-0.35183510053939543,-1.2118584192988318,1.3306434462599486
0.0,1.0,0.0,0.0,0.6721633548361304,-1.0407829516019567,-0.35183510053939543,-0.4014114235676847,0.06311490647769535
1.0,0.0,2.0,1.0,1.006332649180572,-0.6944571268061575,0.689885129362932,0.40903557216346226,0.5117975754271652
0.0,1.0,0.0,2.0,-0.4974291753694151,1.2103349095707385,1.5927093286116158,-0.4014114235676847,-0.0004484716234798755
0.0,1.0,1.0,1.0,2.0088405322138967,0.51768325997914,-0.49073113119303907,-0.4014114235676847,2.1569673615752225
2.0,1.0,2.0,1.0,-1.1657677640582984,-0.08838693341350874,-0.35183510053939543,2.029929563625756,-1.067939321499094
1.0,1.0,1.0,1.0,-0.8315984697138568,-1.3005273201988061,-0.9074192231539701,-0.4014114235676847,-1.165153899771479
1.0,1.0,1.0,1.0,0.5050787076639097,-1.0407829516019567,-1.3935553304417228,-1.2118584192988318,-0.06401184972465444
1.0,2.0,1.0,2.0,0.17090941331946807,-1.2139458639998564,-0.9768672384807918,0.40903557216346226,-0.39678482919551133
1.0,1.0,1.0,1.0,-0.9986831168860775,-0.434712758209308,1.3843652826311503,-1.2118584192988318,-1.0249405657247697
1.0,1.0,1.0,2.0,-0.16325988102497352,0.34452034758124034,0.6204371140361101,1.2194825678946093,-0.00418749386472538
1.0,1.0,1.0,1.0,-0.6645138225416359,-0.6078756706072076,1.3843652826311503,-0.4014114235676847,-0.8043382534912803
2.0,1.0,0.0,2.0,-0.16325988102497352,0.9505905409738891,-1.1852112844612572,0.40903557216346226,0.24445748517810598
1.0,1.0,1.0,1.0,-1.6670217055749608,-0.6944571268061575,0.5509890987092884,-1.2118584192988318,-1.6418792355302911
1.0,0.0,1.0,1.0,-0.9986831168860775,0.8640090847749392,-0.6296271618466828,-0.4014114235676847,-0.6323432303939834
2.0,1.0,1.0,1.0,0.5050787076639097,-0.17496838961245856,-1.4630033457685447,-1.2118584192988318,0.36597570801858786
0.0,1.0,2.0,2.0,-2.001190999919402,-0.6078756706072076,0.34264505272882284,-1.2118584192988318,-1.8961327479349908
2.0,2.0,1.0,2.0,-2.001190999919402,-1.7334346011935553,1.2454692519775066,-1.2118584192988318,-2.0905619044797614
1.0,1.0,0.0,1.0,-2.5024449414360648,-0.434712758209308,0.6204371140361101,-1.2118584192988318,-2.2868605721451543
2.0,2.0,1.0,2.0,-0.6645138225416359,0.7774276285759895,0.5509890987092884,-1.2118584192988318,-0.3257434066118454
0.0,1.0,2.0,1.0,-0.6645138225416359,1.0371719971728388,0.689885129362932,-0.4014114235676847,-0.2360068728219513
1.0,0.0,1.0,1.0,1.3405019435250136,1.2103349095707385,-0.7685231925003264,-1.2118584192988318,1.9326260271004874
0.0,1.0,1.0,1.0,-1.1657677640582984,-0.2615498458114084,-0.49073113119303907,1.2194825678946093,-1.1165466106352866
0.0,1.0,1.0,2.0,1.173417296352793,0.9505905409738891,-0.004595023905286278,0.40903557216346226,1.6054615809914987
0.0,0.0,2.0,1.0,-0.33034452819719434,-0.08838693341350874,-0.0740430392321081,0.40903557216346226,-0.3294824288530909
2.0,1.0,1.0,1.0,-0.6645138225416359,-1.2139458639998564,-1.5324513610953665,0.40903557216346226,-1.0137234990010329
1.0,2.0,0.0,2.0,1.173417296352793,-1.387108776397756,-1.1852112844612572,0.40903557216346226,0.24258797405748356
2.0,0.0,1.0,1.0,0.17090941331946807,-0.5212942144082578,-1.3935553304417228,1.2194825678946093,-0.08270696093088263
1.0,1.0,2.0,2.0,-1.1657677640582984,1.3834978219686382,1.7316053592652594,2.029929563625756,-0.6547773638414568
0.0,1.0,1.0,2.0,0.17090941331946807,1.2103349095707385,-0.2823870852125736,-0.4014114235676847,0.7024877097306899
1.0,2.0,1.0,1.0,1.5075865906972346,0.08477597898439089,-0.49073113119303907,0.40903557216346226,1.4035543799642376
1.0,1.0,1.0,1.0,1.3405019435250136,0.1713574351833407,0.34264505272882284,-0.4014114235676847,1.3044702905712287
0.0,0.0,0.0,2.0,1.3405019435250136,-1.6468531449946056,0.48154108338246654,-1.2118584192988318,0.20519775164502718
1.0,0.0,1.0,1.0,1.3405019435250136,0.9505905409738891,-0.14349105455892994,0.40903557216346226,1.775587092968173
0.0,2.0,1.0,1.0,0.3379940604916889,-0.9542014954030069,0.7593331446897538,-1.2118584192988318,-0.15000936127330303
2.0,1.0,1.0,1.0,1.3405019435250136,-1.3005273201988061,0.2037490220751792,-0.4014114235676847,0.4145829971547801
2.0,0.0,1.0,1.0,-0.8315984697138568,0.43110180378019014,0.9676771906702193,-1.2118584192988318,-0.6043005635846415
0.0,0.0,1.0,1.0,0.17090941331946807,0.7774276285759895,1.037125205997041,2.029929563625756,0.5061890420652972
2.0,0.0,1.0,2.0,-0.6645138225416359,0.43110180378019014,1.2454692519775066,-0.4014114235676847,-0.4453921183317042
0.0,2.0,1.0,1.0,1.6746712378694553,0.34452034758124034,-1.67134739174901,-0.4014114235676847,1.7232407815907345
0.0,1.0,1.0,1.0,1.5075865906972346,1.3834978219686382,-1.3935553304417228,-1.2118584192988318,2.216791717435152
2.0,2.0,1.0,0.0,0.3379940604916889,-0.9542014954030069,-0.0740430392321081,-0.4014114235676847,-0.15000936127330303
0.0,0.0,2.0,0.0,-0.16325988102497352,-0.6944571268061575,1.453813297957972,1.2194825678946093,-0.4304360293667219
2.0,1.0,2.0,2.0,-2.001190999919402,-0.6078756706072076,0.2037490220751792,-1.2118584192988318,-1.8961327479349908
0.0,1.0,1.0,1.0,-0.6645138225416359,1.0371719971728388,0.7593331446897538,0.40903557216346226,-0.2360068728219513
0.0,1.0,0.0,2.0,0.17090941331946807,1.6432421905654877,-1.1157632691344355,-0.4014114235676847,0.8987863773960831
1.0,0.0,1.0,2.0,-1.3328524112305191,-0.08838693341350874,-0.42128311586621725,0.40903557216346226,-1.2156307000282944
1.0,1.0,1.0,1.0,0.6721633548361304,-1.5602716887956556,1.5232613132847939,-0.4014114235676847,-0.20609469489198692
0.0,1.0,1.0,1.0,0.0038247661472472732,0.08477597898439089,-1.0463152538076137,1.2194825678946093,0.040680773030222335
1.0,1.0,1.0,0.0,-1.8341063527471815,1.2969163657696883,1.5232613132847939,-0.4014114235676847,-1.3894952342462144
0.0,0.0,1.0,0.0,0.6721633548361304,0.6908461723770396,0.7593331446897538,-1.2118584192988318,0.9604802443766357
1.0,1.0,0.0,2.0,0.3379940604916889,-0.7810385830051073,-1.2546592997880792,-0.4014114235676847,-0.06775087196590028
1.0,2.0,0.0,1.0,-0.4974291753694151,1.470079278167588,0.9676771906702193,-0.4014114235676847,0.09489659552828247
1.0,1.0,1.0,1.0,-0.9986831168860775,0.8640090847749392,-1.324107315114901,-1.2118584192988318,-0.6323432303939834
1.0,1.0,0.0,1.0,1.006332649180572,-0.434712758209308,0.273197037402001,0.40903557216346226,0.6576194428357431
2.0,1.0,0.0,1.0,0.5050787076639097,1.2103349095707385,1.106573221323863,-0.4014114235676847,1.0539558004077747
0.0,2.0,2.0,2.0,1.841755885041676,-0.17496838961245856,1.5232613132847939,-1.2118584192988318,1.5325506472872097
1.0,1.0,1.0,2.0,1.006332649180572,-1.4736902325967058,-1.3935553304417228,0.40903557216346226,0.07433197320143187
1.0,2.0,0.0,2.0,-0.6645138225416359,1.5566607343665377,-1.6018993764221883,1.2194825678946093,-0.056533805242163435
1.0,1.0,1.0,2.0,0.0038247661472472732,0.25793889138229054,-1.67134739174901,0.40903557216346226,0.11546121785513308
0.0,1.0,2.0,1.0,2.3430098265583386,-0.6944571268061575,0.8982291753433975,-0.4014114235676847,1.5886359809058936
2.0,1.0,1.0,0.0,0.3379940604916889,-0.434712758209308,0.13430100674835738,0.40903557216346226,0.09676610664890556
0.0,0.0,2.0,2.0,-0.33034452819719434,1.470079278167588,0.273197037402001,0.40903557216346226,0.27623917422869376
1.0,2.0,1.0,1.0,-0.4974291753694151,0.08477597898439089,-0.7685231925003264,-1.2118584192988318,-0.4136104292811164
2.0,1.0,1.0,2.0,-1.3328524112305191,1.0371719971728388,1.1760212366506848,0.40903557216346226,-0.9239869652111388
1.0,2.0,0.0,2.0,1.173417296352793,0.6042647161780897,-1.324107315114901,-1.2118584192988318,1.403554379964237
2.0,0.0,0.0,2.0,0.6721633548361304,0.9505905409738891,-0.6296271618466828,0.40903557216346226,1.0950850450614764
2.0,1.0,0.0,1.0,-1.1657677640582984,-0.9542014954030069,-1.5324513610953665,0.40903557216346226,-1.310975767180057
2.0,1.0,1.0,2.0,1.5075865906972346,1.0371719971728388,-0.8379712078271482,-0.4014114235676847,1.9999284274429079
2.0,2.0,2.0,1.0,-0.6645138225416359,-0.8676200392040571,1.3843652826311503,-0.4014114235676847,-0.8940747872811744
2.0,1.0,1.0,1.0,0.5050787076639097,1.6432421905654877,1.3843652826311503,2.840376559356903,1.2689495792793961
1.0,1.0,1.0,1.0,-2.836614235780506,-0.8676200392040571,-1.1852112844612572,-1.2118584192988318,-2.595329907047915
2.0,1.0,1.0,2.0,0.0038247661472472732,-0.7810385830051073,-0.35183510053939543,-1.2118584192988318,-0.33322145109433676
1.0,2.0,1.0,1.0,1.5075865906972346,-1.5602716887956556,-0.0740430392321081,-0.4014114235676847,0.3734537525010789
1.0,2.0,1.0,1.0,0.3379940604916889,1.7298236467644375,1.3843652826311503,0.40903557216346226,1.1249972229914411
1.0,1.0,1.0,1.0,-1.4999370584027398,-0.08838693341350874,0.41209306805564466,-0.4014114235676847,-1.3633220785574949
0.0,1.0,1.0,1.0,-1.1657677640582984,0.34452034758124034,1.5927093286116158,0.40903557216346226,-0.9464210986586125
1.0,2.0,1.0,1.0,-1.1657677640582984,-0.8676200392040571,0.2037490220751792,-0.4014114235676847,-1.2866721226119606
1.0,2.0,2.0,1.0,0.0038247661472472732,0.8640090847749392,0.273197037402001,0.40903557216346226,0.3771927747423244
0.0,1.0,1.0,1.0,0.17090941331946807,1.3834978219686382,-1.1157632691344355,0.40903557216346226,0.7810071767968475
0.0,1.0,0.0,1.0,-0.9986831168860775,-0.6078756706072076,1.453813297957972,-0.4014114235676847,-1.0772868771022082
0.0,1.0,0.0,1.0,2.3430098265583386,-0.2615498458114084,0.34264505272882284,-1.2118584192988318,1.9064528714117681
1.0,2.0,2.0,1.0,0.5050787076639097,0.34452034758124034,1.2454692519775066,-0.4014114235676847,0.623968242664533
2.0,1.0,1.0,1.0,0.17090941331946807,0.9505905409738891,-1.3935553304417228,0.40903557216346226,0.5847085091314542
2.0,1.0,1.0,1.0,2.3430098265583386,-1.0407829516019567,-0.5601791465198609,-1.2118584192988318,1.334382468501194
1.0,2.0,2.0,0.0,0.17090941331946807,-0.8676200392040571,-0.6296271618466828,-0.4014114235676847,-0.23974589506319713
0.0,1.0,1.0,2.0,1.6746712378694553,0.6908461723770396,-0.49073113119303907,-0.4014114235676847,1.9475821160654694
2.0,0.0,0.0,2.0,1.5075865906972346,-1.4736902325967058,1.5232613132847939,1.2194825678946093,0.42766957499913966
1.0,2.0,2.0,1.0,1.006332649180572,-0.17496838961245856,-0.14349105455892994,0.40903557216346226,0.8034413102443212
1.0,0.0,0.0,1.0,-0.33034452819719434,-1.6468531449946056,-1.4630033457685447,-1.2118584192988318,-0.9352040319348756
1.0,0.0,2.0,2.0,0.6721633548361304,-1.2139458639998564,-0.0740430392321081,-1.2118584192988318,-0.026621627312198737
1.0,0.0,0.0,2.0,1.3405019435250136,0.6042647161780897,-1.2546592997880792,0.40903557216346226,1.56620184745842
1.0,0.0,1.0,1.0,0.8392480020083513,-1.3005273201988061,-0.7685231925003264,-0.4014114235676847,0.05002832863333576
2.0,2.0,0.0,2.0,1.006332649180572,0.08477597898439089,-1.0463152538076137,0.40903557216346226,0.9492631776528991
1.0,1.0,2.0,1.0,-2.001190999919402,0.1713574351833407,0.7593331446897538,-1.2118584192988318,-1.7615279472501497
1.0,1.0,0.0,1.0,-0.16325988102497352,1.5566607343665377,1.453813297957972,0.40903557216346226,0.4931024642209377
1.0,1.0,1.0,2.0,-0.4974291753694151,-0.08838693341350874,0.273197037402001,1.2194825678946093,-0.47717380738229165
0.0,1.0,2.0,0.0,0.5050787076639097,1.470079278167588,0.34264505272882284,-0.4014114235676847,1.1829520677307475
1.0,0.0,1.0,0.0,1.3405019435250136,-0.3481313020103582,-0.6296271618466828,2.840376559356903,0.9903924223066004
1.0,2.0,1.0,2.0,0.5050787076639097,-0.0018054772145589292,0.273197037402001,-0.4014114235676847,0.45197321956723646
0.0,1.0,2.0,1.0,-0.16325988102497352,-1.3005273201988061,-1.0463152538076137,-0.4014114235676847,-0.6790810084095532
2.0,1.0,0.0,1.0,-1.6670217055749608,-1.5602716887956556,-0.49073113119303907,1.2194825678946093,-1.82883034759257
0.0,1.0,1.0,1.0,-0.4974291753694151,0.6042647161780897,-1.6018993764221883,-0.4014114235676847,-0.22292029497759203
0.0,1.0,2.0,1.0,1.006332649180572,1.2969163657696883,-0.0740430392321081,1.2194825678946093,1.629765225559595
0.0,1.0,1.0,2.0,-0.16325988102497352,-1.6468531449946056,-1.67134739174901,-0.4014114235676847,-0.8211638535768854
2.0,2.0,2.0,1.0,-1.3328524112305191,-0.7810385830051073,0.2037490220751792,1.2194825678946093,-1.3951037676080826
2.0,1.0,2.0,1.0,2.0088405322138967,1.2103349095707385,-1.3935553304417228,2.029929563625756,2.635562208454657
2.0,1.0,1.0,1.0,-0.33034452819719434,-0.08838693341350874,-0.35183510053939543,1.2194825678946093,-0.3294824288530909
0.0,1.0,2.0,1.0,2.3430098265583386,-1.4736902325967058,-1.0463152538076137,-0.4014114235676847,1.0165655779953195
1.0,2.0,2.0,1.0,0.17090941331946807,-0.9542014954030069,0.7593331446897538,0.40903557216346226,-0.2790056285962759
1.0,2.0,1.0,1.0,-0.9986831168860775,0.25793889138229054,0.6204371140361101,-0.4014114235676847,-0.8155553202150171
1.0,1.0,1.0,2.0,-1.6670217055749608,-1.7334346011935553,0.689885129362932,-1.2118584192988318,-1.866220570005026
1.0,1.0,1.0,2.0,1.006332649180572,-0.5212942144082578,-0.42128311586621725,0.40903557216346226,0.6090121536995503
0.0,0.0,0.0,0.0,-1.1657677640582984,1.7298236467644375,-1.4630033457685447,1.2194825678946093,-0.5575627855690717
2.0,1.0,0.0,1.0,-0.4974291753694151,-1.387108776397756,-0.14349105455892994,-0.4014114235676847,-0.9538991431411035
1.0,1.0,2.0,0.0,-0.4974291753694151,0.8640090847749392,0.6204371140361101,-0.4014114235676847,-0.12757522782582936
1.0,1.0,2.0,2.0,-0.8315984697138568,0.6042647161780897,-1.6018993764221883,0.40903557216346226,-0.5482152299659575
1.0,0.0,1.0,1.0,0.5050787076639097,1.0371719971728388,-0.2823870852125736,-0.4014114235676847,0.9679582888591267
0.0,1.0,2.0,1.0,-0.8315984697138568,-0.434712758209308,0.5509890987092884,-0.4014114235676847,-0.8847272316780602
0.0,0.0,2.0,1.0,-0.6645138225416359,0.6908461723770396,-0.004595023905286278,0.40903557216346226,-0.3556555845418101
1.0,0.0,2.0,1.0,-0.9986831168860775,1.470079278167588,-0.9074192231539701,-0.4014114235676847,-0.4491311405729497
2.0,2.0,1.0,1.0,1.6746712378694553,0.8640090847749392,-0.5601791465198609,0.40903557216346226,2.0597527833028373
1.0,1.0,0.0,1.0,1.006332649180572,-0.0018054772145589292,-0.6296271618466828,0.40903557216346226,0.9006558885167063
2.0,1.0,0.0,2.0,1.173417296352793,1.0371719971728388,1.7316053592652594,0.40903557216346226,1.6559383812483142
0.0,0.0,1.0,0.0,0.3379940604916889,-0.7810385830051073,-0.6990751771735045,-0.4014114235676847,-0.06775087196590028
1.0,0.0,1.0,1.0,-0.16325988102497352,1.2103349095707385,-0.9074192231539701,-1.2118584192988318,0.3510196190536052
2.0,2.0,2.0,1.0,-0.9986831168860775,-0.5212942144082578,-0.14349105455892994,0.40903557216346226,-1.051113721413489
1.0,0.0,0.0,1.0,0.0038247661472472732,0.34452034758124034,-0.21293906988575176,1.2194825678946093,0.15285144026758946
1.0,0.0,2.0,2.0,0.17090941331946807,1.2969163657696883,-0.42128311586621725,-1.2118584192988318,0.7417474432637687
1.0,1.0,0.0,0.0,0.6721633548361304,0.08477597898439089,-0.9768672384807918,-0.4014114235676847,0.6464023761120067
1.0,1.0,2.0,1.0,1.006332649180572,-1.387108776397756,1.106573221323863,-0.4014114235676847,0.12293926233762476
2.0,1.0,2.0,1.0,1.3405019435250136,-1.6468531449946056,0.7593331446897538,-0.4014114235676847,0.20519775164502718
2.0,0.0,2.0,0.0,1.841755885041676,-0.6944571268061575,1.3149172673043283,0.40903557216346226,1.1848215788513705
0.0,2.0,2.0,2.0,-0.4974291753694151,-0.6944571268061575,-0.6990751771735045,1.2194825678946093,-0.6996456307364038
1.0,1.0,2.0,2.0,-0.9986831168860775,0.08477597898439089,1.037125205997041,1.2194825678946093,-0.8679016315924551
2.0,1.0,1.0,1.0,0.3379940604916889,0.25793889138229054,0.5509890987092884,-0.4014114235676847,0.4258000638785166
1.0,2.0,1.0,1.0,-0.9986831168860775,-0.08838693341350874,1.2454692519775066,0.40903557216346226,-0.9202479429698932
1.0,2.0,1.0,2.0,-0.33034452819719434,-0.7810385830051073,-0.2823870852125736,-0.4014114235676847,-0.5986920302227732
1.0,1.0,1.0,1.0,-1.1657677640582984,-0.2615498458114084,-0.9074192231539701,-0.4014114235676847,-1.1165466106352866
2.0,2.0,1.0,1.0,0.17090941331946807,0.6908461723770396,1.037125205997041,0.40903557216346226,0.4669293085322185
1.0,1.0,1.0,1.0,0.6721633548361304,-0.2615498458114084,-0.7685231925003264,0.40903557216346226,0.4669293085322185
0.0,2.0,2.0,1.0,0.5050787076639097,-1.5602716887956556,-0.5601791465198609,-0.4014114235676847,-0.3220043843705999
0.0,1.0,1.0,0.0,-0.33034452819719434,-0.0018054772145589292,-1.3935553304417228,0.40903557216346226,-0.2958312286818807
0.0,0.0,2.0,0.0,1.173417296352793,0.9505905409738891,-0.35183510053939543,-0.4014114235676847,1.6054615809914987
0.0,2.0,1.0,2.0,0.3379940604916889,1.5566607343665377,-0.7685231925003264,-1.2118584192988318,1.0427387336840381
0.0,1.0,2.0,2.0,-0.16325988102497352,-0.08838693341350874,1.7316053592652594,-0.4014114235676847,-0.18179105032389015
0.0,2.0,2.0,1.0,0.8392480020083513,0.6908461723770396,-1.1852112844612572,-1.2118584192988318,1.1249972229914411
0.0,1.0,2.0,2.0,1.173417296352793,0.1713574351833407,-0.9074192231539701,-0.4014114235676847,1.1511703786801597
0.0,2.0,0.0,0.0,1.006332649180572,-0.9542014954030069,0.8287811600165756,0.40903557216346226,0.3659757080185872
1.0,0.0,2.0,2.0,0.17090941331946807,0.43110180378019014,-1.6018993764221883,2.840376559356903,0.34915010793298207
2.0,1.0,0.0,2.0,1.841755885041676,1.6432421905654877,-1.2546592997880792,-0.4014114235676847,2.7496023868126476
1.0,2.0,1.0,2.0,0.17090941331946807,-1.5602716887956556,0.7593331446897538,0.40903557216346226,-0.5538237633278261
1.0,1.0,1.0,2.0,1.006332649180572,1.1237534533717888,0.8982291753433975,-0.4014114235676847,1.5325506472872097
2.0,1.0,2.0,0.0,1.3405019435250136,0.7774276285759895,1.5232613132847939,1.2194825678946093,1.6708944702132968
1.0,1.0,2.0,1.0,-1.6670217055749608,-1.387108776397756,1.453813297957972,-0.4014114235676847,-1.7914401251801144
0.0,2.0,1.0,1.0,-1.1657677640582984,-1.3005273201988061,-0.0740430392321081,-1.2118584192988318,-1.4081903454524418
1.0,1.0,0.0,2.0,-1.3328524112305191,1.5566607343665377,-1.4630033457685447,0.40903557216346226,-0.789382164526298
1.0,1.0,2.0,2.0,-0.6645138225416359,-0.6944571268061575,-1.5324513610953665,-0.4014114235676847,-0.834250431421245
1.0,1.0,2.0,2.0,-0.6645138225416359,1.6432421905654877,-1.0463152538076137,0.40903557216346226,-0.026621627312198737
1.0,0.0,1.0,1.0,0.17090941331946807,-0.9542014954030069,-1.1157632691344355,1.2194825678946093,-0.2790056285962759
1.0,0.0,1.0,0.0,0.5050787076639097,1.0371719971728388,-1.4630033457685447,-1.2118584192988318,0.9679582888591267
0.0,0.0,1.0,1.0,-1.8341063527471815,0.6908461723770396,1.2454692519775066,0.40903557216346226,-1.50727443484545
2.0,2.0,1.0,1.0,-1.6670217055749608,-1.6468531449946056,0.689885129362932,-0.4014114235676847,-1.8475254587987981
0.0,2.0,2.0,0.0,1.006332649180572,0.8640090847749392,-0.2823870852125736,-1.2118584192988318,1.3867287798786325
2.0,1.0,2.0,2.0,1.5075865906972346,1.3834978219686382,1.3149172673043283,0.40903557216346226,2.216791717435152
2.0,0.0,1.0,2.0,-1.1657677640582984,1.2103349095707385,-1.324107315114901,0.40903557216346226,-0.7033846529776496
1.0,2.0,2.0,1.0,1.006332649180572,-0.434712758209308,1.5232613132847939,-0.4014114235676847,0.6576194428357431
1.0,2.0,1.0,1.0,2.0088405322138967,-1.3005273201988061,-1.2546592997880792,-0.4014114235676847,0.9006558885167063
0.0,1.0,1.0,2.0,0.6721633548361304,-1.4736902325967058,1.6621573439384376,0.40903557216346226,-0.16122642799703954
2.0,1.0,1.0,2.0,2.175925179386118,-1.1273644078009066,1.2454692519775066,-1.2118584192988318,1.1455618453182925
1.0,1.0,1.0,1.0,-0.8315984697138568,0.51768325997914,0.273197037402001,-0.4014114235676847,-0.5762578967752995
0.0,1.0,2.0,1.0,0.17090941331946807,-0.5212942144082578,-0.9768672384807918,-1.2118584192988318,-0.08270696093088263
1.0,0.0,1.0,1.0,1.6746712378694553,1.0371719971728388,-1.6018993764221883,1.2194825678946093,2.171923450540205
0.0,2.0,2.0,2.0,1.173417296352793,1.2103349095707385,-0.35183510053939543,-0.4014114235676847,1.7568919817619446
1.0,2.0,2.0,2.0,-0.33034452819719434,1.470079278167588,0.06485299142153556,-1.2118584192988318,0.27623917422869376
0.0,1.0,0.0,1.0,-1.1657677640582984,-0.9542014954030069,1.453813297957972,-1.2118584192988318,-1.310975767180057
2.0,0.0,2.0,2.0,1.173417296352793,-0.2615498458114084,0.7593331446897538,-0.4014114235676847,0.8987863773960831
1.0,0.0,2.0,1.0,0.5050787076639097,-0.3481313020103582,1.2454692519775066,0.40903557216346226,0.27997819646993927
0.0,1.0,1.0,0.0,0.0038247661472472732,1.470079278167588,0.06485299142153556,0.40903557216346226,0.638924331629515
0.0,1.0,1.0,0.0,-0.4974291753694151,-0.7810385830051073,0.34264505272882284,0.40903557216346226,-0.7314273197869913
1.0,1.0,0.0,1.0,2.175925179386118,-0.5212942144082578,-0.7685231925003264,-1.2118584192988318,1.5774189141821564
1.0,1.0,1.0,1.0,0.6721633548361304,-1.4736902325967058,-1.0463152538076137,1.2194825678946093,-0.16122642799703954
1.0,0.0,2.0,2.0,-0.4974291753694151,-0.434712758209308,-1.5324513610953665,-0.4014114235676847,-0.6043005635846415
2.0,2.0,0.0,2.0,0.5050787076639097,-0.9542014954030069,0.7593331446897538,-1.2118584192988318,-0.02101309395033048
1.0,1.0,1.0,1.0,0.17090941331946807,-0.7810385830051073,0.273197037402001,-0.4014114235676847,-0.20048616153011833
1.0,2.0,2.0,1.0,-0.4974291753694151,0.34452034758124034,-0.35183510053939543,-0.4014114235676847,-0.3182653621293544
2.0,1.0,2.0,1.0,1.6746712378694553,0.51768325997914,0.689885129362932,0.40903557216346226,1.8354114488281024
1.0,1.0,1.0,1.0,-2.5024449414360648,0.6908461723770396,-1.1157632691344355,1.2194825678946093,-2.1653423493046726
1.0,1.0,1.0,1.0,-0.6645138225416359,0.9505905409738891,1.106573221323863,-0.4014114235676847,-0.265919050751916
1.0,2.0,1.0,1.0,-0.6645138225416359,1.5566607343665377,0.8982291753433975,-0.4014114235676847,-0.056533805242163435
0.0,0.0,1.0,2.0,-0.8315984697138568,-0.9542014954030069,-0.9074192231539701,0.40903557216346226,-1.0529832325341115
0.0,1.0,1.0,1.0,0.6721633548361304,-0.6078756706072076,-1.740795407075832,-0.4014114235676847,0.2874562409524303
0.0,1.0,0.0,2.0,0.6721633548361304,0.6908461723770396,-0.2823870852125736,-0.4014114235676847,0.9604802443766357
0.0,1.0,0.0,2.0,-0.6645138225416359,1.2969163657696883,0.8982291753433975,0.40903557216346226,-0.14627033903205752
1.0,2.0,0.0,2.0,-0.16325988102497352,0.9505905409738891,-1.1157632691344355,2.840376559356903,0.24445748517810598
1.0,2.0,2.0,2.0,0.3379940604916889,0.6908461723770396,0.2037490220751792,-1.2118584192988318,0.631446287147024
0.0,1.0,2.0,1.0,-0.4974291753694151,0.25793889138229054,-1.67134739174901,-1.2118584192988318,-0.35004705117994184
1.0,1.0,2.0,2.0,0.8392480020083513,-1.7334346011935553,-0.5601791465198609,-0.4014114235676847,-0.18366056144451323
0.0,2.0,0.0,0.0,0.0038247661472472732,1.2969163657696883,-0.9074192231539701,-0.4014114235676847,0.5641438868046036
2.0,1.0,1.0,0.0,-0.16325988102497352,-1.1273644078009066,0.48154108338246654,-0.4014114235676847,-0.6080395858258869
0.0,1.0,2.0,2.0,-0.8315984697138568,0.9505905409738891,-0.21293906988575176,-0.4014114235676847,-0.4360445627285901
1.0,2.0,2.0,1.0,-2.335360294263844,0.6908461723770396,-0.14349105455892994,1.2194825678946093,-2.000825370689867
1.0,1.0,1.0,1.0,-0.9986831168860775,-0.08838693341350874,-0.0740430392321081,-0.4014114235676847,-0.9202479429698932
0.0,1.0,1.0,1.0,-0.9986831168860775,0.43110180378019014,-1.4630033457685447,-0.4014114235676847,-0.7632090088375787
0.0,1.0,2.0,2.0,-0.33034452819719434,0.25793889138229054,-0.7685231925003264,-0.4014114235676847,-0.19487762816825008
1.0,2.0,1.0,2.0,-2.001190999919402,-1.0407829516019567,1.453813297957972,0.40903557216346226,-1.9709131927599026
1.0,1.0,2.0,1.0,-0.4974291753694151,-1.1273644078009066,-1.4630033457685447,-1.2118584192988318,-0.8585540759893411
1.0,1.0,1.0,2.0,0.3379940604916889,-0.3481313020103582,1.1760212366506848,-0.4014114235676847,0.13789535130260677
1.0,1.0,0.0,1.0,0.5050787076639097,0.6042647161780897,0.273197037402001,0.40903557216346226,0.7529645099875059
1.0,1.0,0.0,1.0,0.5050787076639097,1.3834978219686382,1.6621573439384376,-1.2118584192988318,1.1399533119564231
1.0,1.0,2.0,2.0,0.5050787076639097,-1.6468531449946056,0.689885129362932,-0.4014114235676847,-0.3650031401449242
1.0,2.0,1.0,1.0,-2.168275647091623,0.51768325997914,-0.49073113119303907,2.840376559356903,-1.8624815477637806
0.0,0.0,1.0,1.0,1.006332649180572,1.2103349095707385,-1.324107315114901,-0.4014114235676847,1.581157936423402
1.0,2.0,1.0,0.0,-1.1657677640582984,0.34452034758124034,1.5927093286116158,-1.2118584192988318,-0.9464210986586125
1.0,1.0,2.0,2.0,-0.6645138225416359,-1.0407829516019567,-0.2823870852125736,-0.4014114235676847,-0.9538991431411035
0.0,1.0,2.0,2.0,0.6721633548361304,1.1237534533717888,-1.324107315114901,2.029929563625756,1.1848215788513705
2.0,2.0,1.0,1.0,-1.4999370584027398,1.6432421905654877,0.9676771906702193,1.2194825678946093,-0.9520296320204806
0.0,0.0,1.0,1.0,0.5050787076639097,-0.3481313020103582,0.7593331446897538,-0.4014114235676847,0.27997819646993927
0.0,1.0,1.0,1.0,-0.9986831168860775,-1.2139458639998564,-0.8379712078271482,-1.2118584192988318,-1.2604989669232414
0.0,2.0,1.0,1.0,1.173417296352793,-1.5602716887956556,-1.5324513610953665,-0.4014114235676847,0.14163437354385228
1.0,0.0,2.0,2.0,0.8392480020083513,-0.9542014954030069,0.2037490220751792,-1.2118584192988318,0.23697944069561497
0.0,1.0,2.0,1.0,-0.9986831168860775,-1.0407829516019567,-0.2823870852125736,-0.4014114235676847,-1.208152655545803
0.0,1.0,1.0,0.0,0.17090941331946807,-1.7334346011935553,-0.2823870852125736,-1.2118584192988318,-0.6323432303939834
1.0,1.0,1.0,1.0,-0.4974291753694151,1.3834978219686382,0.13430100674835738,-0.4014114235676847,0.06311490647769535
0.0,0.0,2.0,1.0,-0.8315984697138568,1.5566607343665377,-0.42128311586621725,0.40903557216346226,-0.23974589506319713
0.0,1.0,2.0,2.0,0.5050787076639097,-0.5212942144082578,0.8982291753433975,-1.2118584192988318,0.19398068492129067
1.0,1.0,0.0,1.0,2.5100944737305593,0.25793889138229054,-1.5324513610953665,-0.4014114235676847,2.4430025630305092
1.0,1.0,1.0,0.0,1.3405019435250136,-1.387108776397756,-1.324107315114901,-0.4014114235676847,0.36223668577734236
1.0,0.0,0.0,2.0,0.0038247661472472732,0.1713574351833407,-1.0463152538076137,1.2194825678946093,0.07807099544267737
1.0,1.0,1.0,1.0,-0.16325988102497352,0.25793889138229054,-0.35183510053939543,0.40903557216346226,-0.03970820515655834
1.0,2.0,1.0,2.0,-0.6645138225416359,-0.9542014954030069,0.48154108338246654,-1.2118584192988318,-0.9239869652111391
1.0,2.0,1.0,0.0,-1.1657677640582984,1.7298236467644375,0.06485299142153556,-1.2118584192988318,-0.5575627855690717
0.0,1.0,2.0,2.0,0.8392480020083513,0.7774276285759895,-1.67134739174901,0.40903557216346226,1.171735001007011
1.0,1.0,2.0,1.0,1.3405019435250136,-0.7810385830051073,-0.6296271618466828,0.40903557216346226,0.7286608654194091
1.0,2.0,1.0,1.0,-2.335360294263844,1.2969163657696883,1.453813297957972,2.029929563625756,-1.92230590362371
1.0,2.0,1.0,2.0,1.841755885041676,-1.5602716887956556,0.5509890987092884,-1.2118584192988318,0.6052731314583047
1.0,1.0,1.0,1.0,0.17090941331946807,1.7298236467644375,-0.5601791465198609,-1.2118584192988318,0.938046110929162
2.0,2.0,0.0,1.0,-0.9986831168860775,-1.0407829516019567,0.8287811600165756,0.40903557216346226,-1.208152655545803
2.0,2.0,0.0,1.0,0.6721633548361304,1.1237534533717888,1.037125205997041,-1.2118584192988318,1.1848215788513705
1.0,1.0,1.0,2.0,-0.16325988102497352,-0.9542014954030069,1.3149172673043283,-0.4014114235676847,-0.536998163242221
1.0,1.0,0.0,1.0,-0.33034452819719434,1.3834978219686382,-1.2546592997880792,-0.4014114235676847,0.24258797405748356
1.0,0.0,0.0,2.0,0.0038247661472472732,-1.6468531449946056,-0.8379712078271482,-0.4014114235676847,-0.7071236752188952
0.0,1.0,0.0,1.0,0.6721633548361304,-1.2139458639998564,0.48154108338246654,-0.4014114235676847,-0.026621627312198737
1.0,0.0,1.0,2.0,1.173417296352793,-1.4736902325967058,0.8287811600165756,1.2194825678946093,0.19211117380066825
1.0,1.0,1.0,1.0,-1.6670217055749608,0.43110180378019014,0.41209306805564466,1.2194825678946093,-1.398842789849328
2.0,1.0,1.0,2.0,0.5050787076639097,-1.1273644078009066,-0.8379712078271482,1.2194825678946093,-0.10701060549897874
2.0,2.0,2.0,2.0,1.6746712378694553,1.5566607343665377,0.5509890987092884,-0.4014114235676847,2.508435452252307
0.0,1.0,2.0,1.0,0.6721633548361304,-0.7810385830051073,-1.3935553304417228,0.40903557216346226,0.19771970716253617
0.0,2.0,0.0,1.0,0.17090941331946807,0.34452034758124034,0.8287811600165756,0.40903557216346226,0.30989037439990397
0.0,0.0,0.0,0.0,1.006332649180572,-0.3481313020103582,0.8982291753433975,0.40903557216346226,0.7062267319719361
1.0,1.0,0.0,1.0,0.6721633548361304,1.2969163657696883,-0.14349105455892994,1.2194825678946093,1.274558112641264
0.0,1.0,1.0,2.0,-0.9986831168860775,-0.7810385830051073,0.689885129362932,0.40903557216346226,-1.129633188479646
1.0,1.0,0.0,2.0,-0.6645138225416359,-1.6468531449946056,0.7593331446897538,1.2194825678946093,-1.1632843886508564
2.0,0.0,2.0,1.0,0.0038247661472472732,-0.2615498458114084,-1.1852112844612572,-1.2118584192988318,-0.1088801166196015
0.0,2.0,1.0,1.0,-1.8341063527471815,1.470079278167588,-0.49073113119303907,2.840376559356903,-1.3558440340750038
1.0,0.0,2.0,1.0,1.6746712378694553,-0.0018054772145589292,-0.5601791465198609,1.2194825678946093,1.4988994471159995
0.0,1.0,0.0,2.0,0.8392480020083513,0.34452034758124034,0.6204371140361101,0.40903557216346226,0.938046110929162
1.0,0.0,1.0,1.0,0.6721633548361304,-1.1273644078009066,-1.5324513610953665,-1.2118584192988318,0.018246639582748643
0.0,0.0,2.0,1.0,0.6721633548361304,-0.3481313020103582,-0.004595023905286278,-1.2118584192988318,0.42206104163727176
1.0,1.0,0.0,2.0,0.5050787076639097,0.34452034758124034,0.34264505272882284,-0.4014114235676847,0.623968242664533
1.0,2.0,1.0,1.0,0.0038247661472472732,0.1713574351833407,0.34264505272882284,1.2194825678946093,0.07807099544267737
0.0,1.0,2.0,2.0,-1.1657677640582984,0.1713574351833407,-1.324107315114901,0.40903557216346226,-0.995028387794805
2.0,1.0,1.0,1.0,0.8392480020083513,-0.6944571268061575,1.1760212366506848,-0.4014114235676847,0.3771927747423244
2.0,0.0,2.0,1.0,-1.1657677640582984,-0.434712758209308,1.7316053592652594,-0.4014114235676847,-1.165153899771479
1.0,2.0,0.0,1.0,0.0038247661472472732,-0.0018054772145589292,-1.5324513610953665,-1.2118584192988318,0.003290550617765961
2.0,2.0,1.0,1.0,-1.8341063527471815,0.51768325997914,-0.6990751771735045,-1.2118584192988318,-1.5409256350166602
1.0,2.0,0.0,2.0,-1.3328524112305191,1.0371719971728388,0.9676771906702193,-0.4014114235676847,-0.9239869652111388
1.0,0.0,2.0,1.0,0.0038247661472472732,1.5566607343665377,-0.5601791465198609,-1.2118584192988318,0.6763145540419714
1.0,0.0,2.0,1.0,-0.33034452819719434,1.1237534533717888,0.34264505272882284,-0.4014114235676847,0.14163437354385294
2.0,0.0,2.0,1.0,0.0038247661472472732,-0.7810385830051073,-0.9074192231539701,0.40903557216346226,-0.33322145109433676
1.0,2.0,2.0,2.0,-0.6645138225416359,-1.6468531449946056,-0.7685231925003264,-0.4014114235676847,-1.1632843886508564
0.0,2.0,2.0,1.0,0.6721633548361304,1.7298236467644375,0.7593331446897538,0.40903557216346226,1.4988994471159995
1.0,1.0,0.0,0.0,0.3379940604916889,1.5566607343665377,-0.14349105455892994,-0.4014114235676847,1.0427387336840381
1.0,1.0,1.0,1.0,-0.8315984697138568,1.2969163657696883,1.2454692519775066,0.40903557216346226,-0.32387389549122264
1.0,1.0,2.0,2.0,-0.16325988102497352,-1.1273644078009066,0.13430100674835738,-0.4014114235676847,-0.6080395858258869
1.0,1.0,1.0,1.0,0.8392480020083513,-0.2615498458114084,1.037125205997041,-0.4014114235676847,0.6108816648201734
1.0,1.0,0.0,1.0,-0.16325988102497352,0.6908461723770396,-1.1157632691344355,0.40903557216346226,0.13789535130260677
1.0,2.0,0.0,2.0,1.6746712378694553,0.9505905409738891,-0.42128311586621725,0.40903557216346226,2.115838116921521
1.0,1.0,0.0,1.0,-0.33034452819719434,-0.6078756706072076,0.8982291753433975,-0.4014114235676847,-0.5313896298803524
1.0,2.0,1.0,1.0,1.3405019435250136,-1.2139458639998564,-0.14349105455892994,0.40903557216346226,0.4669293085322185
1.0,2.0,2.0,0.0,0.0038247661472472732,-0.7810385830051073,0.34264505272882284,0.40903557216346226,-0.33322145109433676
0.0,1.0,1.0,2.0,-0.33034452819719434,0.43110180378019014,-1.2546592997880792,0.40903557216346226,-0.12757522782582967
1.0,0.0,1.0,1.0,-1.6670217055749608,-0.9542014954030069,1.5232613132847939,-0.4014114235676847,-1.6979645691489746
1.0,1.0,0.0,1.0,0.17090941331946807,-0.8676200392040571,1.037125205997041,-0.4014114235676847,-0.23974589506319713
1.0,1.0,2.0,1.0,-0.8315984697138568,-0.6078756706072076,-0.8379712078271482,0.40903557216346226,-0.9408125652967442
1.0,0.0,1.0,1.0,-1.1657677640582984,0.25793889138229054,0.41209306805564466,2.029929563625756,-0.9707247432267089
0.0,1.0,1.0,1.0,-0.9986831168860775,1.5566607343665377,1.106573221323863,-1.2118584192988318,-0.42295798488423086
0.0,1.0,2.0,1.0,1.3405019435250136,-0.0018054772145589292,-0.9768672384807918,-0.4014114235676847,1.1997776678163532
1.0,1.0,1.0,0.0,2.0088405322138967,-0.3481313020103582,-0.8379712078271482,-1.2118584192988318,1.558723802975929
1.0,1.0,1.0,1.0,0.6721633548361304,-0.3481313020103582,0.48154108338246654,0.40903557216346226,0.42206104163727176
2.0,2.0,2.0,1.0,-0.33034452819719434,0.9505905409738891,-0.2823870852125736,-1.2118584192988318,0.07433197320143187
0.0,1.0,1.0,1.0,1.006332649180572,-0.3481313020103582,-0.7685231925003264,-1.2118584192988318,0.7062267319719361
1.0,0.0,2.0,2.0,0.3379940604916889,-0.9542014954030069,-1.67134739174901,-0.4014114235676847,-0.15000936127330303
1.0,1.0,1.0,1.0,0.5050787076639097,1.3834978219686382,0.41209306805564466,-0.4014114235676847,1.1399533119564231
0.0,1.0,0.0,2.0,-0.4974291753694151,-0.5212942144082578,1.5927093286116158,-0.4014114235676847,-0.6360822526352289
1.0,2.0,0.0,1.0,-0.4974291753694151,-1.387108776397756,-0.8379712078271482,-1.2118584192988318,-0.9538991431411035
1.0,1.0,1.0,1.0,0.6721633548361304,-0.7810385830051073,-0.0740430392321081,-0.4014114235676847,0.19771970716253617
1.0,2.0,0.0,1.0,-1.3328524112305191,0.25793889138229054,-0.7685231925003264,-0.4014114235676847,-1.1258941662384006
0.0,1.0,0.0,2.0,-1.1657677640582984,-0.17496838961245856,-1.4630033457685447,0.40903557216346226,-1.0922429660671902
0.0,0.0,2.0,2.0,0.3379940604916889,1.3834978219686382,0.6204371140361101,-0.4014114235676847,0.960480244376635
1.0,1.0,1.0,2.0,1.006332649180572,-1.3005273201988061,0.6204371140361101,-0.4014114235676847,0.17154655147381764
1.0,2.0,1.0,1.0,-0.16325988102497352,1.6432421905654877,-1.6018993764221883,-0.4014114235676847,0.5286231755127703
1.0,2.0,1.0,1.0,-0.16325988102497352,0.7774276285759895,1.3843652826311503,-1.2118584192988318,0.17341606259444006
1.0,1.0,1.0,1.0,-1.3328524112305191,-0.08838693341350874,-0.14349105455892994,0.40903557216346226,-1.2156307000282944
0.0,1.0,2.0,1.0,-0.33034452819719434,-1.0407829516019567,0.5509890987092884,-0.4014114235676847,-0.6996456307364038
1.0,2.0,1.0,1.0,-0.9986831168860775,0.9505905409738891,-1.0463152538076137,-1.2118584192988318,-0.6061700747052642
0.0,1.0,1.0,1.0,1.3405019435250136,0.43110180378019014,-0.7685231925003264,-0.4014114235676847,1.461509224703544
2.0,2.0,0.0,1.0,0.0038247661472472732,1.6432421905654877,0.06485299142153556,0.40903557216346226,0.7137047764544271
2.0,1.0,1.0,1.0,-0.8315984697138568,1.5566607343665377,1.5927093286116158,-1.2118584192988318,-0.23974589506319713
1.0,2.0,0.0,1.0,0.6721633548361304,0.25793889138229054,-1.1157632691344355,-0.4014114235676847,0.7361389099019001
1.0,2.0,0.0,2.0,0.3379940604916889,0.1713574351833407,-0.6296271618466828,-0.4014114235676847,0.3846708192248154
1.0,1.0,2.0,1.0,1.5075865906972346,-1.6468531449946056,-0.9768672384807918,-1.2118584192988318,0.31923793000301803
2.0,1.0,1.0,2.0,-1.4999370584027398,1.470079278167588,0.06485299142153556,0.40903557216346226,-0.9931588766741822
1.0,1.0,0.0,1.0,-0.8315984697138568,-1.1273644078009066,1.3149172673043283,-1.2118584192988318,-1.1090685661527953
1.0,2.0,0.0,1.0,-1.3328524112305191,-0.9542014954030069,-0.35183510053939543,-0.4014114235676847,-1.4399720345030296
2.0,1.0,1.0,1.0,1.6746712378694553,-0.434712758209308,-0.14349105455892994,-0.4014114235676847,1.2184727790225809
0.0,2.0,1.0,2.0,0.6721633548361304,-1.2139458639998564,-0.2823870852125736,-0.4014114235676847,-0.026621627312198737
1.0,0.0,0.0,1.0,-0.6645138225416359,1.2969163657696883,0.7593331446897538,2.029929563625756,-0.14627033903205752
2.0,1.0,2.0,2.0,0.8392480020083513,1.470079278167588,0.48154108338246654,-0.4014114235676847,1.5456372251315693
1.0,0.0,1.0,1.0,0.0038247661472472732,1.2969163657696883,0.9676771906702193,1.2194825678946093,0.5641438868046036
2.0,2.0,1.0,0.0,-1.1657677640582984,-1.4736902325967058,-1.3935553304417228,-1.2118584192988318,-1.4567976345886346
1.0,2.0,1.0,2.0,-0.8315984697138568,0.8640090847749392,1.5232613132847939,-0.4014114235676847,-0.464087229537932
1.0,0.0,2.0,1.0,-1.4999370584027398,-0.434712758209308,-0.7685231925003264,1.2194825678946093,-1.4455805678648979
1.0,1.0,2.0,1.0,1.006332649180572,0.6908461723770396,-0.0740430392321081,-1.2118584192988318,1.2895142016062466
0.0,1.0,1.0,2.0,-0.6645138225416359,0.34452034758124034,-0.6990751771735045,-0.4014114235676847,-0.47530429626166887
0.0,0.0,2.0,1.0,-0.16325988102497352,-0.3481313020103582,-0.35183510053939543,-0.4014114235676847,-0.2883531841993897
0.0,2.0,1.0,1.0,0.6721633548361304,-1.5602716887956556,1.037125205997041,-1.2118584192988318,-0.20609469489198692
1.0,1.0,2.0,2.0,0.5050787076639097,-0.6944571268061575,1.6621573439384376,0.40903557216346226,0.10798317337264207
1.0,2.0,0.0,2.0,1.006332649180572,0.25793889138229054,-1.6018993764221883,-1.2118584192988318,1.0464777559252836
1.0,2.0,2.0,0.0,-0.9986831168860775,1.2103349095707385,0.5509890987092884,2.029929563625756,-0.527650607639107
0.0,1.0,1.0,2.0,-0.16325988102497352,-1.5602716887956556,1.037125205997041,0.40903557216346226,-0.7856431422850524
1.0,1.0,0.0,0.0,0.17090941331946807,-0.17496838961245856,1.106573221323863,-1.2118584192988318,0.07433197320143187
2.0,0.0,1.0,2.0,0.17090941331946807,0.8640090847749392,1.3843652826311503,0.40903557216346226,0.545448775598376
0.0,2.0,1.0,1.0,-0.4974291753694151,-0.2615498458114084,0.13430100674835738,-1.2118584192988318,-0.5407371854834665
1.0,2.0,1.0,1.0,0.0038247661472472732,1.3834978219686382,1.037125205997041,1.2194825678946093,0.6015341092170593
1.0,0.0,1.0,1.0,1.6746712378694553,0.25793889138229054,0.13430100674835738,-1.2118584192988318,1.6671554479720505
1.0,2.0,1.0,1.0,-0.33034452819719434,-0.434712758209308,0.5509890987092884,0.40903557216346226,-0.464087229537932
0.0,0.0,2.0,1.0,1.006332649180572,-0.08838693341350874,1.037125205997041,-1.2118584192988318,0.8520485993805134
2.0,1.0,0.0,2.0,1.3405019435250136,-1.4736902325967058,0.8982291753433975,2.029929563625756,0.30989037439990397
2.0,1.0,0.0,1.0,-0.4974291753694151,-1.0407829516019567,1.6621573439384376,0.40903557216346226,-0.8267723869387537
1.0,1.0,1.0,2.0,0.0038247661472472732,1.3834978219686382,0.2037490220751792,-0.4014114235676847,0.6015341092170593
1.0,2.0,1.0,0.0,0.6721633548361304,-0.8676200392040571,-0.6990751771735045,1.2194825678946093,0.1528514402675888
0.0,2.0,1.0,1.0,-1.3328524112305191,-1.0407829516019567,-0.49073113119303907,0.40903557216346226,-1.462406167950503
1.0,1.0,2.0,2.0,0.8392480020083513,-1.4736902325967058,-0.21293906988575176,1.2194825678946093,-0.04344722739780384
1.0,1.0,1.0,2.0,-0.8315984697138568,1.5566607343665377,-0.21293906988575176,-0.4014114235676847,-0.23974589506319713
1.0,1.0,0.0,1.0,-0.33034452819719434,0.9505905409738891,0.5509890987092884,0.40903557216346226,0.07433197320143187
1.0,2.0,2.0,1.0,-0.16325988102497352,1.6432421905654877,-1.5324513610953665,-0.4014114235676847,0.5286231755127703
1.0,2.0,2.0,1.0,-2.836614235780506,1.3834978219686382,-0.9074192231539701,1.2194825678946093,-2.449508039639337
1.0,2.0,1.0,1.0,0.17090941331946807,1.6432421905654877,1.106573221323863,1.2194825678946093,0.8987863773960831
0.0,0.0,0.0,1.0,0.0038247661472472732,-1.4736902325967058,-0.14349105455892994,-1.2118584192988318,-0.6323432303939834
1.0,2.0,1.0,1.0,1.841755885041676,1.1237534533717888,0.34264505272882284,1.2194825678946093,2.4018733183768086
1.0,2.0,1.0,2.0,0.8392480020083513,0.51768325997914,-0.6990751771735045,0.40903557216346226,1.0315216669603016
2.0,1.0,1.0,1.0,-0.6645138225416359,0.51768325997914,1.5927093286116158,-0.4014114235676847,-0.4154799404017395
2.0,1.0,2.0,1.0,0.6721633548361304,1.0371719971728388,0.2037490220751792,-1.2118584192988318,1.1399533119564238
0.0,1.0,1.0,1.0,0.0038247661472472732,-1.0407829516019567,0.34264505272882284,-1.2118584192988318,-0.4453921183317039
0.0,0.0,1.0,1.0,-1.8341063527471815,-1.2139458639998564,1.7316053592652594,1.2194825678946093,-1.8774376367287628
1.0,1.0,1.0,1.0,-1.6670217055749608,0.7774276285759895,-0.9074192231539701,2.029929563625756,-1.3240623450244162
1.0,2.0,2.0,0.0,-0.33034452819719434,1.2103349095707385,0.41209306805564466,-1.2118584192988318,0.17528557371506248
0.0,2.0,0.0,1.0,1.6746712378694553,-0.7810385830051073,-0.35183510053939543,1.2194825678946093,0.9941314445478452
1.0,1.0,1.0,2.0,-1.3328524112305191,-0.2615498458114084,-1.2546592997880792,0.40903557216346226,-1.2604989669232414
0.0,2.0,1.0,1.0,0.8392480020083513,-0.2615498458114084,1.5927093286116158,-1.2118584192988318,0.6108816648201734
0.0,2.0,1.0,1.0,-0.9986831168860775,-0.0018054772145589292,-1.324107315114901,-0.4014114235676847,-0.8940747872811741
1.0,1.0,1.0,2.0,-2.5024449414360648,1.1237534533717888,0.41209306805564466,-0.4014114235676847,-2.118604571289103
0.0,1.0,0.0,1.0,-0.8315984697138568,1.1237534533717888,0.34264505272882284,-1.2118584192988318,-0.3799592291099062
0.0,1.0,2.0,2.0,-1.1657677640582984,-0.6944571268061575,-1.324107315114901,-0.4014114235676847,-1.238064833475768
0.0,2.0,1.0,1.0,0.3379940604916889,0.9505905409738891,0.689885129362932,0.40903557216346226,0.7548340211081283
1.0,1.0,1.0,1.0,-1.1657677640582984,-0.6078756706072076,-1.67134739174901,-0.4014114235676847,-1.2137611889076716
1.0,2.0,2.0,0.0,-1.6670217055749608,1.3834978219686382,1.1760212366506848,-0.4014114235676847,-1.193196566580821
2.0,1.0,0.0,1.0,0.17090941331946807,-1.387108776397756,-0.14349105455892994,0.40903557216346226,-0.47530429626166887
1.0,0.0,1.0,1.0,0.0038247661472472732,-0.7810385830051073,-0.21293906988575176,2.029929563625756,-0.33322145109433676
1.0,1.0,2.0,2.0,1.3405019435250136,0.25793889138229054,1.5927093286116158,-0.4014114235676847,1.3568166019486672
2.0,1.0,1.0,1.0,-1.3328524112305191,-0.434712758209308,-0.004595023905286278,-0.4014114235676847,-1.3053672338181885
1.0,2.0,1.0,1.0,-0.16325988102497352,1.0371719971728388,-1.6018993764221883,1.2194825678946093,0.27997819646993927
1.0,2.0,2.0,1.0,-0.9986831168860775,0.6908461723770396,0.13430100674835738,0.40903557216346226,-0.6846895417714215
1.0,1.0,1.0,1.0,-0.9986831168860775,0.8640090847749392,-1.67134739174901,-0.4014114235676847,-0.6323432303939834
0.0,1.0,1.0,0.0,-0.16325988102497352,-0.8676200392040571,-0.8379712078271482,1.2194825678946093,-0.5014774519503881
0.0,1.0,1.0,1.0,1.6746712378694553,-0.3481313020103582,-0.004595023905286278,1.2194825678946093,1.2745581126412646
1.0,1.0,0.0,1.0,-0.4974291753694151,-0.6078756706072076,-1.1852112844612572,2.029929563625756,-0.6678639416858163
1.0,0.0,1.0,1.0,-0.9986831168860775,0.1713574351833407,1.3843652826311503,-0.4014114235676847,-0.8417284759037363
1.0,0.0,2.0,1.0,-0.6645138225416359,-0.5212942144082578,0.06485299142153556,2.840376559356903,-0.7744260755613156
1.0,2.0,0.0,0.0,-0.33034452819719434,-1.0407829516019567,0.9676771906702193,-1.2118584192988318,-0.6996456307364038
2.0,2.0,2.0,0.0,0.17090941331946807,-0.0018054772145589292,1.037125205997041,-0.4014114235676847,0.15285144026758946
1.0,2.0,2.0,1.0,-0.9986831168860775,1.5566607343665377,0.5509890987092884,1.2194825678946093,-0.42295798488423086
1.0,2.0,2.0,0.0,0.3379940604916889,-1.1273644078009066,-1.1852112844612572,0.40903557216346226,-0.2322678505807058
0.0,0.0,0.0,2.0,-0.9986831168860775,-1.7334346011935553,-0.5601791465198609,1.2194825678946093,-1.417537901055556
2.0,1.0,2.0,2.0,1.3405019435250136,0.9505905409738891,-0.42128311586621725,-0.4014114235676847,1.775587092968173
1.0,2.0,0.0,1.0,-0.16325988102497352,0.34452034758124034,0.689885129362932,-0.4014114235676847,-0.00418749386472538
1.0,1.0,0.0,1.0,0.3379940604916889,-1.2139458639998564,1.3843652826311503,-0.4014114235676847,-0.27339709523440703
1.0,0.0,0.0,1.0,0.3379940604916889,-1.7334346011935553,0.5509890987092884,1.2194825678946093,-0.520172563156616
2.0,2.0,1.0,1.0,0.8392480020083513,0.1713574351833407,-0.21293906988575176,-1.2118584192988318,0.8445705548980224
0.0,1.0,2.0,1.0,-1.1657677640582984,1.0371719971728388,-0.35183510053939543,2.029929563625756,-0.7519919421138419
1.0,1.0,0.0,1.0,-0.16325988102497352,-1.1273644078009066,-1.740795407075832,-1.2118584192988318,-0.6080395858258869
0.0,2.0,2.0,1.0,0.5050787076639097,-1.1273644078009066,-0.42128311586621725,-0.4014114235676847,-0.10701060549897874
1.0,0.0,1.0,2.0,-1.3328524112305191,0.7774276285759895,-0.8379712078271482,2.029929563625756,-0.9912893655535595
0.0,2.0,1.0,1.0,1.3405019435250136,-0.6078756706072076,-0.35183510053939543,-1.2118584192988318,0.8333534881742852
1.0,1.0,1.0,1.0,0.0038247661472472732,0.25793889138229054,-0.004595023905286278,-1.2118584192988318,0.11546121785513308
2.0,0.0,1.0,1.0,0.0038247661472472732,1.7298236467644375,-0.9768672384807918,1.2194825678946093,0.7510949988668828
1.0,1.0,1.0,2.0,-0.8315984697138568,-1.0407829516019567,-0.5601791465198609,1.2194825678946093,-1.0810258993434532
2.0,1.0,1.0,2.0,0.0038247661472472732,-1.4736902325967058,-1.3935553304417228,0.40903557216346226,-0.6323432303939834
0.0,0.0,1.0,2.0,0.3379940604916889,0.1713574351833407,-0.5601791465198609,-0.4014114235676847,0.3846708192248154
2.0,1.0,1.0,1.0,-0.9986831168860775,0.43110180378019014,-0.004595023905286278,0.40903557216346226,-0.7632090088375787
2.0,1.0,1.0,2.0,-0.8315984697138568,-1.6468531449946056,-1.1157632691344355,-1.2118584192988318,-1.2773245670088464
0.0,0.0,0.0,1.0,-0.4974291753694151,0.34452034758124034,-0.2823870852125736,-1.2118584192988318,-0.3182653621293544
0.0,1.0,1.0,1.0,-0.16325988102497352,-1.4736902325967058,0.2037490220751792,1.2194825678946093,-0.7501224309932191
1.0,1.0,1.0,2.0,0.17090941331946807,-0.6078756706072076,1.6621573439384376,0.40903557216346226,-0.12196669446396109
1.0,2.0,0.0,1.0,-2.168275647091623,1.3834978219686382,-1.740795407075832,-0.4014114235676847,-1.731615769320185
1.0,2.0,1.0,1.0,-1.1657677640582984,-0.08838693341350874,-1.5324513610953665,-0.4014114235676847,-1.067939321499094
2.0,0.0,0.0,1.0,0.0038247661472472732,1.2969163657696883,0.5509890987092884,-0.4014114235676847,0.5641438868046036
0.0,0.0,1.0,2.0,-1.3328524112305191,-0.2615498458114084,-0.7685231925003264,0.40903557216346226,-1.2604989669232414
2.0,2.0,1.0,1.0,-1.1657677640582984,1.0371719971728388,1.2454692519775066,0.40903557216346226,-0.7519919421138419
2.0,1.0,1.0,2.0,-0.4974291753694151,-0.6078756706072076,1.5232613132847939,-0.4014114235676847,-0.6678639416858163
1.0,1.0,0.0,1.0,0.8392480020083513,-0.08838693341350874,-1.4630033457685447,-0.4014114235676847,0.704357220851313
2.0,2.0,1.0,1.0,-1.6670217055749608,1.2969163657696883,-0.7685231925003264,2.029929563625756,-1.2118916777870488
1.0,2.0,0.0,1.0,0.3379940604916889,-1.6468531449946056,-0.0740430392321081,-0.4014114235676847,-0.4790433185029144
1.0,2.0,2.0,2.0,-1.3328524112305191,-1.387108776397756,0.41209306805564466,-0.4014114235676847,-1.552142701740397
1.0,2.0,0.0,1.0,-1.1657677640582984,0.43110180378019014,-0.21293906988575176,0.40903557216346226,-0.9221174540905163
1.0,0.0,2.0,1.0,0.17090941331946807,-0.08838693341350874,0.48154108338246654,-0.4014114235676847,0.11359170673451066
1.0,1.0,2.0,1.0,-1.1657677640582984,-0.434712758209308,-1.4630033457685447,-0.4014114235676847,-1.165153899771479
0.0,1.0,1.0,2.0,0.6721633548361304,1.470079278167588,-0.49073113119303907,-0.4014114235676847,1.3642946464311587
1.0,2.0,0.0,2.0,0.5050787076639097,0.08477597898439089,-1.1157632691344355,0.40903557216346226,0.49497197534156073
2.0,1.0,1.0,1.0,0.17090941331946807,-0.9542014954030069,-0.9074192231539701,0.40903557216346226,-0.2790056285962759
2.0,1.0,2.0,2.0,0.3379940604916889,0.43110180378019014,1.5232613132847939,-1.2118584192988318,0.5080585531859196
1.0,2.0,1.0,2.0,0.17090941331946807,0.25793889138229054,0.2037490220751792,0.40903557216346226,0.27063064086682515
2.0,2.0,1.0,2.0,0.5050787076639097,-0.3481313020103582,0.48154108338246654,-1.2118584192988318,0.27997819646993927
0.0,0.0,1.0,2.0,-0.6645138225416359,-1.7334346011935553,-0.6296271618466828,-0.4014114235676847,-1.193196566580821
1.0,1.0,2.0,0.0,2.0088405322138967,0.6042647161780897,1.7316053592652594,0.40903557216346226,2.216791717435152
1.0,2.0,1.0,2.0,0.6721633548361304,0.7774276285759895,1.6621573439384376,0.40903557216346226,1.0053485112715823
1.0,1.0,1.0,0.0,-1.1657677640582984,1.3834978219686382,-0.42128311586621725,0.40903557216346226,-0.6547773638414568
1.0,1.0,2.0,2.0,0.8392480020083513,-0.6944571268061575,0.9676771906702193,0.40903557216346226,0.3771927747423244
2.0,1.0,2.0,1.0,-0.16325988102497352,-0.5212942144082578,-1.4630033457685447,-1.2118584192988318,-0.3593946067830556
1.0,1.0,1.0,2.0,-0.9986831168860775,-1.7334346011935553,1.106573221323863,-0.4014114235676847,-1.417537901055556
0.0,1.0,1.0,2.0,-0.8315984697138568,1.5566607343665377,-0.35183510053939543,-0.4014114235676847,-0.23974589506319713
1.0,1.0,0.0,1.0,-0.16325988102497352,1.470079278167588,1.3149172673043283,0.40903557216346226,0.45758175292910436
2.0,2.0,0.0,2.0,0.17090941331946807,-1.5602716887956556,-1.4630033457685447,-1.2118584192988318,-0.5538237633278261
1.0,0.0,2.0,2.0,0.8392480020083513,0.6908461723770396,-1.5324513610953665,0.40903557216346226,1.1249972229914411
1.0,2.0,0.0,1.0,-0.33034452819719434,1.5566607343665377,-0.7685231925003264,-1.2118584192988318,0.30989037439990397
1.0,0.0,2.0,1.0,-1.3328524112305191,1.5566607343665377,0.8287811600165756,0.40903557216346226,-0.789382164526298
1.0,1.0,2.0,1.0,0.8392480020083513,-1.1273644078009066,-0.7685231925003264,-1.2118584192988318,0.14350388466447536
0.0,2.0,1.0,1.0,0.8392480020083513,-0.7810385830051073,1.453813297957972,0.40903557216346226,0.33045499672675455
1.0,1.0,1.0,0.0,1.3405019435250136,0.08477597898439089,-1.3935553304417228,0.40903557216346226,1.252123979193791
0.0,1.0,1.0,1.0,-0.8315984697138568,0.7774276285759895,-1.324107315114901,0.40903557216346226,-0.492129896347274
1.0,2.0,1.0,0.0,-1.3328524112305191,1.5566607343665377,-1.67134739174901,-1.2118584192988318,-0.789382164526298
1.0,1.0,1.0,1.0,-0.4974291753694151,1.0371719971728388,1.6621573439384376,-0.4014114235676847,-0.06401184972465444
2.0,1.0,0.0,1.0,-0.16325988102497352,1.7298236467644375,-0.6296271618466828,-0.4014114235676847,0.5641438868046036
2.0,0.0,1.0,2.0,0.6721633548361304,0.08477597898439089,-0.5601791465198609,-1.2118584192988318,0.6464023761120067
1.0,2.0,1.0,2.0,1.173417296352793,-1.4736902325967058,-0.7685231925003264,-0.4014114235676847,0.19211117380066825
1.0,2.0,1.0,2.0,-0.6645138225416359,-0.6078756706072076,-0.9074192231539701,-1.2118584192988318,-0.8043382534912803
1.0,1.0,1.0,0.0,0.17090941331946807,-0.3481313020103582,-0.5601791465198609,-0.4014114235676847,-0.004187493864725048
2.0,0.0,1.0,1.0,0.6721633548361304,1.2103349095707385,0.7593331446897538,0.40903557216346226,1.2296898457463172
0.0,2.0,1.0,2.0,-0.6645138225416359,1.1237534533717888,-1.6018993764221883,0.40903557216346226,-0.2060946948919866
1.0,1.0,1.0,1.0,1.3405019435250136,0.25793889138229054,0.06485299142153556,-0.4014114235676847,1.3568166019486672
1.0,1.0,1.0,2.0,-0.4974291753694151,-1.5602716887956556,0.2037490220751792,-1.2118584192988318,-1.0174625212422788
1.0,1.0,0.0,1.0,-1.4999370584027398,0.9505905409738891,-0.9768672384807918,-0.4014114235676847,-1.1165466106352866
1.0,1.0,0.0,1.0,1.6746712378694553,-0.5212942144082578,1.6621573439384376,-0.4014114235676847,1.162387445403897
1.0,2.0,2.0,1.0,-0.4974291753694151,-0.08838693341350874,0.2037490220751792,0.40903557216346226,-0.47717380738229165
1.0,0.0,1.0,1.0,-0.9986831168860775,-1.5602716887956556,0.8287811600165756,-0.4014114235676847,-1.365191589678118
1.0,1.0,1.0,1.0,0.0038247661472472732,1.7298236467644375,-0.7685231925003264,-1.2118584192988318,0.7510949988668828
0.0,0.0,0.0,1.0,-0.8315984697138568,1.2969163657696883,0.8982291753433975,-0.4014114235676847,-0.32387389549122264
1.0,1.0,1.0,1.0,0.8392480020083513,0.25793889138229054,0.5509890987092884,0.40903557216346226,0.8913083329135921
1.0,1.0,1.0,2.0,-0.6645138225416359,0.25793889138229054,-0.21293906988575176,-0.4014114235676847,-0.5052164741916336
0.0,1.0,0.0,1.0,0.0038247661472472732,-1.0407829516019567,-0.6990751771735045,-0.4014114235676847,-0.4453921183317039
1.0,2.0,1.0,1.0,-0.4974291753694151,0.1713574351833407,-0.6990751771735045,-0.4014114235676847,-0.3818287402305293
1.0,2.0,2.0,1.0,-2.001190999919402,0.7774276285759895,-0.9074192231539701,0.40903557216346226,-1.6568353244952736
1.0,2.0,1.0,1.0,-0.16325988102497352,0.7774276285759895,-1.6018993764221883,0.40903557216346226,0.17341606259444006
1.0,1.0,1.0,1.0,-0.4974291753694151,-1.3005273201988061,-0.6990751771735045,-1.2118584192988318,-0.9221174540905159
2.0,1.0,2.0,1.0,1.173417296352793,-1.7334346011935553,-0.49073113119303907,-0.4014114235676847,0.04068077303022167
0.0,1.0,2.0,1.0,-0.16325988102497352,1.6432421905654877,-1.4630033457685447,-1.2118584192988318,0.5286231755127703
0.0,1.0,2.0,1.0,0.0038247661472472732,0.6042647161780897,-0.004595023905286278,1.2194825678946093,0.2650221075049566
1.0,2.0,1.0,1.0,-0.16325988102497352,0.6908461723770396,1.3843652826311503,0.40903557216346226,0.13789535130260677
1.0,2.0,2.0,2.0,1.173417296352793,-0.9542014954030069,0.34264505272882284,-0.4014114235676847,0.49497197534156007
0.0,2.0,2.0,1.0,-0.16325988102497352,0.43110180378019014,0.6204371140361101,1.2194825678946093,0.031333217427107575
1.0,0.0,2.0,2.0,-0.8315984697138568,-0.6078756706072076,1.2454692519775066,-0.4014114235676847,-0.9408125652967442
0.0,1.0,1.0,2.0,0.6721633548361304,0.43110180378019014,0.5509890987092884,-0.4014114235676847,0.8258754436917942
2.0,1.0,2.0,2.0,0.6721633548361304,-0.2615498458114084,0.34264505272882284,-0.4014114235676847,0.4669293085322185
0.0,1.0,1.0,1.0,0.8392480020083513,-0.434712758209308,-0.8379712078271482,1.2194825678946093,0.5174061087890338
2.0,2.0,1.0,1.0,0.0038247661472472732,-0.9542014954030069,0.06485299142153556,-0.4014114235676847,-0.4080018959192485
1.0,1.0,1.0,2.0,0.0038247661472472732,-0.9542014954030069,1.453813297957972,0.40903557216346226,-0.4080018959192485
1.0,1.0,2.0,2.0,0.6721633548361304,0.7774276285759895,-0.49073113119303907,-1.2118584192988318,1.0053485112715823
1.0,2.0,0.0,1.0,1.006332649180572,0.1713574351833407,0.273197037402001,-0.4014114235676847,0.9978704667890914
1.0,0.0,1.0,1.0,-2.168275647091623,-1.4736902325967058,1.5232613132847939,-0.4014114235676847,-2.16347283818405
2.0,2.0,1.0,2.0,-0.4974291753694151,-1.4736902325967058,-1.5324513610953665,-0.4014114235676847,-0.9856808321916909
2.0,0.0,1.0,1.0,-0.4974291753694151,0.9505905409738891,-1.4630033457685447,1.2194825678946093,-0.0957935387752419
1.0,1.0,2.0,1.0,-1.8341063527471815,1.3834978219686382,-0.8379712078271482,-0.4014114235676847,-1.3726696341606088
2.0,0.0,2.0,1.0,0.5050787076639097,1.0371719971728388,-0.2823870852125736,0.40903557216346226,0.9679582888591267
0.0,1.0,2.0,1.0,0.0038247661472472732,0.1713574351833407,-0.42128311586621725,-0.4014114235676847,0.07807099544267737
1.0,1.0,0.0,1.0,0.17090941331946807,-1.1273644078009066,-0.9768672384807918,-1.2118584192988318,-0.35752509566243285
0.0,0.0,1.0,1.0,1.173417296352793,1.0371719971728388,0.5509890987092884,0.40903557216346226,1.6559383812483142
1.0,1.0,1.0,1.0,-0.33034452819719434,-1.387108776397756,1.037125205997041,-0.4014114235676847,-0.834250431421245
2.0,1.0,1.0,2.0,0.3379940604916889,1.6432421905654877,-0.5601791465198609,-0.4014114235676847,1.08386797833774
0.0,2.0,1.0,1.0,-1.8341063527471815,-0.17496838961245856,1.7316053592652594,0.40903557216346226,-1.675530435701501
0.0,2.0,2.0,2.0,0.8392480020083513,1.2103349095707385,-0.2823870852125736,2.029929563625756,1.40542389108486
2.0,2.0,1.0,1.0,1.173417296352793,1.6432421905654877,-1.1157632691344355,0.40903557216346226,2.009275983046022
1.0,2.0,2.0,1.0,2.5100944737305593,-0.2615498458114084,0.9676771906702193,2.840376559356903,2.050405227699723
1.0,2.0,0.0,1.0,0.0038247661472472732,0.51768325997914,-1.0463152538076137,-0.4014114235676847,0.22763188509250087
1.0,0.0,1.0,1.0,0.3379940604916889,-0.6944571268061575,-0.2823870852125736,-0.4014114235676847,-0.026621627312198737
2.0,2.0,1.0,1.0,-2.168275647091623,0.9505905409738891,1.3149172673043283,1.2194825678946093,-1.797048658541983
0.0,1.0,1.0,1.0,1.173417296352793,-0.17496838961245856,1.5927093286116158,-0.4014114235676847,0.9492631776528991
1.0,2.0,1.0,2.0,1.173417296352793,0.43110180378019014,-0.6296271618466828,0.40903557216346226,1.3026007794506063
1.0,0.0,2.0,1.0,1.006332649180572,1.5566607343665377,-0.49073113119303907,-0.4014114235676847,1.775587092968173
0.0,1.0,0.0,2.0,0.6721633548361304,1.6432421905654877,-1.6018993764221883,-0.4014114235676847,1.4540311802210522
1.0,1.0,1.0,2.0,1.006332649180572,-0.9542014954030069,-0.9768672384807918,-0.4014114235676847,0.3659757080185872
0.0,0.0,2.0,1.0,-0.4974291753694151,-0.08838693341350874,-0.9074192231539701,-0.4014114235676847,-0.47717380738229165
1.0,1.0,0.0,1.0,-0.8315984697138568,1.7298236467644375,-0.0740430392321081,0.40903557216346226,-0.18366056144451323
1.0,1.0,1.0,1.0,-1.1657677640582984,1.6432421905654877,-1.1852112844612572,-0.4014114235676847,-0.5818664301371681
0.0,1.0,1.0,1.0,-1.3328524112305191,-1.4736902325967058,-1.324107315114901,2.029929563625756,-1.5745768351878704
1.0,1.0,0.0,1.0,2.175925179386118,0.6908461723770396,0.6204371140361101,-0.4014114235676847,2.441133051909887
0.0,1.0,2.0,1.0,0.3379940604916889,-0.0018054772145589292,-0.21293906988575176,0.40903557216346226,0.30241232991741296
2.0,1.0,2.0,1.0,-0.16325988102497352,-0.5212942144082578,-1.2546592997880792,-0.4014114235676847,-0.3593946067830556
1.0,1.0,1.0,1.0,1.006332649180572,-0.2615498458114084,-0.9768672384807918,-0.4014114235676847,0.7548340211081283
2.0,2.0,1.0,1.0,-1.6670217055749608,1.2103349095707385,-0.0740430392321081,1.2194825678946093,-1.2305867889932771
2.0,0.0,0.0,1.0,1.173417296352793,-1.0407829516019567,0.34264505272882284,1.2194825678946093,0.44449517508474545
1.0,2.0,2.0,2.0,0.0038247661472472732,-1.4736902325967058,1.3843652826311503,0.40903557216346226,-0.6323432303939834
2.0,1.0,1.0,2.0,0.3379940604916889,-0.3481313020103582,0.48154108338246654,-1.2118584192988318,0.13789535130260677
1.0,2.0,1.0,1.0,0.5050787076639097,-0.08838693341350874,-1.4630033457685447,0.40903557216346226,0.40897446379291214
1.0,1.0,2.0,0.0,-0.6645138225416359,-0.9542014954030069,-1.4630033457685447,2.029929563625756,-0.9239869652111391
1.0,1.0,2.0,1.0,1.5075865906972346,-1.0407829516019567,-1.5324513610953665,-0.4014114235676847,0.6987486874894451
0.0,2.0,1.0,1.0,-1.8341063527471815,0.8640090847749392,-0.6990751771735045,1.2194825678946093,-1.4736232346742397
1.0,1.0,1.0,2.0,0.5050787076639097,1.3834978219686382,-0.9074192231539701,-1.2118584192988318,1.1399533119564231
2.0,2.0,1.0,0.0,0.0038247661472472732,-1.0407829516019567,-1.3935553304417228,-1.2118584192988318,-0.4453921183317039
2.0,2.0,1.0,2.0,1.3405019435250136,0.6042647161780897,-0.9074192231539701,0.40903557216346226,1.56620184745842
0.0,2.0,0.0,1.0,-1.1657677640582984,-1.7334346011935553,-0.7685231925003264,-0.4014114235676847,-1.5297085682929237
2.0,1.0,0.0,1.0,0.0038247661472472732,-0.7810385830051073,1.1760212366506848,-0.4014114235676847,-0.33322145109433676
1.0,1.0,2.0,1.0,0.5050787076639097,1.5566607343665377,-0.6296271618466828,-0.4014114235676847,1.2259508235050718
1.0,1.0,2.0,1.0,0.0038247661472472732,0.43110180378019014,-1.1157632691344355,-0.4014114235676847,0.19024166268004516
2.0,1.0,2.0,1.0,1.3405019435250136,-0.5212942144082578,1.037125205997041,0.40903557216346226,0.8856997995517236
2.0,1.0,0.0,2.0,-0.33034452819719434,-0.3481313020103582,1.3843652826311503,0.40903557216346226,-0.4304360293667219
2.0,0.0,1.0,1.0,-0.33034452819719434,0.8640090847749392,-0.9074192231539701,1.2194825678946093,0.04068077303022167
0.0,0.0,2.0,1.0,-0.16325988102497352,-1.6468531449946056,0.5509890987092884,-0.4014114235676847,-0.8211638535768854
0.0,2.0,1.0,2.0,1.5075865906972346,-0.6078756706072076,-0.49073113119303907,-0.4014114235676847,0.9698277999797491
1.0,1.0,1.0,0.0,-0.16325988102497352,-0.8676200392040571,-0.5601791465198609,2.840376559356903,-0.5014774519503881
1.0,1.0,1.0,2.0,-0.9986831168860775,0.6042647161780897,-1.3935553304417228,0.40903557216346226,-0.7108626974601406
1.0,1.0,0.0,1.0,0.0038247661472472732,-0.2615498458114084,-0.9768672384807918,0.40903557216346226,-0.1088801166196015
1.0,1.0,1.0,0.0,-0.8315984697138568,0.34452034758124034,0.48154108338246654,-0.4014114235676847,-0.6323432303939834
0.0,1.0,1.0,1.0,-0.4974291753694151,-0.08838693341350874,-0.5601791465198609,-0.4014114235676847,-0.47717380738229165
1.0,1.0,1.0,2.0,1.173417296352793,-0.5212942144082578,-0.0740430392321081,0.40903557216346226,0.7473559766256372
2.0,1.0,0.0,2.0,0.17090941331946807,0.51768325997914,-1.1157632691344355,0.40903557216346226,0.3884098414660609
0.0,2.0,0.0,1.0,1.841755885041676,-1.387108776397756,0.41209306805564466,-0.4014114235676847,0.7211828209369181
1.0,0.0,2.0,1.0,-0.6645138225416359,-0.3481313020103582,-1.324107315114901,-0.4014114235676847,-0.7146017197013862
1.0,1.0,1.0,1.0,1.173417296352793,-1.0407829516019567,-0.6296271618466828,1.2194825678946093,0.44449517508474545
1.0,1.0,1.0,0.0,1.173417296352793,-1.3005273201988061,-1.2546592997880792,0.40903557216346226,0.29306477431429884
0.0,1.0,2.0,0.0,0.8392480020083513,0.25793889138229054,1.5232613132847939,-1.2118584192988318,0.8913083329135921
1.0,0.0,1.0,0.0,0.8392480020083513,1.6432421905654877,-1.2546592997880792,-0.4014114235676847,1.639112781162709
0.0,2.0,2.0,1.0,0.0038247661472472732,0.9505905409738891,-0.9768672384807918,2.029929563625756,0.4145829971547801
1.0,2.0,1.0,1.0,-0.4974291753694151,0.25793889138229054,-0.004595023905286278,0.40903557216346226,-0.35004705117994184
1.0,1.0,2.0,1.0,0.0038247661472472732,0.6908461723770396,-1.740795407075832,0.40903557216346226,0.30241232991741296
1.0,0.0,1.0,1.0,1.173417296352793,-0.434712758209308,0.7593331446897538,1.2194825678946093,0.7978327768824526
1.0,1.0,1.0,0.0,-0.6645138225416359,1.3834978219686382,0.41209306805564466,-1.2118584192988318,-0.11635816110209284
2.0,1.0,0.0,1.0,0.5050787076639097,1.0371719971728388,-1.4630033457685447,1.2194825678946093,0.9679582888591267
1.0,2.0,1.0,1.0,1.841755885041676,0.1713574351833407,-0.8379712078271482,0.40903557216346226,1.7643700262444357
1.0,0.0,1.0,1.0,-0.33034452819719434,-1.387108776397756,-1.2546592997880792,-0.4014114235676847,-0.834250431421245
0.0,1.0,0.0,1.0,0.0038247661472472732,0.25793889138229054,-1.67134739174901,0.40903557216346226,0.11546121785513308
2.0,1.0,1.0,1.0,-0.6645138225416359,0.8640090847749392,-1.4630033457685447,0.40903557216346226,-0.2958312286818807
0.0,2.0,2.0,1.0,0.8392480020083513,0.6042647161780897,1.453813297957972,1.2194825678946093,1.0782594449758713
2.0,1.0,1.0,2.0,-0.33034452819719434,0.1713574351833407,-0.5601791465198609,-0.4014114235676847,-0.22852882833946028
1.0,1.0,2.0,1.0,-1.3328524112305191,-0.434712758209308,1.5927093286116158,0.40903557216346226,-1.3053672338181885
2.0,2.0,0.0,1.0,0.3379940604916889,1.3834978219686382,1.037125205997041,0.40903557216346226,0.960480244376635
0.0,1.0,0.0,1.0,0.17090941331946807,-0.08838693341350874,0.41209306805564466,0.40903557216346226,0.11359170673451066
1.0,2.0,0.0,1.0,1.5075865906972346,-1.1273644078009066,0.5509890987092884,0.40903557216346226,0.6445328649913836
2.0,0.0,2.0,1.0,-0.8315984697138568,0.9505905409738891,-1.740795407075832,-0.4014114235676847,-0.4360445627285901
2.0,0.0,2.0,0.0,-0.6645138225416359,1.6432421905654877,0.8982291753433975,0.40903557216346226,-0.026621627312198737
1.0,1.0,2.0,1.0,-1.6670217055749608,-0.434712758209308,1.037125205997041,0.40903557216346226,-1.5857939019116072
1.0,0.0,1.0,2.0,-0.9986831168860775,-0.0018054772145589292,1.2454692519775066,1.2194825678946093,-0.8940747872811741
1.0,2.0,1.0,1.0,0.8392480020083513,-0.6078756706072076,0.34264505272882284,1.2194825678946093,0.42393055275789415
1.0,0.0,2.0,1.0,1.3405019435250136,-0.2615498458114084,0.9676771906702193,1.2194825678946093,1.0427387336840388
2.0,1.0,2.0,1.0,-1.4999370584027398,1.3834978219686382,-0.6296271618466828,0.40903557216346226,-1.013723499001033
1.0,1.0,1.0,1.0,0.6721633548361304,0.34452034758124034,-0.9768672384807918,0.40903557216346226,0.7810071767968475
1.0,1.0,1.0,1.0,0.17090941331946807,-0.6078756706072076,-1.324107315114901,2.840376559356903,-0.12196669446396109
1.0,1.0,0.0,2.0,0.0038247661472472732,-0.3481313020103582,-1.6018993764221883,0.40903557216346226,-0.14627033903205752
1.0,2.0,1.0,2.0,1.3405019435250136,-1.5602716887956556,0.8982291753433975,-1.2118584192988318,0.2575440630224656
2.0,2.0,1.0,1.0,-0.6645138225416359,0.51768325997914,1.3149172673043283,-1.2118584192988318,-0.4154799404017395
0.0,2.0,2.0,2.0,-0.33034452819719434,0.34452034758124034,1.1760212366506848,-1.2118584192988318,-0.16122642799703987
0.0,2.0,1.0,2.0,-0.8315984697138568,0.51768325997914,-0.6296271618466828,-1.2118584192988318,-0.5762578967752995
1.0,1.0,1.0,1.0,0.0038247661472472732,-1.4736902325967058,-0.9768672384807918,0.40903557216346226,-0.6323432303939834
1.0,1.0,1.0,1.0,-0.4974291753694151,-0.6944571268061575,-0.9768672384807918,-0.4014114235676847,-0.6996456307364038
0.0,1.0,1.0,0.0,-0.9986831168860775,-1.4736902325967058,0.41209306805564466,-1.2118584192988318,-1.3390184339893987
0.0,2.0,1.0,1.0,0.5050787076639097,-1.387108776397756,-1.0463152538076137,0.40903557216346226,-0.2360068728219513
1.0,1.0,1.0,2.0,-0.4974291753694151,-0.3481313020103582,-0.14349105455892994,1.2194825678946093,-0.572518874534054
1.0,0.0,2.0,1.0,0.17090941331946807,0.9505905409738891,0.273197037402001,0.40903557216346226,0.5847085091314542
0.0,0.0,2.0,2.0,-1.4999370584027398,-1.0407829516019567,-1.740795407075832,0.40903557216346226,-1.5895329241528529
2.0,0.0,2.0,1.0,0.6721633548361304,0.34452034758124034,1.2454692519775066,0.40903557216346226,0.7810071767968475
0.0,2.0,1.0,2.0,2.3430098265583386,1.0371719971728388,-0.49073113119303907,-1.2118584192988318,2.859903542929392
1.0,1.0,2.0,2.0,-1.8341063527471815,-1.387108776397756,1.6621573439384376,3.65082355508805,-1.9110888368999732
2.0,1.0,1.0,1.0,0.17090941331946807,0.6042647161780897,1.037125205997041,1.2194825678946093,0.42766957499913966
0.0,1.0,1.0,1.0,0.8392480020083513,-1.387108776397756,-1.5324513610953665,-0.4014114235676847,0.003290550617765961
1.0,1.0,2.0,0.0,-0.16325988102497352,-0.434712758209308,-0.7685231925003264,0.40903557216346226,-0.32387389549122264
0.0,1.0,1.0,1.0,0.8392480020083513,-0.6944571268061575,-1.6018993764221883,-1.2118584192988318,0.3771927747423244
1.0,2.0,1.0,1.0,0.3379940604916889,1.5566607343665377,-1.0463152538076137,-0.4014114235676847,1.0427387336840381
2.0,1.0,2.0,1.0,0.3379940604916889,-1.0407829516019567,1.1760212366506848,0.40903557216346226,-0.19113860592700424
2.0,2.0,0.0,1.0,-0.6645138225416359,-0.5212942144082578,0.273197037402001,-1.2118584192988318,-0.7744260755613156
1.0,1.0,0.0,1.0,-0.8315984697138568,0.7774276285759895,-1.3935553304417228,-0.4014114235676847,-0.492129896347274
1.0,1.0,1.0,2.0,-0.4974291753694151,0.6908461723770396,-1.740795407075832,1.2194825678946093,-0.19113860592700424
0.0,2.0,2.0,2.0,0.5050787076639097,0.7774276285759895,-0.6296271618466828,-1.2118584192988318,0.8389620215361538
1.0,1.0,2.0,1.0,0.8392480020083513,-0.3481313020103582,-0.9768672384807918,-0.4014114235676847,0.5641438868046036
1.0,2.0,1.0,0.0,0.3379940604916889,0.08477597898439089,-0.2823870852125736,0.40903557216346226,0.34354157457111417
0.0,1.0,2.0,2.0,0.6721633548361304,-0.8676200392040571,-1.1157632691344355,0.40903557216346226,0.1528514402675888
1.0,2.0,2.0,1.0,0.3379940604916889,-0.08838693341350874,1.2454692519775066,-1.2118584192988318,0.26128308526371175
2.0,1.0,0.0,2.0,0.8392480020083513,0.6042647161780897,-1.6018993764221883,-0.4014114235676847,1.0782594449758713
1.0,1.0,2.0,1.0,0.3379940604916889,-0.0018054772145589292,-1.67134739174901,0.40903557216346226,0.30241232991741296
1.0,2.0,0.0,1.0,-1.1657677640582984,1.6432421905654877,0.5509890987092884,-0.4014114235676847,-0.5818664301371681
1.0,2.0,2.0,1.0,1.6746712378694553,-0.6944571268061575,-0.8379712078271482,-0.4014114235676847,1.050216778166529
1.0,2.0,2.0,1.0,-0.9986831168860775,-0.7810385830051073,0.9676771906702193,-1.2118584192988318,-1.129633188479646
1.0,1.0,1.0,1.0,-0.16325988102497352,1.5566607343665377,0.8287811600165756,-1.2118584192988318,0.4931024642209377
1.0,2.0,1.0,2.0,-0.8315984697138568,-1.387108776397756,-0.5601791465198609,0.40903557216346226,-1.193196566580821
1.0,2.0,1.0,1.0,0.17090941331946807,0.6908461723770396,1.106573221323863,0.40903557216346226,0.4669293085322185
0.0,1.0,2.0,1.0,-1.3328524112305191,1.470079278167588,-1.2546592997880792,-1.2118584192988318,-0.8118162979737713
1.0,2.0,1.0,2.0,0.5050787076639097,-1.4736902325967058,0.06485299142153556,0.40903557216346226,-0.2790056285962756
1.0,1.0,1.0,2.0,0.17090941331946807,0.43110180378019014,0.34264505272882284,1.2194825678946093,0.34915010793298207
1.0,1.0,1.0,1.0,-0.8315984697138568,0.8640090847749392,-1.3935553304417228,-0.4014114235676847,-0.464087229537932
1.0,2.0,1.0,2.0,-0.6645138225416359,-0.0018054772145589292,0.06485299142153556,-0.4014114235676847,-0.5949530079815274
1.0,0.0,1.0,1.0,2.3430098265583386,-1.6468531449946056,-0.004595023905286278,-0.4014114235676847,0.8894388217929691
0.0,1.0,1.0,1.0,-0.16325988102497352,-1.5602716887956556,0.7593331446897538,-0.4014114235676847,-0.7856431422850524
0.0,2.0,2.0,1.0,0.5050787076639097,0.25793889138229054,0.9676771906702193,-0.4014114235676847,0.5809694868902087
1.0,1.0,1.0,1.0,1.173417296352793,0.7774276285759895,-0.9074192231539701,-1.2118584192988318,1.5045079804778683
0.0,2.0,1.0,1.0,-0.16325988102497352,1.470079278167588,0.2037490220751792,0.40903557216346226,0.45758175292910436
0.0,1.0,1.0,1.0,0.0038247661472472732,-0.5212942144082578,-1.1157632691344355,2.840376559356903,-0.22105078385696894
0.0,0.0,1.0,1.0,-0.33034452819719434,1.470079278167588,-0.35183510053939543,-1.2118584192988318,0.27623917422869376
1.0,2.0,0.0,1.0,-0.16325988102497352,0.25793889138229054,-0.42128311586621725,2.840376559356903,-0.03970820515655834
0.0,0.0,1.0,1.0,0.3379940604916889,0.7774276285759895,0.2037490220751792,2.029929563625756,0.6725755318007258
1.0,1.0,2.0,1.0,-0.16325988102497352,1.2103349095707385,1.106573221323863,-0.4014114235676847,0.3510196190536052
1.0,0.0,2.0,1.0,0.3379940604916889,-1.3005273201988061,0.689885129362932,0.40903557216346226,-0.3145263398881086
0.0,2.0,1.0,1.0,0.0038247661472472732,-1.3005273201988061,-0.2823870852125736,0.40903557216346226,-0.5575627855690717
1.0,0.0,0.0,1.0,-1.4999370584027398,1.2103349095707385,1.3149172673043283,0.40903557216346226,-1.0548527436547344
1.0,1.0,0.0,1.0,-2.836614235780506,1.6432421905654877,-0.49073113119303907,0.40903557216346226,-2.432682439553732
1.0,0.0,1.0,1.0,0.8392480020083513,1.2969163657696883,0.2037490220751792,4.461270550819197,1.4521616691004298
1.0,1.0,1.0,2.0,-0.33034452819719434,-0.08838693341350874,0.41209306805564466,-0.4014114235676847,-0.3294824288530909
1.0,1.0,2.0,1.0,0.3379940604916889,-0.9542014954030069,0.5509890987092884,-0.4014114235676847,-0.15000936127330303
0.0,1.0,1.0,2.0,-0.16325988102497352,1.6432421905654877,-0.21293906988575176,1.2194825678946093,0.5286231755127703
1.0,2.0,0.0,0.0,-1.1657677640582984,1.5566607343665377,0.41209306805564466,-0.4014114235676847,-0.6061700747052642
0.0,1.0,2.0,2.0,1.5075865906972346,-0.3481313020103582,1.2454692519775066,-1.2118584192988318,1.1324752674739322
1.0,1.0,0.0,1.0,0.5050787076639097,-1.1273644078009066,1.5232613132847939,-0.4014114235676847,-0.10701060549897874
0.0,1.0,2.0,1.0,-0.33034452819719434,-0.08838693341350874,1.1760212366506848,-0.4014114235676847,-0.3294824288530909
1.0,2.0,0.0,1.0,0.6721633548361304,-0.2615498458114084,1.453813297957972,-1.2118584192988318,0.4669293085322185
2.0,2.0,1.0,2.0,1.3405019435250136,-1.6468531449946056,0.06485299142153556,-0.4014114235676847,0.20519775164502718
0.0,2.0,2.0,1.0,0.6721633548361304,-0.2615498458114084,0.8982291753433975,-0.4014114235676847,0.4669293085322185
0.0,1.0,2.0,1.0,0.8392480020083513,-1.387108776397756,0.9676771906702193,0.40903557216346226,0.003290550617765961
1.0,0.0,1.0,1.0,1.006332649180572,-1.1273644078009066,-0.2823870852125736,0.40903557216346226,0.26876112974620275
2.0,2.0,1.0,2.0,1.006332649180572,-0.6944571268061575,0.41209306805564466,-1.2118584192988318,0.5117975754271652
1.0,1.0,1.0,2.0,2.67717912090278,-1.387108776397756,0.48154108338246654,0.40903557216346226,1.3194263795362113
0.0,1.0,1.0,1.0,-1.1657677640582984,1.1237534533717888,-1.6018993764221883,0.40903557216346226,-0.7276882975457457
0.0,1.0,2.0,1.0,-0.4974291753694151,-1.6468531449946056,-1.1852112844612572,0.40903557216346226,-1.049244210292866
1.0,1.0,1.0,1.0,-0.33034452819719434,-0.8676200392040571,0.7593331446897538,2.840376559356903,-0.6323432303939834
1.0,1.0,1.0,1.0,0.17090941331946807,-1.3005273201988061,1.7316053592652594,1.2194825678946093,-0.4360445627285901
0.0,1.0,1.0,1.0,0.5050787076639097,1.0371719971728388,-0.9768672384807918,2.029929563625756,0.9679582888591267
2.0,0.0,1.0,2.0,0.0038247661472472732,0.8640090847749392,0.689885129362932,1.2194825678946093,0.3771927747423244
1.0,1.0,1.0,0.0,-0.4974291753694151,0.6042647161780897,1.6621573439384376,-0.4014114235676847,-0.22292029497759203
1.0,1.0,2.0,2.0,-1.1657677640582984,-0.2615498458114084,0.5509890987092884,-0.4014114235676847,-1.1165466106352866
2.0,1.0,0.0,1.0,1.5075865906972346,-0.2615498458114084,-0.49073113119303907,-0.4014114235676847,1.1866910899719936
2.0,1.0,0.0,1.0,0.0038247661472472732,-0.0018054772145589292,-0.6990751771735045,-0.4014114235676847,0.003290550617765961
1.0,0.0,0.0,0.0,-0.9986831168860775,0.25793889138229054,0.273197037402001,-0.4014114235676847,-0.8155553202150171
0.0,1.0,0.0,1.0,0.17090941331946807,-1.5602716887956556,-1.67134739174901,-1.2118584192988318,-0.5538237633278261
1.0,1.0,2.0,1.0,2.8442637680750007,-0.9542014954030069,0.8287811600165756,-0.4014114235676847,1.7849346485712863
1.0,1.0,1.0,1.0,1.173417296352793,0.25793889138229054,-0.6296271618466828,1.2194825678946093,1.2016471789369756
1.0,1.0,2.0,1.0,0.3379940604916889,1.470079278167588,-1.1157632691344355,-0.4014114235676847,1.0016094890303369
1.0,2.0,1.0,2.0,1.173417296352793,0.6042647161780897,0.8982291753433975,-0.4014114235676847,1.403554379964237
0.0,0.0,2.0,2.0,0.5050787076639097,1.470079278167588,0.41209306805564466,0.40903557216346226,1.1829520677307475
1.0,1.0,1.0,2.0,-0.9986831168860775,0.9505905409738891,-0.9074192231539701,0.40903557216346226,-0.6061700747052642
1.0,1.0,1.0,1.0,1.3405019435250136,0.6042647161780897,-0.35183510053939543,0.40903557216346226,1.56620184745842
2.0,0.0,2.0,1.0,-1.1657677640582984,-0.0018054772145589292,-0.6296271618466828,0.40903557216346226,-1.0436356769309976
1.0,0.0,1.0,1.0,0.5050787076639097,1.3834978219686382,0.9676771906702193,-0.4014114235676847,1.1399533119564231
1.0,0.0,2.0,2.0,0.3379940604916889,-1.1273644078009066,-1.5324513610953665,-1.2118584192988318,-0.2322678505807058
1.0,2.0,1.0,1.0,-1.1657677640582984,0.25793889138229054,0.9676771906702193,-0.4014114235676847,-0.9707247432267089
1.0,2.0,2.0,0.0,1.841755885041676,-1.4736902325967058,-0.14349105455892994,-0.4014114235676847,0.6632279761976118
0.0,2.0,1.0,1.0,-0.8315984697138568,1.6432421905654877,-0.14349105455892994,-0.4014114235676847,-0.21170322825385518
0.0,1.0,2.0,1.0,-0.33034452819719434,-1.1273644078009066,0.2037490220751792,0.40903557216346226,-0.733296830907614
1.0,1.0,2.0,1.0,0.3379940604916889,-1.5602716887956556,1.3843652826311503,0.40903557216346226,-0.4379140738492129
0.0,2.0,1.0,1.0,0.8392480020083513,-0.6078756706072076,-0.2823870852125736,-1.2118584192988318,0.42393055275789415
2.0,1.0,0.0,2.0,-0.6645138225416359,-1.6468531449946056,1.106573221323863,0.40903557216346226,-1.1632843886508564
1.0,1.0,0.0,0.0,-0.6645138225416359,-0.6944571268061575,0.8287811600165756,0.40903557216346226,-0.834250431421245
2.0,1.0,1.0,1.0,-1.8341063527471815,0.9505905409738891,-1.1157632691344355,-1.2118584192988318,-1.4567976345886346
2.0,1.0,1.0,1.0,-1.3328524112305191,-0.6944571268061575,0.273197037402001,-0.4014114235676847,-1.3726696341606088
2.0,0.0,0.0,0.0,0.17090941331946807,-0.3481313020103582,1.6621573439384376,-1.2118584192988318,-0.004187493864725048
2.0,2.0,1.0,1.0,0.0038247661472472732,0.9505905409738891,-0.7685231925003264,-1.2118584192988318,0.4145829971547801
1.0,1.0,2.0,2.0,-1.4999370584027398,-0.6078756706072076,0.273197037402001,-0.4014114235676847,-1.4867098125185993
1.0,1.0,1.0,0.0,-0.4974291753694151,-1.1273644078009066,1.5232613132847939,-0.4014114235676847,-0.8585540759893411
2.0,1.0,1.0,1.0,0.3379940604916889,-1.3005273201988061,-0.6296271618466828,0.40903557216346226,-0.3145263398881086
0.0,2.0,1.0,2.0,0.5050787076639097,0.8640090847749392,-0.6296271618466828,0.40903557216346226,0.8819607773104781
1.0,1.0,1.0,2.0,-1.3328524112305191,1.2103349095707385,0.2037490220751792,-0.4014114235676847,-0.879118698316192
1.0,1.0,1.0,1.0,1.173417296352793,-0.9542014954030069,-1.67134739174901,-0.4014114235676847,0.49497197534156007
0.0,1.0,1.0,1.0,-0.16325988102497352,-1.5602716887956556,1.106573221323863,-0.4014114235676847,-0.7856431422850524
1.0,1.0,0.0,1.0,-0.8315984697138568,-1.3005273201988061,-1.67134739174901,-0.4014114235676847,-1.165153899771479
1.0,2.0,2.0,2.0,1.006332649180572,0.8640090847749392,1.106573221323863,-0.4014114235676847,1.3867287798786325
2.0,0.0,2.0,2.0,1.006332649180572,0.6908461723770396,-0.9074192231539701,-0.4014114235676847,1.2895142016062466
0.0,0.0,2.0,1.0,0.3379940604916889,1.0371719971728388,-1.3935553304417228,-0.4014114235676847,0.7959632657618302
0.0,2.0,1.0,1.0,-0.16325988102497352,-1.4736902325967058,-1.3935553304417228,-1.2118584192988318,-0.7501224309932191
1.0,2.0,2.0,1.0,0.6721633548361304,0.51768325997914,-1.1157632691344355,-0.4014114235676847,0.8707437105867416
1.0,1.0,1.0,1.0,-2.5024449414360648,1.0371719971728388,-1.6018993764221883,0.40903557216346226,-2.1279521268922172
0.0,2.0,1.0,1.0,-0.9986831168860775,0.08477597898439089,-0.9768672384807918,-1.2118584192988318,-0.8679016315924551
1.0,1.0,2.0,2.0,-0.6645138225416359,0.08477597898439089,-1.4630033457685447,1.2194825678946093,-0.5650408300515627
2.0,1.0,1.0,2.0,0.17090941331946807,1.470079278167588,-0.2823870852125736,0.40903557216346226,0.8202669103299263
0.0,1.0,1.0,2.0,-1.8341063527471815,-0.6078756706072076,1.453813297957972,-1.2118584192988318,-1.7596584361295269
0.0,1.0,1.0,2.0,0.8392480020083513,-0.9542014954030069,-0.35183510053939543,-0.4014114235676847,0.23697944069561497
1.0,0.0,0.0,1.0,0.3379940604916889,-0.2615498458114084,-0.6296271618466828,0.40903557216346226,0.17902459595630865
1.0,1.0,1.0,1.0,0.6721633548361304,-1.387108776397756,-0.6990751771735045,-1.2118584192988318,-0.11635816110209284
0.0,1.0,0.0,2.0,-2.6695295886082855,-0.9542014954030069,1.2454692519775066,0.40903557216346226,-2.4719421730868105
1.0,1.0,2.0,1.0,-0.6645138225416359,-1.6468531449946056,0.689885129362932,0.40903557216346226,-1.1632843886508564
1.0,1.0,0.0,0.0,0.0038247661472472732,-1.7334346011935553,-0.14349105455892994,-1.2118584192988318,-0.7445138976313509
0.0,1.0,2.0,0.0,0.5050787076639097,-0.2615498458114084,-0.2823870852125736,1.2194825678946093,0.32297695224426354
0.0,2.0,0.0,1.0,-0.16325988102497352,-1.387108776397756,0.7593331446897538,1.2194825678946093,-0.7146017197013862
0.0,1.0,2.0,1.0,-0.16325988102497352,0.8640090847749392,1.037125205997041,-1.2118584192988318,0.20893677388627335
1.0,0.0,2.0,1.0,-0.4974291753694151,-1.3005273201988061,-0.004595023905286278,0.40903557216346226,-0.9221174540905159
1.0,0.0,2.0,1.0,0.5050787076639097,0.6042647161780897,0.06485299142153556,0.40903557216346226,0.7529645099875059
2.0,1.0,2.0,1.0,-0.6645138225416359,-0.3481313020103582,-0.8379712078271482,-1.2118584192988318,-0.7146017197013862
0.0,1.0,0.0,2.0,0.17090941331946807,-1.6468531449946056,1.2454692519775066,-0.4014114235676847,-0.5930834968609046
0.0,1.0,0.0,1.0,-1.3328524112305191,-0.3481313020103582,-0.2823870852125736,-1.2118584192988318,-1.2829331003707147
0.0,2.0,2.0,2.0,2.5100944737305593,1.6432421905654877,0.689885129362932,0.40903557216346226,3.489928790579273
1.0,1.0,0.0,1.0,-0.16325988102497352,0.7774276285759895,-0.0740430392321081,-0.4014114235676847,0.17341606259444006
0.0,1.0,1.0,2.0,-0.16325988102497352,0.7774276285759895,0.8982291753433975,-0.4014114235676847,0.17341606259444006
1.0,1.0,1.0,0.0,1.5075865906972346,-0.9542014954030069,-1.1852112844612572,-0.4014114235676847,0.7529645099875052
2.0,1.0,1.0,1.0,-0.33034452819719434,1.2103349095707385,0.8287811600165756,-0.4014114235676847,0.17528557371506248
0.0,2.0,2.0,2.0,0.0038247661472472732,-0.5212942144082578,-0.42128311586621725,0.40903557216346226,-0.22105078385696894
1.0,1.0,0.0,1.0,0.3379940604916889,1.5566607343665377,-0.42128311586621725,2.029929563625756,1.0427387336840381
0.0,1.0,1.0,2.0,-0.9986831168860775,-1.6468531449946056,1.2454692519775066,1.2194825678946093,-1.391364745366837
0.0,2.0,0.0,1.0,2.3430098265583386,-1.5602716887956556,0.9676771906702193,1.2194825678946093,0.953002199894144
0.0,1.0,1.0,1.0,1.173417296352793,0.08477597898439089,1.5232613132847939,-0.4014114235676847,1.1006935784233451
1.0,1.0,0.0,0.0,0.17090941331946807,1.5566607343665377,-1.2546592997880792,0.40903557216346226,0.8595266438630044
1.0,1.0,1.0,1.0,1.006332649180572,-1.1273644078009066,-0.004595023905286278,0.40903557216346226,0.26876112974620275
1.0,1.0,2.0,2.0,-1.3328524112305191,0.7774276285759895,1.106573221323863,-0.4014114235676847,-0.9912893655535595
1.0,1.0,1.0,1.0,-0.33034452819719434,-1.7334346011935553,-0.42128311586621725,-1.2118584192988318,-0.9688552321060862
0.0,0.0,2.0,1.0,1.841755885041676,-1.4736902325967058,-0.0740430392321081,1.2194825678946093,0.6632279761976118
1.0,1.0,1.0,1.0,-0.16325988102497352,0.08477597898439089,0.689885129362932,-0.4014114235676847,-0.11074962774022425
1.0,1.0,2.0,0.0,0.3379940604916889,0.7774276285759895,1.2454692519775066,0.40903557216346226,0.6725755318007258
1.0,1.0,1.0,2.0,-1.3328524112305191,1.2969163657696883,-0.35183510053939543,2.029929563625756,-0.8566845648687187
2.0,0.0,2.0,2.0,-1.4999370584027398,-1.5602716887956556,0.8287811600165756,1.2194825678946093,-1.712920658113957
1.0,1.0,1.0,1.0,0.6721633548361304,1.3834978219686382,-0.35183510053939543,-1.2118584192988318,1.3194263795362113
0.0,0.0,1.0,2.0,1.006332649180572,-1.1273644078009066,0.13430100674835738,0.40903557216346226,0.26876112974620275
2.0,2.0,1.0,2.0,-0.6645138225416359,0.6042647161780897,-1.5324513610953665,1.2194825678946093,-0.3855677624717748
1.0,2.0,2.0,1.0,1.173417296352793,0.6908461723770396,-1.0463152538076137,0.40903557216346226,1.4540311802210528
1.0,2.0,2.0,2.0,0.3379940604916889,1.6432421905654877,-1.67134739174901,0.40903557216346226,1.08386797833774
1.0,1.0,2.0,2.0,0.5050787076639097,1.2103349095707385,0.7593331446897538,-0.4014114235676847,1.0539558004077747
0.0,2.0,2.0,0.0,-1.3328524112305191,0.8640090847749392,-0.5601791465198609,0.40903557216346226,-0.9688552321060858
0.0,1.0,1.0,1.0,-0.9986831168860775,-0.8676200392040571,0.8982291753433975,-1.2118584192988318,-1.1558063441683653
1.0,0.0,1.0,1.0,-0.33034452819719434,-1.387108776397756,-0.7685231925003264,2.029929563625756,-0.834250431421245
1.0,0.0,1.0,1.0,0.5050787076639097,-1.1273644078009066,0.8982291753433975,0.40903557216346226,-0.10701060549897874
1.0,0.0,0.0,2.0,-0.6645138225416359,0.25793889138229054,-0.9768672384807918,-1.2118584192988318,-0.5052164741916336
0.0,2.0,0.0,2.0,0.3379940604916889,-0.3481313020103582,-0.6296271618466828,-0.4014114235676847,0.13789535130260677
0.0,2.0,1.0,1.0,-0.16325988102497352,0.34452034758124034,1.5232613132847939,-0.4014114235676847,-0.00418749386472538
2.0,0.0,2.0,2.0,0.0038247661472472732,-1.7334346011935553,0.48154108338246654,0.40903557216346226,-0.7445138976313509
1.0,1.0,1.0,1.0,0.8392480020083513,-0.6078756706072076,-1.324107315114901,0.40903557216346226,0.42393055275789415
1.0,2.0,2.0,1.0,-0.16325988102497352,-0.0018054772145589292,1.7316053592652594,-0.4014114235676847,-0.1462703390320572
1.0,1.0,1.0,1.0,-0.9986831168860775,0.1713574351833407,0.13430100674835738,1.2194825678946093,-0.8417284759037363
0.0,1.0,1.0,2.0,0.8392480020083513,-0.6944571268061575,0.9676771906702193,1.2194825678946093,0.3771927747423244
1.0,1.0,1.0,0.0,-0.33034452819719434,-0.7810385830051073,0.6204371140361101,0.40903557216346226,-0.5986920302227732
0.0,2.0,1.0,2.0,-0.6645138225416359,-1.387108776397756,-0.35183510053939543,1.2194825678946093,-1.0735478548609623
1.0,1.0,1.0,1.0,-0.8315984697138568,1.1237534533717888,-1.6018993764221883,1.2194825678946093,-0.3799592291099062
1.0,1.0,2.0,1.0,-0.8315984697138568,1.5566607343665377,-0.9768672384807918,2.029929563625756,-0.23974589506319713
0.0,2.0,1.0,1.0,-0.33034452819719434,1.5566607343665377,-1.2546592997880792,-1.2118584192988318,0.30989037439990397
2.0,1.0,0.0,1.0,-0.16325988102497352,0.34452034758124034,-0.21293906988575176,-0.4014114235676847,-0.00418749386472538
0.0,2.0,2.0,2.0,1.5075865906972346,-0.17496838961245856,1.2454692519775066,2.840376559356903,1.2409069124700545
1.0,1.0,1.0,1.0,-0.4974291753694151,0.51768325997914,-1.67134739174901,0.40903557216346226,-0.2547019840281795
2.0,1.0,0.0,2.0,-0.6645138225416359,-0.17496838961245856,-0.49073113119303907,1.2194825678946093,-0.6547773638414568
1.0,1.0,1.0,0.0,0.3379940604916889,1.2969163657696883,1.5232613132847939,-1.2118584192988318,0.9193509997229338
2.0,2.0,0.0,2.0,0.8392480020083513,-0.6944571268061575,-0.14349105455892994,2.029929563625756,0.3771927747423244
1.0,2.0,2.0,1.0,0.5050787076639097,-0.0018054772145589292,1.5232613132847939,-1.2118584192988318,0.45197321956723646
1.0,2.0,0.0,1.0,-0.33034452819719434,-0.7810385830051073,1.1760212366506848,-0.4014114235676847,-0.5986920302227732
1.0,2.0,2.0,2.0,-0.33034452819719434,-0.7810385830051073,1.2454692519775066,-0.4014114235676847,-0.5986920302227732
1.0,2.0,2.0,1.0,-1.4999370584027398,1.3834978219686382,-1.0463152538076137,0.40903557216346226,-1.013723499001033
0.0,0.0,1.0,1.0,-0.6645138225416359,-1.5602716887956556,1.037125205997041,0.40903557216346226,-1.1333722107208917
1.0,2.0,0.0,1.0,-0.4974291753694151,-0.434712758209308,-0.42128311586621725,-0.4014114235676847,-0.6043005635846415
1.0,1.0,0.0,1.0,-0.33034452819719434,-1.5602716887956556,0.8287811600165756,2.029929563625756,-0.9015528317636654
1.0,2.0,0.0,1.0,0.17090941331946807,1.6432421905654877,-0.5601791465198609,-0.4014114235676847,0.8987863773960831
2.0,1.0,1.0,1.0,-2.001190999919402,1.3834978219686382,1.7316053592652594,-0.4014114235676847,-1.552142701740397
0.0,0.0,1.0,1.0,1.006332649180572,0.9505905409738891,-0.21293906988575176,2.029929563625756,1.4353360690148247
1.0,1.0,0.0,2.0,1.006332649180572,-0.5212942144082578,1.453813297957972,0.40903557216346226,0.6090121536995503
2.0,1.0,2.0,1.0,1.6746712378694553,1.470079278167588,-0.6296271618466828,-0.4014114235676847,2.452350118633623
1.0,1.0,1.0,0.0,0.3379940604916889,-0.9542014954030069,0.273197037402001,-0.4014114235676847,-0.15000936127330303
1.0,2.0,1.0,2.0,2.5100944737305593,1.2103349095707385,-0.8379712078271482,-0.4014114235676847,3.1627643444702844
1.0,0.0,0.0,1.0,0.5050787076639097,-1.0407829516019567,1.106573221323863,2.840376559356903,-0.06401184972465444
1.0,1.0,1.0,1.0,0.0038247661472472732,-0.17496838961245856,0.13430100674835738,1.2194825678946093,-0.07148989420714545
1.0,1.0,0.0,1.0,-0.16325988102497352,1.470079278167588,-1.4630033457685447,-1.2118584192988318,0.45758175292910436
2.0,1.0,0.0,2.0,-0.33034452819719434,-0.0018054772145589292,1.1760212366506848,-1.2118584192988318,-0.2958312286818807
1.0,1.0,2.0,2.0,-0.33034452819719434,-0.6078756706072076,-1.5324513610953665,-0.4014114235676847,-0.5313896298803524
1.0,1.0,2.0,1.0,0.3379940604916889,-0.17496838961245856,-0.35183510053939543,0.40903557216346226,0.22015384061000987
0.0,1.0,1.0,2.0,-0.6645138225416359,1.470079278167588,1.453813297957972,2.029929563625756,-0.08644598317212814
0.0,2.0,2.0,2.0,-1.3328524112305191,1.1237534533717888,-1.740795407075832,2.029929563625756,-0.9015528317636654
0.0,0.0,1.0,2.0,-1.1657677640582984,0.6042647161780897,1.5927093286116158,-1.2118584192988318,-0.8735101649543234
1.0,1.0,2.0,1.0,2.3430098265583386,-0.2615498458114084,-1.6018993764221883,-1.2118584192988318,1.9064528714117681
1.0,2.0,1.0,1.0,-0.8315984697138568,-1.387108776397756,-0.6990751771735045,0.40903557216346226,-1.193196566580821
0.0,1.0,1.0,2.0,-0.4974291753694151,-0.9542014954030069,-0.35183510053939543,-1.2118584192988318,-0.7949906978881665
1.0,1.0,1.0,1.0,0.3379940604916889,1.5566607343665377,1.2454692519775066,2.029929563625756,1.0427387336840381
1.0,1.0,0.0,1.0,0.17090941331946807,0.8640090847749392,-1.3935553304417228,0.40903557216346226,0.545448775598376
0.0,1.0,1.0,1.0,0.5050787076639097,-1.4736902325967058,-0.14349105455892994,-0.4014114235676847,-0.2790056285962756
1.0,0.0,2.0,1.0,-1.6670217055749608,-0.2615498458114084,1.2454692519775066,1.2194825678946093,-1.5484036794991511
0.0,0.0,0.0,1.0,0.17090941331946807,1.2969163657696883,0.6204371140361101,-1.2118584192988318,0.7417474432637687
2.0,1.0,1.0,2.0,2.3430098265583386,1.3834978219686382,1.3149172673043283,-0.4014114235676847,3.1141570553340925
0.0,1.0,1.0,2.0,-0.33034452819719434,1.0371719971728388,-0.14349105455892994,-0.4014114235676847,0.10798317337264274
2.0,1.0,2.0,0.0,-1.4999370584027398,1.6432421905654877,0.8982291753433975,2.029929563625756,-0.9520296320204806
2.0,2.0,1.0,2.0,-0.8315984697138568,-1.1273644078009066,0.34264505272882284,1.2194825678946093,-1.1090685661527953
1.0,1.0,1.0,2.0,0.3379940604916889,0.34452034758124034,0.8982291753433975,0.40903557216346226,0.4669293085322185
1.0,0.0,2.0,1.0,0.3379940604916889,0.25793889138229054,0.34264505272882284,0.40903557216346226,0.4258000638785166
0.0,1.0,1.0,2.0,-0.9986831168860775,-0.8676200392040571,-1.67134739174901,-0.4014114235676847,-1.1558063441683653
2.0,0.0,1.0,1.0,1.006332649180572,-1.6468531449946056,-1.67134739174901,-1.2118584192988318,-0.022882605070953233
0.0,1.0,0.0,1.0,0.3379940604916889,1.0371719971728388,-0.21293906988575176,-1.2118584192988318,0.7959632657618302
1.0,1.0,0.0,2.0,-1.3328524112305191,-0.0018054772145589292,-0.004595023905286278,-0.4014114235676847,-1.1931965665808206
1.0,0.0,1.0,1.0,0.3379940604916889,0.8640090847749392,0.41209306805564466,-1.2118584192988318,0.7137047764544271
0.0,1.0,2.0,1.0,0.17090941331946807,-0.2615498458114084,-0.35183510053939543,0.40903557216346226,0.035072239668353745
1.0,2.0,2.0,1.0,-1.6670217055749608,0.9505905409738891,-1.67134739174901,-1.2118584192988318,-1.2866721226119606
2.0,2.0,0.0,1.0,-0.6645138225416359,-0.17496838961245856,-1.2546592997880792,-0.4014114235676847,-0.6547773638414568
0.0,2.0,0.0,2.0,1.3405019435250136,-0.9542014954030069,-0.9768672384807918,0.40903557216346226,0.623968242664533
1.0,1.0,0.0,1.0,1.841755885041676,-0.9542014954030069,0.41209306805564466,0.40903557216346226,1.0109570446334504
2.0,1.0,1.0,0.0,0.5050787076639097,-1.4736902325967058,-0.42128311586621725,0.40903557216346226,-0.2790056285962756
1.0,1.0,1.0,2.0,-0.16325988102497352,0.51768325997914,0.41209306805564466,1.2194825678946093,0.06685392871894086
0.0,1.0,0.0,1.0,1.6746712378694553,-0.434712758209308,1.3843652826311503,-0.4014114235676847,1.2184727790225809
1.0,2.0,2.0,1.0,-1.1657677640582984,-0.2615498458114084,-1.1852112844612572,0.40903557216346226,-1.1165466106352866
1.0,1.0,2.0,1.0,1.173417296352793,0.51768325997914,0.8982291753433975,-0.4014114235676847,1.3530775797074217
1.0,0.0,2.0,1.0,-2.6695295886082855,-1.6468531449946056,-0.8379712078271482,2.029929563625756,-2.53176652894674
1.0,2.0,2.0,1.0,1.173417296352793,1.470079278167588,-0.21293906988575176,3.65082355508805,1.9083223825323907
0.0,2.0,0.0,2.0,-2.836614235780506,0.25793889138229054,-1.1157632691344355,0.40903557216346226,-2.522418973343626
2.0,1.0,2.0,1.0,0.5050787076639097,-1.0407829516019567,-1.5324513610953665,1.2194825678946093,-0.06401184972465444
1.0,0.0,1.0,2.0,-0.16325988102497352,0.7774276285759895,-0.2823870852125736,0.40903557216346226,0.17341606259444006
0.0,2.0,0.0,0.0,1.006332649180572,1.5566607343665377,1.037125205997041,-0.4014114235676847,1.775587092968173
0.0,0.0,2.0,1.0,-0.4974291753694151,-0.7810385830051073,0.2037490220751792,-1.2118584192988318,-0.7314273197869913
1.0,1.0,2.0,1.0,0.5050787076639097,-0.5212942144082578,1.2454692519775066,2.029929563625756,0.19398068492129067
1.0,2.0,1.0,1.0,0.3379940604916889,-1.5602716887956556,-1.4630033457685447,1.2194825678946093,-0.4379140738492129
1.0,2.0,1.0,1.0,1.173417296352793,1.6432421905654877,-1.2546592997880792,1.2194825678946093,2.009275983046022
1.0,1.0,2.0,1.0,0.3379940604916889,-0.8676200392040571,-0.21293906988575176,0.40903557216346226,-0.10888011661960183
1.0,2.0,1.0,1.0,0.6721633548361304,1.5566607343665377,1.5232613132847939,-0.4014114235676847,1.4091629133261054
2.0,1.0,1.0,2.0,0.17090941331946807,1.3834978219686382,-0.7685231925003264,0.40903557216346226,0.7810071767968475
2.0,0.0,1.0,2.0,0.6721633548361304,-1.7334346011935553,-0.9074192231539701,2.029929563625756,-0.29583122868188105
2.0,1.0,1.0,2.0,0.3379940604916889,-1.6468531449946056,1.5232613132847939,-1.2118584192988318,-0.4790433185029144
0.0,2.0,0.0,1.0,0.0038247661472472732,-0.6944571268061575,-1.0463152538076137,-1.2118584192988318,-0.29583122868188105
1.0,1.0,1.0,0.0,-0.4974291753694151,-0.5212942144082578,0.8287811600165756,2.029929563625756,-0.6360822526352289
1.0,0.0,1.0,0.0,-0.16325988102497352,-0.2615498458114084,-1.3935553304417228,-1.2118584192988318,-0.2528324729075564
1.0,1.0,2.0,1.0,0.17090941331946807,-0.3481313020103582,0.5509890987092884,-1.2118584192988318,-0.004187493864725048
0.0,2.0,2.0,2.0,1.173417296352793,0.34452034758124034,-0.49073113119303907,1.2194825678946093,1.252123979193791
2.0,1.0,1.0,2.0,-0.33034452819719434,-0.3481313020103582,-0.6296271618466828,-0.4014114235676847,-0.4304360293667219
0.0,1.0,2.0,1.0,0.5050787076639097,-1.387108776397756,-0.2823870852125736,0.40903557216346226,-0.2360068728219513
1.0,1.0,1.0,0.0,0.17090941331946807,-1.1273644078009066,0.13430100674835738,1.2194825678946093,-0.35752509566243285
0.0,1.0,1.0,2.0,0.3379940604916889,-0.9542014954030069,0.9676771906702193,-1.2118584192988318,-0.15000936127330303
1.0,1.0,2.0,1.0,1.006332649180572,1.6432421905654877,-0.0740430392321081,-0.4014114235676847,1.8241943821043651
0.0,2.0,2.0,1.0,0.3379940604916889,-0.434712758209308,-0.6296271618466828,-1.2118584192988318,0.09676610664890556
1.0,2.0,1.0,1.0,0.3379940604916889,-1.5602716887956556,-1.67134739174901,0.40903557216346226,-0.4379140738492129
2.0,1.0,2.0,2.0,-0.6645138225416359,-1.6468531449946056,-1.4630033457685447,-1.2118584192988318,-1.1632843886508564
0.0,2.0,2.0,1.0,0.3379940604916889,-0.9542014954030069,0.7593331446897538,-0.4014114235676847,-0.15000936127330303
1.0,1.0,0.0,2.0,-0.8315984697138568,0.51768325997914,1.037125205997041,-1.2118584192988318,-0.5762578967752995
0.0,2.0,1.0,1.0,0.3379940604916889,-1.5602716887956556,-0.35183510053939543,2.029929563625756,-0.4379140738492129
1.0,1.0,1.0,1.0,1.3405019435250136,0.51768325997914,-1.6018993764221883,-1.2118584192988318,1.5138555360809816
1.0,2.0,2.0,1.0,-0.4974291753694151,-0.08838693341350874,-0.42128311586621725,2.029929563625756,-0.47717380738229165
0.0,0.0,2.0,1.0,-0.6645138225416359,1.1237534533717888,-0.6990751771735045,-1.2118584192988318,-0.2060946948919866
1.0,1.0,1.0,1.0,-0.16325988102497352,-0.6078756706072076,0.689885129362932,-0.4014114235676847,-0.3949153180748889
1.0,1.0,1.0,0.0,1.006332649180572,0.8640090847749392,1.5927093286116158,-1.2118584192988318,1.3867287798786325
2.0,0.0,1.0,1.0,0.5050787076639097,-1.4736902325967058,0.6204371140361101,-1.2118584192988318,-0.2790056285962756
0.0,1.0,1.0,0.0,1.3405019435250136,1.0371719971728388,0.8287811600165756,-0.4014114235676847,1.8279334043456112
1.0,1.0,0.0,1.0,1.006332649180572,0.9505905409738891,-0.2823870852125736,-1.2118584192988318,1.4353360690148247
1.0,2.0,0.0,1.0,-0.33034452819719434,0.08477597898439089,-0.2823870852125736,-1.2118584192988318,-0.2621800285106702
1.0,1.0,1.0,1.0,-0.4974291753694151,1.3834978219686382,-1.4630033457685447,-0.4014114235676847,0.06311490647769535
0.0,1.0,2.0,0.0,-0.6645138225416359,-0.5212942144082578,-0.0740430392321081,2.029929563625756,-0.7744260755613156
1.0,1.0,1.0,1.0,1.6746712378694553,1.2969163657696883,1.037125205997041,1.2194825678946093,2.340179451396256
0.0,1.0,0.0,1.0,0.8392480020083513,-1.7334346011935553,-0.2823870852125736,0.40903557216346226,-0.18366056144451323
2.0,1.0,1.0,1.0,0.3379940604916889,-0.0018054772145589292,-0.2823870852125736,0.40903557216346226,0.30241232991741296
0.0,2.0,1.0,2.0,0.5050787076639097,-0.2615498458114084,-0.49073113119303907,-1.2118584192988318,0.32297695224426354
0.0,2.0,2.0,1.0,-0.6645138225416359,-0.6078756706072076,-0.6990751771735045,-0.4014114235676847,-0.8043382534912803
2.0,0.0,1.0,1.0,-1.1657677640582984,1.6432421905654877,-1.4630033457685447,1.2194825678946093,-0.5818664301371681
1.0,1.0,1.0,2.0,0.5050787076639097,-0.17496838961245856,-0.6296271618466828,-0.4014114235676847,0.36597570801858786
2.0,1.0,1.0,1.0,0.17090941331946807,0.9505905409738891,-0.6296271618466828,-1.2118584192988318,0.5847085091314542
1.0,0.0,1.0,0.0,0.0038247661472472732,-1.6468531449946056,-1.6018993764221883,0.40903557216346226,-0.7071236752188952
1.0,1.0,0.0,2.0,1.006332649180572,0.51768325997914,1.3843652826311503,-1.2118584192988318,1.1922996233338616
1.0,2.0,1.0,1.0,1.006332649180572,-1.5602716887956556,-1.6018993764221883,2.029929563625756,0.02572468406523965
1.0,2.0,0.0,2.0,-0.33034452819719434,-0.8676200392040571,-1.0463152538076137,-0.4014114235676847,-0.6323432303939834
2.0,2.0,1.0,1.0,-0.9986831168860775,-0.6078756706072076,0.8287811600165756,0.40903557216346226,-1.0772868771022082
1.0,1.0,1.0,1.0,-0.9986831168860775,-1.0407829516019567,-1.6018993764221883,0.40903557216346226,-1.208152655545803
1.0,0.0,0.0,2.0,1.5075865906972346,1.3834978219686382,0.9676771906702193,0.40903557216346226,2.216791717435152
1.0,2.0,1.0,1.0,-0.4974291753694151,-0.8676200392040571,-0.004595023905286278,-0.4014114235676847,-0.763209008837579
1.0,1.0,2.0,0.0,-1.4999370584027398,1.470079278167588,-1.0463152538076137,-1.2118584192988318,-0.9931588766741822
0.0,1.0,2.0,1.0,0.3379940604916889,-0.17496838961245856,-0.9768672384807918,0.40903557216346226,0.22015384061000987
1.0,2.0,2.0,2.0,0.0038247661472472732,0.8640090847749392,-0.42128311586621725,0.40903557216346226,0.3771927747423244
1.0,2.0,0.0,1.0,-1.3328524112305191,1.5566607343665377,-0.7685231925003264,2.840376559356903,-0.789382164526298
0.0,1.0,2.0,1.0,-0.9986831168860775,-0.8676200392040571,-1.5324513610953665,-1.2118584192988318,-1.1558063441683653
2.0,0.0,1.0,1.0,0.6721633548361304,-0.3481313020103582,0.2037490220751792,-0.4014114235676847,0.42206104163727176
2.0,1.0,0.0,2.0,-0.16325988102497352,1.2103349095707385,-0.6990751771735045,-0.4014114235676847,0.3510196190536052
1.0,1.0,0.0,1.0,0.3379940604916889,0.25793889138229054,-0.6296271618466828,0.40903557216346226,0.4258000638785166
2.0,1.0,2.0,1.0,0.17090941331946807,-0.5212942144082578,0.13430100674835738,-1.2118584192988318,-0.08270696093088263
2.0,1.0,1.0,1.0,-0.4974291753694151,-1.6468531449946056,0.8287811600165756,2.840376559356903,-1.049244210292866
1.0,1.0,1.0,0.0,0.5050787076639097,-1.3005273201988061,1.453813297957972,-1.2118584192988318,-0.193008117047627
1.0,1.0,0.0,0.0,1.173417296352793,0.9505905409738891,-1.2546592997880792,-1.2118584192988318,1.6054615809914987
0.0,0.0,0.0,2.0,-1.4999370584027398,0.8640090847749392,-1.1157632691344355,-0.4014114235676847,-1.1371112329621371
1.0,2.0,2.0,1.0,-1.8341063527471815,0.51768325997914,0.34264505272882284,-0.4014114235676847,-1.5409256350166602
2.0,1.0,2.0,1.0,0.8392480020083513,-0.3481313020103582,0.9676771906702193,1.2194825678946093,0.5641438868046036
2.0,1.0,0.0,1.0,-0.16325988102497352,0.08477597898439089,1.453813297957972,-0.4014114235676847,-0.11074962774022425
0.0,1.0,0.0,1.0,0.8392480020083513,-1.387108776397756,0.48154108338246654,0.40903557216346226,0.003290550617765961
2.0,2.0,0.0,1.0,-0.33034452819719434,1.2103349095707385,0.273197037402001,0.40903557216346226,0.17528557371506248
1.0,2.0,0.0,1.0,0.0038247661472472732,0.9505905409738891,0.48154108338246654,-1.2118584192988318,0.4145829971547801
0.0,2.0,1.0,2.0,1.173417296352793,-0.0018054772145589292,1.037125205997041,-0.4014114235676847,1.0502167781665297
1.0,1.0,1.0,1.0,1.173417296352793,1.2103349095707385,-1.2546592997880792,-0.4014114235676847,1.7568919817619446
1.0,1.0,1.0,0.0,0.17090941331946807,1.3834978219686382,-1.740795407075832,-0.4014114235676847,0.7810071767968475
2.0,1.0,2.0,2.0,0.6721633548361304,0.51768325997914,-0.42128311586621725,-0.4014114235676847,0.8707437105867416
0.0,1.0,1.0,2.0,-2.5024449414360648,0.34452034758124034,-1.5324513610953665,-0.4014114235676847,-2.2027325717171284
1.0,1.0,0.0,1.0,0.17090941331946807,-0.9542014954030069,0.689885129362932,0.40903557216346226,-0.2790056285962759
2.0,1.0,1.0,2.0,-0.9986831168860775,1.2103349095707385,-0.9074192231539701,0.40903557216346226,-0.527650607639107
1.0,1.0,1.0,2.0,0.6721633548361304,-1.2139458639998564,-0.7685231925003264,-1.2118584192988318,-0.026621627312198737
0.0,1.0,1.0,1.0,1.5075865906972346,1.5566607343665377,-1.0463152538076137,-1.2118584192988318,2.3252233624312733
2.0,1.0,1.0,2.0,-0.6645138225416359,0.6042647161780897,0.06485299142153556,-0.4014114235676847,-0.3855677624717748
1.0,0.0,0.0,2.0,-0.8315984697138568,-0.5212942144082578,-0.2823870852125736,-1.2118584192988318,-0.9127698984874022
0.0,1.0,1.0,1.0,-1.4999370584027398,-0.6944571268061575,1.3149172673043283,0.40903557216346226,-1.50727443484545
0.0,2.0,2.0,1.0,-0.8315984697138568,-1.3005273201988061,-0.21293906988575176,0.40903557216346226,-1.165153899771479
1.0,2.0,2.0,0.0,-2.335360294263844,-1.3005273201988061,-0.9074192231539701,1.2194825678946093,-2.258817905335812
2.0,2.0,0.0,1.0,-0.33034452819719434,-0.08838693341350874,-1.67134739174901,0.40903557216346226,-0.3294824288530909
2.0,0.0,1.0,1.0,-0.9986831168860775,-1.6468531449946056,0.689885129362932,-0.4014114235676847,-1.391364745366837
0.0,1.0,2.0,0.0,-0.8315984697138568,-1.3005273201988061,1.2454692519775066,0.40903557216346226,-1.165153899771479
1.0,1.0,1.0,1.0,-1.4999370584027398,1.0371719971728388,-0.004595023905286278,0.40903557216346226,-1.0959819883084356
2.0,0.0,0.0,1.0,-0.6645138225416359,-1.5602716887956556,0.9676771906702193,-1.2118584192988318,-1.1333722107208917
2.0,2.0,1.0,1.0,1.6746712378694553,-0.6944571268061575,0.48154108338246654,-0.4014114235676847,1.050216778166529
0.0,1.0,0.0,1.0,1.5075865906972346,0.34452034758124034,-0.49073113119303907,-0.4014114235676847,1.56620184745842
1.0,0.0,1.0,0.0,0.3379940604916889,-1.1273644078009066,-1.6018993764221883,-0.4014114235676847,-0.2322678505807058
1.0,2.0,1.0,0.0,0.3379940604916889,0.51768325997914,-1.3935553304417228,2.840376559356903,0.5491877978396209
2.0,2.0,1.0,1.0,-0.6645138225416359,-0.0018054772145589292,-1.3935553304417228,-1.2118584192988318,-0.5949530079815274
2.0,1.0,1.0,2.0,-0.9986831168860775,-1.0407829516019567,-1.5324513610953665,-0.4014114235676847,-1.208152655545803
1.0,1.0,1.0,1.0,-0.9986831168860775,0.08477597898439089,0.8982291753433975,-0.4014114235676847,-0.8679016315924551
1.0,0.0,2.0,1.0,1.3405019435250136,0.6908461723770396,1.2454692519775066,1.2194825678946093,1.6185481588358583
1.0,1.0,2.0,1.0,-0.33034452819719434,-0.9542014954030069,0.689885129362932,0.40903557216346226,-0.6659944305651939
0.0,1.0,1.0,1.0,-1.1657677640582984,-0.9542014954030069,-0.21293906988575176,0.40903557216346226,-1.310975767180057
0.0,0.0,2.0,0.0,0.17090941331946807,-1.387108776397756,-1.67134739174901,-1.2118584192988318,-0.47530429626166887
0.0,2.0,0.0,2.0,0.6721633548361304,-0.17496838961245856,1.3149172673043283,-1.2118584192988318,0.5117975754271652
1.0,1.0,0.0,1.0,1.173417296352793,-1.0407829516019567,1.3843652826311503,-0.4014114235676847,0.44449517508474545
1.0,0.0,1.0,0.0,0.17090941331946807,-0.434712758209308,1.106573221323863,0.40903557216346226,-0.04344722739780384
1.0,1.0,0.0,1.0,-0.6645138225416359,1.5566607343665377,-1.0463152538076137,-0.4014114235676847,-0.056533805242163435
1.0,1.0,1.0,1.0,0.3379940604916889,1.7298236467644375,-0.7685231925003264,0.40903557216346226,1.1249972229914411
1.0,2.0,1.0,0.0,-0.16325988102497352,0.6042647161780897,0.9676771906702193,-1.2118584192988318,0.10237464001077415
1.0,1.0,2.0,1.0,0.8392480020083513,-0.7810385830051073,-0.14349105455892994,-0.4014114235676847,0.33045499672675455
0.0,2.0,1.0,2.0,-0.16325988102497352,0.43110180378019014,-0.2823870852125736,-0.4014114235676847,0.031333217427107575
0.0,0.0,2.0,2.0,0.5050787076639097,0.51768325997914,-0.5601791465198609,0.40903557216346226,0.7099657542131815
1.0,1.0,2.0,2.0,1.006332649180572,0.08477597898439089,0.8287811600165756,0.40903557216346226,0.9492631776528991
0.0,1.0,1.0,1.0,-1.4999370584027398,1.7298236467644375,-1.4630033457685447,-0.4014114235676847,-0.9314650096936301
2.0,2.0,2.0,1.0,-1.1657677640582984,-0.8676200392040571,-0.004595023905286278,-0.4014114235676847,-1.2866721226119606
0.0,1.0,0.0,1.0,0.3379940604916889,0.08477597898439089,0.34264505272882284,-0.4014114235676847,0.34354157457111417
1.0,2.0,2.0,1.0,-0.9986831168860775,0.51768325997914,-0.9074192231539701,-0.4014114235676847,-0.7370358531488599
0.0,1.0,2.0,1.0,1.5075865906972346,1.5566607343665377,0.7593331446897538,0.40903557216346226,2.3252233624312733
1.0,1.0,2.0,0.0,0.5050787076639097,0.6042647161780897,-1.1157632691344355,-0.4014114235676847,0.7529645099875059
1.0,0.0,1.0,0.0,1.173417296352793,-1.1273644078009066,-1.4630033457685447,-1.2118584192988318,0.39401837482792945
0.0,2.0,1.0,1.0,-1.6670217055749608,0.43110180378019014,-0.7685231925003264,0.40903557216346226,-1.398842789849328
0.0,1.0,1.0,1.0,1.173417296352793,-0.6078756706072076,0.34264505272882284,1.2194825678946093,0.696879176368822
1.0,2.0,2.0,1.0,0.3379940604916889,0.1713574351833407,0.273197037402001,0.40903557216346226,0.3846708192248154
1.0,1.0,0.0,1.0,1.006332649180572,1.5566607343665377,1.5232613132847939,0.40903557216346226,1.775587092968173
1.0,2.0,1.0,1.0,0.8392480020083513,-0.9542014954030069,0.06485299142153556,-0.4014114235676847,0.23697944069561497
1.0,1.0,1.0,2.0,0.17090941331946807,0.6908461723770396,1.3149172673043283,-1.2118584192988318,0.4669293085322185
0.0,1.0,1.0,1.0,0.17090941331946807,0.43110180378019014,-1.67134739174901,0.40903557216346226,0.34915010793298207
1.0,2.0,1.0,2.0,-0.4974291753694151,-0.9542014954030069,0.5509890987092884,0.40903557216346226,-0.7949906978881665
2.0,1.0,1.0,1.0,-0.8315984697138568,0.08477597898439089,0.9676771906702193,-1.2118584192988318,-0.7164712308220089
1.0,1.0,1.0,2.0,-1.8341063527471815,-0.2615498458114084,-1.2546592997880792,0.40903557216346226,-1.6923560357871066
0.0,1.0,1.0,0.0,0.8392480020083513,0.51768325997914,0.41209306805564466,-0.4014114235676847,1.0315216669603016
1.0,1.0,1.0,1.0,-1.8341063527471815,1.5566607343665377,1.1760212366506848,-1.2118584192988318,-1.3390184339893987
1.0,1.0,1.0,2.0,-0.6645138225416359,-1.5602716887956556,0.8982291753433975,-0.4014114235676847,-1.1333722107208917
1.0,2.0,0.0,2.0,-0.33034452819719434,0.6908461723770396,0.6204371140361101,-0.4014114235676847,-0.026621627312198737
1.0,1.0,0.0,1.0,0.8392480020083513,0.9505905409738891,0.7593331446897538,-1.2118584192988318,1.2652105570381507
0.0,1.0,0.0,1.0,-1.8341063527471815,0.9505905409738891,0.8982291753433975,0.40903557216346226,-1.4567976345886346
1.0,1.0,1.0,2.0,1.173417296352793,0.51768325997914,0.273197037402001,0.40903557216346226,1.3530775797074217
1.0,1.0,2.0,1.0,0.3379940604916889,-0.7810385830051073,1.3149172673043283,-0.4014114235676847,-0.06775087196590028
1.0,2.0,2.0,1.0,1.5075865906972346,-0.2615498458114084,-1.6018993764221883,0.40903557216346226,1.1866910899719936
0.0,1.0,2.0,1.0,-0.9986831168860775,-1.1273644078009066,0.48154108338246654,-0.4014114235676847,-1.2343258112345221
1.0,1.0,2.0,1.0,-0.9986831168860775,0.8640090847749392,-1.0463152538076137,0.40903557216346226,-0.6323432303939834
1.0,0.0,1.0,1.0,-0.16325988102497352,1.470079278167588,-0.14349105455892994,0.40903557216346226,0.45758175292910436
1.0,0.0,1.0,1.0,0.17090941331946807,0.8640090847749392,-1.0463152538076137,-0.4014114235676847,0.545448775598376
1.0,2.0,2.0,1.0,1.841755885041676,0.51768325997914,-0.6296271618466828,1.2194825678946093,1.9961894052016622
1.0,1.0,2.0,0.0,2.175925179386118,-0.9542014954030069,0.5509890987092884,0.40903557216346226,1.2689495792793961
1.0,1.0,1.0,1.0,-0.33034452819719434,1.6432421905654877,1.6621573439384376,-1.2118584192988318,0.34354157457111417
0.0,2.0,1.0,0.0,0.5050787076639097,0.43110180378019014,-1.67134739174901,-1.2118584192988318,0.6669669984388573
1.0,1.0,0.0,0.0,-0.16325988102497352,-0.9542014954030069,-0.004595023905286278,0.40903557216346226,-0.536998163242221
0.0,0.0,1.0,1.0,0.6721633548361304,-1.7334346011935553,1.1760212366506848,1.2194825678946093,-0.29583122868188105
2.0,1.0,0.0,1.0,0.6721633548361304,1.2969163657696883,1.453813297957972,1.2194825678946093,1.274558112641264
1.0,1.0,0.0,2.0,-0.6645138225416359,-0.6078756706072076,-0.2823870852125736,0.40903557216346226,-0.8043382534912803
2.0,2.0,1.0,2.0,-0.6645138225416359,-0.08838693341350874,0.273197037402001,0.40903557216346226,-0.6248651859114921
1.0,1.0,1.0,2.0,1.841755885041676,0.34452034758124034,-1.740795407075832,0.40903557216346226,1.880279715723049
1.0,1.0,2.0,1.0,1.173417296352793,0.7774276285759895,0.9676771906702193,1.2194825678946093,1.5045079804778683
0.0,1.0,1.0,2.0,1.841755885041676,-0.434712758209308,1.037125205997041,0.40903557216346226,1.3586861130692902
0.0,1.0,1.0,1.0,0.17090941331946807,-1.2139458639998564,-0.9074192231539701,1.2194825678946093,-0.39678482919551133
0.0,0.0,0.0,2.0,-1.1657677640582984,-0.7810385830051073,-0.14349105455892994,-0.4014114235676847,-1.2623684780438642
2.0,1.0,1.0,1.0,2.67717912090278,-1.0407829516019567,-0.0740430392321081,0.40903557216346226,1.5886359809058936
1.0,1.0,2.0,1.0,1.6746712378694553,1.3834978219686382,-1.5324513610953665,-1.2118584192988318,2.3962647850149392
0.0,2.0,2.0,1.0,-0.8315984697138568,-0.17496838961245856,0.9676771906702193,-1.2118584192988318,-0.8005992312500344
1.0,1.0,1.0,2.0,-1.4999370584027398,0.51768325997914,0.6204371140361101,2.840376559356903,-1.21936972226954
0.0,1.0,0.0,1.0,0.3379940604916889,1.6432421905654877,1.1760212366506848,1.2194825678946093,1.08386797833774
2.0,1.0,1.0,2.0,-0.9986831168860775,0.08477597898439089,-1.1852112844612572,1.2194825678946093,-0.8679016315924551
1.0,0.0,1.0,1.0,-0.16325988102497352,0.6908461723770396,-1.1157632691344355,0.40903557216346226,0.13789535130260677
0.0,1.0,1.0,2.0,0.5050787076639097,0.25793889138229054,-1.67134739174901,1.2194825678946093,0.5809694868902087
1.0,0.0,1.0,2.0,-0.33034452819719434,-0.7810385830051073,-0.9074192231539701,1.2194825678946093,-0.5986920302227732
0.0,1.0,1.0,2.0,-0.8315984697138568,-0.3481313020103582,0.6204371140361101,-1.2118584192988318,-0.8566845648687184
2.0,2.0,2.0,1.0,0.5050787076639097,1.1237534533717888,-1.5324513610953665,-0.4014114235676847,1.010957044633451
1.0,1.0,0.0,2.0,0.17090941331946807,-1.5602716887956556,-1.1852112844612572,0.40903557216346226,-0.5538237633278261
2.0,1.0,0.0,1.0,1.5075865906972346,0.25793889138229054,0.13430100674835738,-0.4014114235676847,1.5119860249603592
1.0,1.0,0.0,0.0,-0.4974291753694151,-1.0407829516019567,0.2037490220751792,2.029929563625756,-0.8267723869387537
1.0,1.0,0.0,1.0,-1.8341063527471815,-0.6078756706072076,1.3843652826311503,1.2194825678946093,-1.7596584361295269
2.0,2.0,2.0,1.0,-0.8315984697138568,0.8640090847749392,-1.67134739174901,0.40903557216346226,-0.464087229537932
1.0,2.0,1.0,1.0,0.3379940604916889,-1.0407829516019567,1.453813297957972,-0.4014114235676847,-0.19113860592700424
1.0,1.0,0.0,2.0,-0.9986831168860775,0.6042647161780897,-0.0740430392321081,-1.2118584192988318,-0.7108626974601406
1.0,0.0,1.0,2.0,-0.8315984697138568,0.6908461723770396,-0.5601791465198609,-0.4014114235676847,-0.520172563156616
0.0,2.0,1.0,1.0,0.8392480020083513,-0.6078756706072076,0.48154108338246654,-0.4014114235676847,0.42393055275789415
1.0,2.0,2.0,1.0,-2.168275647091623,0.6908461723770396,-0.2823870852125736,-1.2118584192988318,-1.8363083920750614
2.0,1.0,1.0,1.0,-1.3328524112305191,0.08477597898439089,0.689885129362932,-1.2118584192988318,-1.1707624331333473
1.0,1.0,1.0,2.0,-0.8315984697138568,-1.1273644078009066,-0.004595023905286278,-1.2118584192988318,-1.1090685661527953
2.0,1.0,1.0,1.0,1.3405019435250136,-1.5602716887956556,-0.7685231925003264,-0.4014114235676847,0.2575440630224656
1.0,1.0,1.0,2.0,-1.3328524112305191,-1.3005273201988061,-1.2546592997880792,-0.4014114235676847,-1.5297085682929235
1.0,1.0,1.0,1.0,-0.33034452819719434,-0.6078756706072076,-0.004595023905286278,-1.2118584192988318,-0.5313896298803524
1.0,0.0,2.0,1.0,-0.16325988102497352,1.2103349095707385,-1.5324513610953665,-0.4014114235676847,0.3510196190536052
0.0,1.0,1.0,1.0,-0.9986831168860775,1.5566607343665377,1.6621573439384376,-1.2118584192988318,-0.42295798488423086
1.0,1.0,1.0,1.0,0.5050787076639097,-1.3005273201988061,1.3149172673043283,-0.4014114235676847,-0.193008117047627
1.0,1.0,1.0,2.0,0.8392480020083513,0.1713574351833407,0.7593331446897538,1.2194825678946093,0.8445705548980224
0.0,1.0,0.0,2.0,1.006332649180572,0.7774276285759895,-0.9768672384807918,-1.2118584192988318,1.3381214907424397
1.0,2.0,2.0,1.0,-1.1657677640582984,1.2103349095707385,-0.35183510053939543,-0.4014114235676847,-0.7033846529776496
1.0,1.0,2.0,1.0,0.5050787076639097,1.470079278167588,-0.14349105455892994,1.2194825678946093,1.1829520677307475
1.0,2.0,1.0,1.0,0.17090941331946807,-1.5602716887956556,0.6204371140361101,2.840376559356903,-0.5538237633278261
1.0,2.0,2.0,1.0,0.3379940604916889,-0.5212942144082578,1.6621573439384376,-1.2118584192988318,0.05563686199520435
0.0,1.0,2.0,1.0,1.3405019435250136,-0.9542014954030069,1.6621573439384376,-1.2118584192988318,0.623968242664533
2.0,1.0,1.0,1.0,-0.16325988102497352,-0.5212942144082578,0.7593331446897538,-0.4014114235676847,-0.3593946067830556
0.0,2.0,1.0,1.0,0.5050787076639097,0.51768325997914,-1.4630033457685447,0.40903557216346226,0.7099657542131815
1.0,2.0,2.0,1.0,-0.33034452819719434,-0.6944571268061575,-0.14349105455892994,-1.2118584192988318,-0.565040830051563
1.0,1.0,0.0,2.0,0.0038247661472472732,-0.9542014954030069,-1.1157632691344355,0.40903557216346226,-0.4080018959192485
1.0,2.0,1.0,1.0,0.0038247661472472732,0.9505905409738891,-0.0740430392321081,-0.4014114235676847,0.4145829971547801
1.0,2.0,1.0,2.0,0.0038247661472472732,-1.6468531449946056,1.6621573439384376,-1.2118584192988318,-0.7071236752188952
0.0,1.0,1.0,1.0,-0.8315984697138568,-0.0018054772145589292,1.106573221323863,1.2194825678946093,-0.7445138976313509
0.0,0.0,2.0,1.0,0.5050787076639097,0.34452034758124034,-0.14349105455892994,-1.2118584192988318,0.623968242664533
1.0,2.0,2.0,1.0,0.0038247661472472732,1.5566607343665377,-1.6018993764221883,-1.2118584192988318,0.6763145540419714
0.0,2.0,1.0,1.0,1.3405019435250136,0.9505905409738891,1.5927093286116158,0.40903557216346226,1.775587092968173
2.0,2.0,0.0,1.0,-0.4974291753694151,0.08477597898439089,-1.5324513610953665,-1.2118584192988318,-0.4136104292811164
1.0,1.0,1.0,0.0,1.3405019435250136,0.6042647161780897,-1.6018993764221883,2.029929563625756,1.56620184745842
0.0,1.0,1.0,2.0,1.5075865906972346,-0.5212942144082578,-1.324107315114901,0.40903557216346226,1.0240436224778107
1.0,2.0,1.0,1.0,0.17090941331946807,0.08477597898439089,0.7593331446897538,-0.4014114235676847,0.19211117380066825
2.0,0.0,2.0,2.0,0.6721633548361304,-0.3481313020103582,-0.21293906988575176,1.2194825678946093,0.42206104163727176
0.0,1.0,1.0,1.0,-1.3328524112305191,-0.6944571268061575,-1.4630033457685447,1.2194825678946093,-1.3726696341606088
2.0,0.0,2.0,2.0,0.6721633548361304,-0.434712758209308,-0.35183510053939543,2.840376559356903,0.3771927747423244
1.0,1.0,1.0,1.0,0.0038247661472472732,1.7298236467644375,-0.14349105455892994,-0.4014114235676847,0.7510949988668828
0.0,0.0,2.0,1.0,0.17090941331946807,-1.1273644078009066,-0.35183510053939543,0.40903557216346226,-0.35752509566243285
1.0,2.0,2.0,1.0,-0.8315984697138568,-0.17496838961245856,0.689885129362932,-0.4014114235676847,-0.8005992312500344
1.0,1.0,0.0,1.0,-0.6645138225416359,-1.4736902325967058,1.1760212366506848,-1.2118584192988318,-1.103460032790927
0.0,0.0,1.0,1.0,0.0038247661472472732,0.1713574351833407,-0.6296271618466828,-1.2118584192988318,0.07807099544267737
1.0,1.0,1.0,1.0,2.5100944737305593,-1.387108776397756,-1.67134739174901,0.40903557216346226,1.1997776678163532
2.0,1.0,1.0,2.0,-0.6645138225416359,1.3834978219686382,-1.740795407075832,-0.4014114235676847,-0.11635816110209284
2.0,2.0,2.0,2.0,-1.4999370584027398,0.1713574351833407,0.41209306805564466,0.40903557216346226,-1.3016282115769429
1.0,1.0,0.0,1.0,1.173417296352793,-0.0018054772145589292,0.34264505272882284,-1.2118584192988318,1.0502167781665297
2.0,2.0,1.0,1.0,-1.3328524112305191,0.34452034758124034,1.5927093286116158,-0.4014114235676847,-1.103460032790927
0.0,0.0,1.0,1.0,0.17090941331946807,-0.08838693341350874,0.6204371140361101,0.40903557216346226,0.11359170673451066
0.0,1.0,1.0,0.0,-0.16325988102497352,-0.08838693341350874,-1.2546592997880792,0.40903557216346226,-0.18179105032389015
2.0,1.0,1.0,0.0,-0.9986831168860775,1.6432421905654877,0.34264505272882284,1.2194825678946093,-0.39678482919551167
0.0,1.0,0.0,1.0,0.17090941331946807,1.2103349095707385,1.037125205997041,-0.4014114235676847,0.7024877097306899
1.0,0.0,1.0,1.0,0.6721633548361304,0.9505905409738891,-1.6018993764221883,-0.4014114235676847,1.0950850450614764
0.0,2.0,2.0,1.0,-0.4974291753694151,-1.3005273201988061,-0.21293906988575176,-0.4014114235676847,-0.9221174540905159
0.0,1.0,1.0,1.0,-0.6645138225416359,-0.9542014954030069,-1.324107315114901,0.40903557216346226,-0.9239869652111391
1.0,2.0,1.0,2.0,-0.6645138225416359,0.8640090847749392,-0.6296271618466828,-1.2118584192988318,-0.2958312286818807
2.0,1.0,1.0,1.0,0.17090941331946807,-1.2139458639998564,-1.6018993764221883,-0.4014114235676847,-0.39678482919551133
1.0,0.0,2.0,1.0,-0.33034452819719434,0.08477597898439089,0.7593331446897538,1.2194825678946093,-0.2621800285106702
0.0,0.0,0.0,1.0,0.0038247661472472732,-0.2615498458114084,-1.1157632691344355,-0.4014114235676847,-0.1088801166196015
1.0,1.0,1.0,1.0,1.173417296352793,1.3834978219686382,1.2454692519775066,0.40903557216346226,1.8578455822755753
2.0,2.0,0.0,2.0,-1.8341063527471815,0.34452034758124034,1.1760212366506848,-0.4014114235676847,-1.5745768351878704
0.0,2.0,2.0,1.0,-0.6645138225416359,-0.0018054772145589292,-0.9074192231539701,-1.2118584192988318,-0.5949530079815274
1.0,1.0,2.0,2.0,0.5050787076639097,-0.8676200392040571,1.2454692519775066,-1.2118584192988318,0.02198566182399348
0.0,2.0,2.0,1.0,2.5100944737305593,-1.4736902325967058,1.037125205997041,-1.2118584192988318,1.1343447785945553
0.0,1.0,0.0,1.0,1.006332649180572,0.8640090847749392,0.6204371140361101,-0.4014114235676847,1.3867287798786325
1.0,1.0,2.0,0.0,-0.16325988102497352,-0.434712758209308,0.13430100674835738,-0.4014114235676847,-0.32387389549122264
0.0,1.0,2.0,0.0,-1.3328524112305191,-1.2139458639998564,1.6621573439384376,0.40903557216346226,-1.50727443484545
0.0,1.0,1.0,1.0,0.0038247661472472732,0.34452034758124034,1.6621573439384376,0.40903557216346226,0.15285144026758946
0.0,1.0,1.0,1.0,0.5050787076639097,-1.387108776397756,1.3149172673043283,0.40903557216346226,-0.2360068728219513
1.0,1.0,2.0,1.0,0.3379940604916889,-1.0407829516019567,0.06485299142153556,-0.4014114235676847,-0.19113860592700424
2.0,2.0,1.0,1.0,-0.4974291753694151,0.7774276285759895,-1.6018993764221883,-1.2118584192988318,-0.1593569168764168
1.0,1.0,1.0,1.0,0.0038247661472472732,-0.5212942144082578,1.106573221323863,-0.4014114235676847,-0.22105078385696894
0.0,2.0,0.0,2.0,4.013856298280547,-1.0407829516019567,-0.004595023905286278,1.2194825678946093,2.605650030524693
1.0,0.0,1.0,0.0,-0.6645138225416359,-1.2139458639998564,-1.6018993764221883,-0.4014114235676847,-1.0137234990010329
1.0,1.0,0.0,2.0,-0.6645138225416359,-1.2139458639998564,-1.324107315114901,-1.2118584192988318,-1.0137234990010329
0.0,2.0,2.0,1.0,0.5050787076639097,0.6908461723770396,1.3149172673043283,1.2194825678946093,0.7959632657618295
0.0,1.0,0.0,1.0,-0.8315984697138568,0.25793889138229054,0.5509890987092884,-0.4014114235676847,-0.6603858972033253
1.0,1.0,2.0,2.0,0.3379940604916889,-0.0018054772145589292,1.1760212366506848,-1.2118584192988318,0.30241232991741296
1.0,1.0,1.0,2.0,0.5050787076639097,0.6908461723770396,-0.35183510053939543,0.40903557216346226,0.7959632657618295
0.0,2.0,1.0,1.0,-0.16325988102497352,-0.434712758209308,1.5927093286116158,-0.4014114235676847,-0.32387389549122264
0.0,2.0,1.0,1.0,0.0038247661472472732,1.2969163657696883,0.8287811600165756,-1.2118584192988318,0.5641438868046036
0.0,0.0,1.0,0.0,0.5050787076639097,-1.0407829516019567,0.41209306805564466,-0.4014114235676847,-0.06401184972465444
1.0,1.0,1.0,1.0,0.6721633548361304,0.1713574351833407,0.13430100674835738,1.2194825678946093,0.6912706430069534
1.0,2.0,1.0,2.0,1.173417296352793,0.8640090847749392,-1.5324513610953665,-0.4014114235676847,1.5549847807346835
0.0,2.0,1.0,1.0,0.8392480020083513,0.1713574351833407,-0.9768672384807918,-0.4014114235676847,0.8445705548980224
1.0,1.0,1.0,2.0,0.17090941331946807,-0.3481313020103582,0.41209306805564466,-1.2118584192988318,-0.004187493864725048
0.0,2.0,2.0,1.0,-1.4999370584027398,0.1713574351833407,1.5232613132847939,0.40903557216346226,-1.3016282115769429
2.0,1.0,2.0,1.0,1.3405019435250136,-0.3481313020103582,-0.004595023905286278,1.2194825678946093,0.9903924223066004
1.0,1.0,0.0,2.0,1.5075865906972346,1.2969163657696883,0.8982291753433975,-1.2118584192988318,2.16257589493709
0.0,0.0,0.0,2.0,0.0038247661472472732,-0.0018054772145589292,0.13430100674835738,-1.2118584192988318,0.003290550617765961
2.0,1.0,0.0,1.0,0.17090941331946807,-0.434712758209308,-0.004595023905286278,-0.4014114235676847,-0.04344722739780384
0.0,1.0,0.0,2.0,-0.6645138225416359,-1.2139458639998564,-0.8379712078271482,0.40903557216346226,-1.0137234990010329
1.0,1.0,1.0,1.0,-2.335360294263844,0.34452034758124034,0.8982291753433975,-0.4014114235676847,-2.045693637584814
1.0,2.0,1.0,2.0,1.006332649180572,0.6908461723770396,0.273197037402001,-0.4014114235676847,1.2895142016062466
0.0,2.0,1.0,2.0,1.006332649180572,0.9505905409738891,-0.6990751771735045,-1.2118584192988318,1.4353360690148247
2.0,1.0,0.0,1.0,0.6721633548361304,-0.434712758209308,-0.49073113119303907,0.40903557216346226,0.3771927747423244
1.0,1.0,2.0,1.0,-0.16325988102497352,-0.3481313020103582,-1.1157632691344355,-0.4014114235676847,-0.2883531841993897
1.0,1.0,2.0,1.0,-0.4974291753694151,0.08477597898439089,0.7593331446897538,-0.4014114235676847,-0.4136104292811164
1.0,2.0,1.0,2.0,0.3379940604916889,-0.08838693341350874,1.7316053592652594,2.029929563625756,0.26128308526371175
1.0,1.0,2.0,1.0,0.5050787076639097,-0.0018054772145589292,-0.0740430392321081,2.029929563625756,0.45197321956723646
0.0,0.0,1.0,2.0,-1.1657677640582984,0.34452034758124034,-0.2823870852125736,-0.4014114235676847,-0.9464210986586125
1.0,2.0,1.0,2.0,-0.33034452819719434,-0.434712758209308,0.34264505272882284,0.40903557216346226,-0.464087229537932
1.0,1.0,2.0,1.0,0.5050787076639097,-1.2139458639998564,1.037125205997041,0.40903557216346226,-0.1500093612733027
2.0,2.0,1.0,1.0,1.006332649180572,-1.387108776397756,1.106573221323863,-0.4014114235676847,0.12293926233762476
1.0,0.0,0.0,2.0,-0.4974291753694151,-1.6468531449946056,-1.1852112844612572,-0.4014114235676847,-1.049244210292866
0.0,2.0,1.0,1.0,-0.4974291753694151,1.3834978219686382,-1.0463152538076137,-1.2118584192988318,0.06311490647769535
1.0,0.0,1.0,1.0,1.6746712378694553,0.43110180378019014,0.5509890987092884,0.40903557216346226,1.7793261152094184
2.0,1.0,1.0,2.0,-0.9986831168860775,-0.2615498458114084,-1.3935553304417228,0.40903557216346226,-0.9725942543473313
1.0,2.0,1.0,2.0,-1.8341063527471815,-0.8676200392040571,0.41209306805564466,-0.4014114235676847,-1.8101352363863425
1.0,1.0,1.0,2.0,0.5050787076639097,-0.2615498458114084,0.273197037402001,-1.2118584192988318,0.32297695224426354
0.0,0.0,2.0,1.0,0.6721633548361304,-0.3481313020103582,-0.42128311586621725,0.40903557216346226,0.42206104163727176
2.0,1.0,1.0,1.0,-0.16325988102497352,1.3834978219686382,-1.4630033457685447,-0.4014114235676847,0.4220610416372711
1.0,1.0,0.0,1.0,-1.6670217055749608,-0.6944571268061575,0.9676771906702193,1.2194825678946093,-1.6418792355302911
1.0,1.0,0.0,1.0,-2.001190999919402,-1.6468531449946056,0.2037490220751792,-1.2118584192988318,-2.0756058155147787
1.0,1.0,2.0,1.0,0.5050787076639097,-1.387108776397756,-1.3935553304417228,-1.2118584192988318,-0.2360068728219513
2.0,2.0,1.0,1.0,1.173417296352793,-1.0407829516019567,-0.35183510053939543,-1.2118584192988318,0.44449517508474545
2.0,1.0,1.0,1.0,-0.6645138225416359,1.0371719971728388,-0.6296271618466828,0.40903557216346226,-0.2360068728219513
1.0,0.0,1.0,1.0,-0.33034452819719434,-1.2139458639998564,1.2454692519775066,-0.4014114235676847,-0.7669480310788243
0.0,2.0,2.0,0.0,-0.6645138225416359,-0.7810385830051073,-0.21293906988575176,-0.4014114235676847,-0.8641626093512097
2.0,2.0,2.0,0.0,-0.8315984697138568,-1.387108776397756,-1.3935553304417228,-0.4014114235676847,-1.193196566580821
1.0,2.0,0.0,2.0,0.6721633548361304,1.2969163657696883,-1.1157632691344355,0.40903557216346226,1.274558112641264
1.0,1.0,0.0,1.0,0.17090941331946807,-1.4736902325967058,-0.0740430392321081,-1.2118584192988318,-0.5145640297947474
1.0,2.0,0.0,1.0,0.17090941331946807,-0.9542014954030069,-0.8379712078271482,-1.2118584192988318,-0.2790056285962759
1.0,0.0,1.0,2.0,-1.3328524112305191,0.1713574351833407,1.5927093286116158,-1.2118584192988318,-1.148328299685874
0.0,1.0,0.0,0.0,1.006332649180572,0.7774276285759895,1.7316053592652594,-1.2118584192988318,1.3381214907424397
1.0,1.0,2.0,1.0,-0.9986831168860775,0.9505905409738891,-0.35183510053939543,0.40903557216346226,-0.6061700747052642
0.0,1.0,1.0,1.0,0.8392480020083513,-0.7810385830051073,1.5927093286116158,-1.2118584192988318,0.33045499672675455
1.0,2.0,0.0,1.0,-0.16325988102497352,0.7774276285759895,-0.7685231925003264,0.40903557216346226,0.17341606259444006
0.0,1.0,2.0,2.0,-1.3328524112305191,-1.4736902325967058,-0.42128311586621725,-1.2118584192988318,-1.5745768351878704
1.0,2.0,0.0,1.0,-1.8341063527471815,-0.0018054772145589292,-1.0463152538076137,0.40903557216346226,-1.641879235530291
2.0,1.0,2.0,2.0,-1.4999370584027398,-1.1273644078009066,-1.6018993764221883,1.2194825678946093,-1.6100975464797038
1.0,1.0,1.0,1.0,0.5050787076639097,0.6042647161780897,1.5927093286116158,1.2194825678946093,0.7529645099875059
1.0,1.0,1.0,1.0,2.67717912090278,-0.3481313020103582,1.453813297957972,-0.4014114235676847,2.1270551836452576
1.0,1.0,1.0,2.0,-0.33034452819719434,-0.6078756706072076,-0.6990751771735045,-0.4014114235676847,-0.5313896298803524
0.0,1.0,1.0,1.0,-0.6645138225416359,-0.6944571268061575,-0.6296271618466828,-1.2118584192988318,-0.834250431421245
0.0,0.0,2.0,1.0,-0.16325988102497352,-1.3005273201988061,-1.1852112844612572,1.2194825678946093,-0.6790810084095532
1.0,2.0,1.0,2.0,1.5075865906972346,-0.5212942144082578,-0.49073113119303907,-1.2118584192988318,1.0240436224778107
1.0,1.0,1.0,1.0,-0.16325988102497352,1.2969163657696883,0.689885129362932,0.40903557216346226,0.38654033034543844
2.0,2.0,0.0,2.0,1.3405019435250136,1.3834978219686382,1.5927093286116158,-0.4014114235676847,2.0373186498553637
1.0,1.0,2.0,2.0,1.173417296352793,0.08477597898439089,1.2454692519775066,-1.2118584192988318,1.1006935784233451
1.0,1.0,1.0,1.0,-2.6695295886082855,-1.7334346011935553,-1.3935553304417228,0.40903557216346226,-2.5392445734292313
0.0,0.0,1.0,2.0,-0.4974291753694151,0.08477597898439089,0.2037490220751792,-0.4014114235676847,-0.4136104292811164
1.0,1.0,1.0,1.0,-1.1657677640582984,-1.7334346011935553,-0.6296271618466828,0.40903557216346226,-1.5297085682929237
1.0,0.0,2.0,2.0,0.17090941331946807,-0.0018054772145589292,-1.0463152538076137,-0.4014114235676847,0.15285144026758946
1.0,1.0,2.0,0.0,0.0038247661472472732,1.3834978219686382,-0.35183510053939543,0.40903557216346226,0.6015341092170593
0.0,1.0,1.0,1.0,-0.4974291753694151,-0.2615498458114084,-1.4630033457685447,1.2194825678946093,-0.5407371854834665
1.0,1.0,1.0,1.0,-0.33034452819719434,0.9505905409738891,1.3149172673043283,1.2194825678946093,0.07433197320143187
2.0,1.0,1.0,0.0,-2.001190999919402,0.8640090847749392,-0.14349105455892994,1.2194825678946093,-1.641879235530291
2.0,1.0,1.0,2.0,1.3405019435250136,-0.7810385830051073,-1.2546592997880792,-0.4014114235676847,0.7286608654194091
1.0,0.0,0.0,1.0,-0.8315984697138568,0.25793889138229054,-0.004595023905286278,-0.4014114235676847,-0.6603858972033253
0.0,1.0,2.0,2.0,0.0038247661472472732,-0.6078756706072076,-0.35183510053939543,1.2194825678946093,-0.258441006269425
2.0,2.0,0.0,0.0,-0.8315984697138568,0.7774276285759895,-0.14349105455892994,0.40903557216346226,-0.492129896347274
0.0,0.0,1.0,1.0,-1.1657677640582984,0.08477597898439089,0.689885129362932,-0.4014114235676847,-1.0193320323629012
0.0,2.0,1.0,1.0,-0.9986831168860775,0.34452034758124034,-1.67134739174901,2.029929563625756,-0.789382164526298
1.0,0.0,1.0,2.0,0.5050787076639097,1.6432421905654877,-0.49073113119303907,-1.2118584192988318,1.2689495792793961
2.0,1.0,1.0,2.0,2.0088405322138967,0.8640090847749392,1.5927093286116158,-1.2118584192988318,2.39626478501494
1.0,2.0,0.0,1.0,0.3379940604916889,-0.6078756706072076,1.106573221323863,-0.4014114235676847,0.014507617341502474
1.0,1.0,2.0,1.0,1.841755885041676,0.6908461723770396,0.5509890987092884,-1.2118584192988318,2.112099094680276
0.0,1.0,1.0,1.0,-2.001190999919402,1.2969163657696883,-0.14349105455892994,0.40903557216346226,-1.5670987907053795
1.0,0.0,1.0,1.0,0.0038247661472472732,0.7774276285759895,1.3843652826311503,1.2194825678946093,0.33980255232986867
2.0,1.0,1.0,2.0,-1.1657677640582984,-1.1273644078009066,0.34264505272882284,-0.4014114235676847,-1.3595830563162492
2.0,1.0,1.0,0.0,-0.9986831168860775,-0.5212942144082578,-1.4630033457685447,0.40903557216346226,-1.051113721413489
0.0,2.0,1.0,1.0,1.3405019435250136,-1.387108776397756,0.5509890987092884,0.40903557216346226,0.36223668577734236
1.0,2.0,2.0,2.0,-0.8315984697138568,0.43110180378019014,-0.9768672384807918,-0.4014114235676847,-0.6043005635846415
1.0,0.0,2.0,0.0,0.5050787076639097,1.470079278167588,-1.3935553304417228,-1.2118584192988318,1.1829520677307475
1.0,2.0,1.0,2.0,-0.33034452819719434,1.5566607343665377,1.1760212366506848,0.40903557216346226,0.30989037439990397
1.0,1.0,2.0,0.0,1.3405019435250136,-0.17496838961245856,0.6204371140361101,0.40903557216346226,1.0950850450614764
0.0,1.0,2.0,2.0,0.3379940604916889,1.5566607343665377,-0.42128311586621725,-0.4014114235676847,1.0427387336840381
1.0,1.0,2.0,1.0,1.006332649180572,-1.1273644078009066,1.3149172673043283,-1.2118584192988318,0.26876112974620275
1.0,0.0,1.0,1.0,0.0038247661472472732,1.2103349095707385,1.453813297957972,0.40903557216346226,0.5267536643921472
0.0,1.0,2.0,1.0,0.6721633548361304,-0.9542014954030069,0.41209306805564466,1.2194825678946093,0.10798317337264207
0.0,2.0,1.0,2.0,-0.4974291753694151,1.2969163657696883,-1.4630033457685447,0.40903557216346226,0.031333217427107575
1.0,2.0,2.0,2.0,1.5075865906972346,0.25793889138229054,-0.7685231925003264,0.40903557216346226,1.5119860249603592
0.0,1.0,1.0,2.0,1.6746712378694553,0.6042647161780897,-1.5324513610953665,-0.4014114235676847,1.891496782446786
1.0,1.0,1.0,1.0,-0.4974291753694151,0.6908461723770396,-0.004595023905286278,0.40903557216346226,-0.19113860592700424
0.0,2.0,0.0,0.0,0.17090941331946807,0.8640090847749392,0.9676771906702193,-0.4014114235676847,0.545448775598376
1.0,1.0,2.0,2.0,1.006332649180572,0.34452034758124034,0.9676771906702193,-1.2118584192988318,1.0950850450614764
1.0,0.0,2.0,2.0,0.3379940604916889,1.2103349095707385,0.41209306805564466,0.40903557216346226,0.8782217550692326
2.0,1.0,1.0,1.0,-1.8341063527471815,0.9505905409738891,-0.6990751771735045,-1.2118584192988318,-1.4567976345886346
1.0,1.0,2.0,1.0,0.3379940604916889,1.3834978219686382,-0.35183510053939543,0.40903557216346226,0.960480244376635
1.0,2.0,1.0,1.0,-0.8315984697138568,-0.08838693341350874,0.34264505272882284,-0.4014114235676847,-0.7725565644406924
1.0,1.0,1.0,1.0,1.173417296352793,0.34452034758124034,1.5927093286116158,-1.2118584192988318,1.252123979193791
2.0,1.0,2.0,1.0,-0.6645138225416359,-1.1273644078009066,1.3149172673043283,-0.4014114235676847,-0.9838113210710682
1.0,2.0,2.0,1.0,-1.1657677640582984,-0.08838693341350874,1.1760212366506848,1.2194825678946093,-1.067939321499094
1.0,1.0,1.0,1.0,-0.4974291753694151,-0.9542014954030069,-1.324107315114901,-0.4014114235676847,-0.7949906978881665
1.0,1.0,1.0,2.0,-2.001190999919402,-0.434712758209308,1.1760212366506848,2.840376559356903,-1.866220570005026
0.0,0.0,1.0,2.0,0.3379940604916889,-1.5602716887956556,-1.0463152538076137,-1.2118584192988318,-0.4379140738492129
1.0,1.0,1.0,1.0,1.841755885041676,-1.387108776397756,0.5509890987092884,-0.4014114235676847,0.7211828209369181
1.0,1.0,0.0,0.0,-0.6645138225416359,-0.5212942144082578,0.8287811600165756,-1.2118584192988318,-0.7744260755613156
1.0,1.0,1.0,2.0,0.17090941331946807,-0.7810385830051073,-1.67134739174901,1.2194825678946093,-0.20048616153011833
0.0,2.0,1.0,1.0,-0.9986831168860775,-1.3005273201988061,-1.1157632691344355,-0.4014114235676847,-1.2866721226119606
0.0,1.0,1.0,1.0,-0.8315984697138568,-0.5212942144082578,1.1760212366506848,-0.4014114235676847,-0.9127698984874022
1.0,2.0,2.0,1.0,0.5050787076639097,1.0371719971728388,-1.1852112844612572,0.40903557216346226,0.9679582888591267
0.0,1.0,2.0,2.0,0.8392480020083513,0.6042647161780897,0.06485299142153556,-0.4014114235676847,1.0782594449758713
1.0,1.0,1.0,1.0,-0.16325988102497352,-1.6468531449946056,-0.6296271618466828,-1.2118584192988318,-0.8211638535768854
0.0,2.0,1.0,1.0,-1.3328524112305191,1.0371719971728388,-1.1852112844612572,0.40903557216346226,-0.9239869652111388
2.0,1.0,2.0,1.0,2.67717912090278,0.6908461723770396,1.6621573439384376,-1.2118584192988318,2.934683987754304
1.0,2.0,0.0,2.0,0.5050787076639097,-0.7810385830051073,0.41209306805564466,1.2194825678946093,0.06498441759831777
2.0,1.0,2.0,0.0,0.17090941331946807,1.6432421905654877,-1.67134739174901,0.40903557216346226,0.8987863773960831
0.0,1.0,1.0,1.0,-2.335360294263844,-0.6078756706072076,1.2454692519775066,-1.2118584192988318,-2.1690813715459183
1.0,2.0,1.0,1.0,-0.16325988102497352,-0.6078756706072076,-1.6018993764221883,-0.4014114235676847,-0.3949153180748889
0.0,1.0,0.0,2.0,-1.4999370584027398,-0.8676200392040571,-0.6296271618466828,-0.4014114235676847,-1.5484036794991516
1.0,0.0,1.0,1.0,-0.4974291753694151,0.08477597898439089,0.13430100674835738,1.2194825678946093,-0.4136104292811164
0.0,1.0,2.0,1.0,0.3379940604916889,-1.387108776397756,-0.6296271618466828,-0.4014114235676847,-0.3556555845418101
0.0,1.0,0.0,2.0,-0.16325988102497352,0.51768325997914,-1.4630033457685447,-0.4014114235676847,0.06685392871894086
2.0,1.0,2.0,2.0,-1.3328524112305191,0.34452034758124034,-0.0740430392321081,-0.4014114235676847,-1.103460032790927
2.0,0.0,2.0,2.0,0.5050787076639097,1.1237534533717888,1.2454692519775066,-0.4014114235676847,1.010957044633451
2.0,0.0,1.0,0.0,-1.1657677640582984,-0.3481313020103582,1.5232613132847939,2.029929563625756,-1.1408502552033826
2.0,1.0,1.0,1.0,-0.4974291753694151,-1.1273644078009066,-1.6018993764221883,0.40903557216346226,-0.8585540759893411
0.0,0.0,1.0,1.0,0.3379940604916889,0.8640090847749392,-0.9074192231539701,-1.2118584192988318,0.7137047764544271
1.0,0.0,1.0,1.0,0.17090941331946807,1.7298236467644375,0.273197037402001,0.40903557216346226,0.938046110929162
2.0,2.0,0.0,0.0,-0.6645138225416359,-0.434712758209308,-1.5324513610953665,-1.2118584192988318,-0.7445138976313509
1.0,2.0,1.0,1.0,-0.9986831168860775,0.6908461723770396,1.5232613132847939,-1.2118584192988318,-0.6846895417714215
1.0,2.0,0.0,1.0,-2.001190999919402,0.9505905409738891,1.5927093286116158,-0.4014114235676847,-1.626923146565309
1.0,2.0,2.0,1.0,-0.33034452819719434,-0.08838693341350874,-0.0740430392321081,1.2194825678946093,-0.3294824288530909
0.0,1.0,0.0,0.0,-1.4999370584027398,0.6908461723770396,-0.14349105455892994,-0.4014114235676847,-1.1782404776158386
1.0,1.0,0.0,2.0,1.5075865906972346,1.2969163657696883,-0.7685231925003264,-0.4014114235676847,2.16257589493709
0.0,1.0,0.0,2.0,-0.9986831168860775,1.1237534533717888,-0.004595023905286278,-1.2118584192988318,-0.5538237633278258
0.0,1.0,1.0,1.0,0.0038247661472472732,-1.7334346011935553,-0.5601791465198609,-0.4014114235676847,-0.7445138976313509
1.0,2.0,1.0,0.0,-0.9986831168860775,1.2969163657696883,-1.2546592997880792,0.40903557216346226,-0.5014774519503881
2.0,2.0,1.0,1.0,0.17090941331946807,0.43110180378019014,-0.9768672384807918,0.40903557216346226,0.34915010793298207
2.0,0.0,0.0,2.0,-0.6645138225416359,-0.7810385830051073,-1.1157632691344355,-0.4014114235676847,-0.8641626093512097
1.0,1.0,0.0,2.0,1.006332649180572,-1.6468531449946056,0.8287811600165756,1.2194825678946093,-0.022882605070953233
1.0,1.0,2.0,0.0,-1.6670217055749608,-0.7810385830051073,0.7593331446897538,-0.4014114235676847,-1.660574346736519
2.0,1.0,1.0,1.0,-1.1657677640582984,-0.0018054772145589292,1.3149172673043283,-0.4014114235676847,-1.0436356769309976
1.0,2.0,1.0,0.0,-0.8315984697138568,-0.0018054772145589292,0.34264505272882284,-1.2118584192988318,-0.7445138976313509
2.0,1.0,0.0,2.0,-0.4974291753694151,0.34452034758124034,1.5927093286116158,-0.4014114235676847,-0.3182653621293544
1.0,2.0,0.0,1.0,0.6721633548361304,-1.1273644078009066,0.7593331446897538,3.65082355508805,0.018246639582748643
1.0,2.0,1.0,1.0,0.17090941331946807,0.9505905409738891,1.7316053592652594,-1.2118584192988318,0.5847085091314542
1.0,1.0,1.0,1.0,0.17090941331946807,1.1237534533717888,0.2037490220751792,-1.2118584192988318,0.6632279761976118
1.0,2.0,1.0,2.0,1.006332649180572,1.3834978219686382,0.5509890987092884,-1.2118584192988318,1.6783725146957877
2.0,1.0,2.0,1.0,-0.16325988102497352,-1.6468531449946056,-0.9074192231539701,-0.4014114235676847,-0.8211638535768854
1.0,1.0,1.0,2.0,0.8392480020083513,0.8640090847749392,-0.7685231925003264,0.40903557216346226,1.2184727790225809
1.0,0.0,0.0,2.0,1.173417296352793,-0.6078756706072076,1.5232613132847939,0.40903557216346226,0.696879176368822
1.0,1.0,1.0,0.0,-1.8341063527471815,0.7774276285759895,1.453813297957972,-1.2118584192988318,-1.490448834759845
1.0,2.0,1.0,0.0,1.173417296352793,-1.0407829516019567,-1.6018993764221883,-0.4014114235676847,0.44449517508474545
2.0,2.0,1.0,1.0,0.17090941331946807,0.9505905409738891,-1.5324513610953665,-0.4014114235676847,0.5847085091314542
0.0,1.0,1.0,2.0,2.3430098265583386,0.08477597898439089,0.48154108338246654,-0.4014114235676847,2.1607063838164686
0.0,1.0,0.0,1.0,-0.9986831168860775,-0.434712758209308,-0.9074192231539701,-1.2118584192988318,-1.0249405657247697
2.0,2.0,1.0,2.0,0.5050787076639097,-0.434712758209308,0.34264505272882284,-1.2118584192988318,0.23697944069561497
2.0,2.0,1.0,0.0,-1.3328524112305191,-0.08838693341350874,-1.324107315114901,-0.4014114235676847,-1.2156307000282944
2.0,0.0,1.0,1.0,-0.4974291753694151,-0.6944571268061575,1.453813297957972,1.2194825678946093,-0.6996456307364038
0.0,0.0,1.0,1.0,1.006332649180572,-0.7810385830051073,0.13430100674835738,-1.2118584192988318,0.463190286290973
0.0,1.0,1.0,1.0,1.006332649180572,-0.3481313020103582,-1.1157632691344355,-1.2118584192988318,0.7062267319719361
2.0,2.0,1.0,1.0,1.173417296352793,-0.5212942144082578,1.6621573439384376,1.2194825678946093,0.7473559766256372
1.0,1.0,2.0,2.0,1.3405019435250136,0.43110180378019014,1.5927093286116158,0.40903557216346226,1.461509224703544
1.0,1.0,1.0,1.0,0.3379940604916889,0.6908461723770396,-0.49073113119303907,0.40903557216346226,0.631446287147024
1.0,1.0,0.0,2.0,0.0038247661472472732,-0.6078756706072076,-0.6990751771735045,0.40903557216346226,-0.258441006269425
1.0,0.0,0.0,1.0,0.0038247661472472732,-1.4736902325967058,0.06485299142153556,1.2194825678946093,-0.6323432303939834
1.0,2.0,2.0,1.0,-0.16325988102497352,0.6908461723770396,-0.6296271618466828,1.2194825678946093,0.13789535130260677
1.0,1.0,0.0,1.0,0.17090941331946807,-0.5212942144082578,-0.35183510053939543,-0.4014114235676847,-0.08270696093088263
2.0,1.0,1.0,1.0,0.5050787076639097,-1.387108776397756,-1.1157632691344355,1.2194825678946093,-0.2360068728219513
0.0,2.0,2.0,0.0,2.175925179386118,-1.7334346011935553,0.689885129362932,2.029929563625756,0.7137047764544271
0.0,0.0,1.0,2.0,0.6721633548361304,-0.434712758209308,0.9676771906702193,-1.2118584192988318,0.3771927747423244
0.0,1.0,1.0,1.0,1.6746712378694553,-1.387108776397756,0.7593331446897538,-0.4014114235676847,0.6015341092170593
2.0,1.0,1.0,2.0,-0.16325988102497352,1.2969163657696883,1.3843652826311503,-1.2118584192988318,0.38654033034543844
1.0,0.0,1.0,2.0,-0.33034452819719434,-1.6468531449946056,-0.5601791465198609,2.840376559356903,-0.9352040319348756
1.0,0.0,1.0,0.0,0.8392480020083513,0.43110180378019014,1.3843652826311503,-1.2118584192988318,0.9847838889447318
1.0,0.0,2.0,2.0,1.3405019435250136,-1.5602716887956556,0.689885129362932,0.40903557216346226,0.2575440630224656
1.0,1.0,2.0,1.0,-2.168275647091623,1.3834978219686382,1.106573221323863,-1.2118584192988318,-1.731615769320185
1.0,1.0,2.0,1.0,-0.6645138225416359,0.1713574351833407,-0.42128311586621725,0.40903557216346226,-0.5351286521215983
1.0,1.0,1.0,1.0,-0.4974291753694151,1.1237534533717888,-0.7685231925003264,-0.4014114235676847,-0.032230160674067
2.0,2.0,0.0,1.0,1.173417296352793,-1.6468531449946056,-1.67134739174901,-0.4014114235676847,0.09115757328703697
2.0,0.0,1.0,1.0,0.6721633548361304,-0.434712758209308,1.5927093286116158,-0.4014114235676847,0.3771927747423244
1.0,1.0,1.0,1.0,-0.4974291753694151,0.25793889138229054,1.453813297957972,-0.4014114235676847,-0.35004705117994184
1.0,1.0,2.0,1.0,0.6721633548361304,-0.6078756706072076,-0.7685231925003264,2.029929563625756,0.2874562409524303
1.0,2.0,0.0,1.0,1.006332649180572,-1.3005273201988061,-0.0740430392321081,0.40903557216346226,0.17154655147381764
2.0,1.0,2.0,1.0,-0.33034452819719434,-1.0407829516019567,0.689885129362932,1.2194825678946093,-0.6996456307364038
0.0,2.0,2.0,1.0,1.006332649180572,-0.9542014954030069,1.3843652826311503,-1.2118584192988318,0.3659757080185872
2.0,2.0,0.0,2.0,0.5050787076639097,-0.17496838961245856,-0.6990751771735045,-0.4014114235676847,0.36597570801858786
2.0,0.0,1.0,1.0,-0.16325988102497352,-0.0018054772145589292,-0.8379712078271482,-0.4014114235676847,-0.1462703390320572
0.0,0.0,2.0,1.0,0.5050787076639097,-0.434712758209308,-0.2823870852125736,-1.2118584192988318,0.23697944069561497
1.0,1.0,1.0,1.0,-0.33034452819719434,0.34452034758124034,-0.6990751771735045,0.40903557216346226,-0.16122642799703987
1.0,1.0,1.0,2.0,-0.6645138225416359,-0.9542014954030069,-0.49073113119303907,-1.2118584192988318,-0.9239869652111391
1.0,1.0,0.0,2.0,0.8392480020083513,1.2969163657696883,-0.49073113119303907,-0.4014114235676847,1.4521616691004298
1.0,0.0,2.0,2.0,-0.16325988102497352,-1.4736902325967058,-1.1852112844612572,0.40903557216346226,-0.7501224309932191
1.0,0.0,1.0,1.0,1.173417296352793,1.0371719971728388,1.453813297957972,-1.2118584192988318,1.6559383812483142
1.0,2.0,1.0,1.0,-0.33034452819719434,-1.3005273201988061,1.453813297957972,-0.4014114235676847,-0.8005992312500344
2.0,0.0,1.0,1.0,0.6721633548361304,1.1237534533717888,-0.9074192231539701,-0.4014114235676847,1.1848215788513705
2.0,0.0,2.0,2.0,-0.6645138225416359,1.6432421905654877,1.7316053592652594,-0.4014114235676847,-0.026621627312198737
1.0,2.0,1.0,0.0,-0.6645138225416359,-1.1273644078009066,1.5927093286116158,-1.2118584192988318,-0.9838113210710682
1.0,0.0,1.0,2.0,-0.6645138225416359,1.1237534533717888,-0.2823870852125736,-1.2118584192988318,-0.2060946948919866
1.0,1.0,0.0,0.0,-1.3328524112305191,-0.2615498458114084,1.037125205997041,0.40903557216346226,-1.2604989669232414
1.0,1.0,2.0,1.0,1.173417296352793,-0.7810385830051073,-0.49073113119303907,-0.4014114235676847,0.5959255758551907
1.0,0.0,0.0,1.0,0.0038247661472472732,-1.1273644078009066,1.5927093286116158,-0.4014114235676847,-0.4827823407441599
0.0,2.0,2.0,0.0,-1.1657677640582984,-0.9542014954030069,-0.14349105455892994,-0.4014114235676847,-1.310975767180057
2.0,1.0,2.0,1.0,-1.1657677640582984,-0.7810385830051073,-0.6990751771735045,0.40903557216346226,-1.2623684780438642
1.0,2.0,1.0,1.0,-0.9986831168860775,-0.0018054772145589292,-0.9074192231539701,-1.2118584192988318,-0.8940747872811741
0.0,2.0,1.0,1.0,2.0088405322138967,-0.0018054772145589292,0.13430100674835738,-1.2118584192988318,1.7980212264156465
0.0,1.0,0.0,1.0,-0.4974291753694151,1.1237534533717888,-1.740795407075832,1.2194825678946093,-0.032230160674067
1.0,1.0,0.0,1.0,0.3379940604916889,0.1713574351833407,-1.4630033457685447,0.40903557216346226,0.3846708192248154
0.0,1.0,0.0,1.0,0.0038247661472472732,1.6432421905654877,1.5232613132847939,2.029929563625756,0.7137047764544271
1.0,1.0,2.0,1.0,0.5050787076639097,0.51768325997914,1.106573221323863,0.40903557216346226,0.7099657542131815
1.0,1.0,1.0,1.0,0.8392480020083513,-1.2139458639998564,1.6621573439384376,0.40903557216346226,0.09676610664890556
0.0,0.0,2.0,1.0,-1.6670217055749608,1.0371719971728388,-1.67134739174901,-0.4014114235676847,-1.2679770114057325
2.0,0.0,0.0,2.0,-0.4974291753694151,1.2103349095707385,0.06485299142153556,1.2194825678946093,-0.0004484716234798755
2.0,1.0,1.0,2.0,-1.3328524112305191,-0.0018054772145589292,-1.1157632691344355,-0.4014114235676847,-1.1931965665808206
1.0,0.0,1.0,1.0,-1.3328524112305191,-0.6078756706072076,0.48154108338246654,-0.4014114235676847,-1.3502355007131355
1.0,1.0,1.0,1.0,-0.33034452819719434,-0.8676200392040571,0.7593331446897538,-0.4014114235676847,-0.6323432303939834
2.0,2.0,1.0,2.0,0.0038247661472472732,-0.7810385830051073,1.2454692519775066,0.40903557216346226,-0.33322145109433676
1.0,1.0,2.0,2.0,-0.33034452819719434,1.470079278167588,-0.5601791465198609,-0.4014114235676847,0.27623917422869376
1.0,1.0,0.0,2.0,0.6721633548361304,-1.5602716887956556,-1.740795407075832,-0.4014114235676847,-0.20609469489198692
1.0,1.0,2.0,1.0,-0.33034452819719434,-1.3005273201988061,-0.8379712078271482,-0.4014114235676847,-0.8005992312500344
0.0,1.0,1.0,1.0,-0.33034452819719434,-0.434712758209308,0.8287811600165756,1.2194825678946093,-0.464087229537932
1.0,0.0,1.0,2.0,-2.6695295886082855,-0.0018054772145589292,-1.67134739174901,2.029929563625756,-2.3896836837794075
0.0,2.0,1.0,0.0,-0.16325988102497352,-0.0018054772145589292,-0.42128311586621725,-0.4014114235676847,-0.1462703390320572
1.0,0.0,1.0,1.0,1.6746712378694553,-0.08838693341350874,0.6204371140361101,1.2194825678946093,1.4428141134973165
1.0,1.0,0.0,2.0,0.0038247661472472732,-0.2615498458114084,-0.49073113119303907,-1.2118584192988318,-0.1088801166196015
1.0,1.0,2.0,1.0,-0.8315984697138568,-0.5212942144082578,0.34264505272882284,0.40903557216346226,-0.9127698984874022
0.0,1.0,0.0,1.0,-2.001190999919402,0.34452034758124034,-1.324107315114901,-0.4014114235676847,-1.731615769320185
1.0,2.0,1.0,1.0,-1.1657677640582984,0.8640090847749392,0.41209306805564466,-1.2118584192988318,-0.8005992312500344
1.0,1.0,2.0,1.0,0.5050787076639097,-1.2139458639998564,0.5509890987092884,-1.2118584192988318,-0.1500093612733027
1.0,1.0,2.0,2.0,0.17090941331946807,1.2103349095707385,1.6621573439384376,-0.4014114235676847,0.7024877097306899
2.0,2.0,2.0,1.0,0.3379940604916889,-0.6078756706072076,0.06485299142153556,1.2194825678946093,0.014507617341502474
2.0,0.0,1.0,1.0,-1.1657677640582984,-1.7334346011935553,-0.5601791465198609,-0.4014114235676847,-1.5297085682929237
1.0,1.0,0.0,1.0,0.5050787076639097,1.7298236467644375,-0.14349105455892994,1.2194825678946093,1.3119483350537204
1.0,2.0,0.0,1.0,0.0038247661472472732,0.43110180378019014,0.34264505272882284,1.2194825678946093,0.19024166268004516
0.0,2.0,1.0,1.0,0.6721633548361304,0.7774276285759895,-0.42128311586621725,1.2194825678946093,1.0053485112715823
1.0,1.0,1.0,2.0,0.3379940604916889,0.34452034758124034,-1.1157632691344355,-1.2118584192988318,0.4669293085322185
1.0,2.0,1.0,2.0,0.0038247661472472732,-0.6944571268061575,0.34264505272882284,-0.4014114235676847,-0.29583122868188105
1.0,2.0,1.0,1.0,1.173417296352793,0.6042647161780897,-1.4630033457685447,-1.2118584192988318,1.403554379964237
2.0,2.0,1.0,1.0,-0.4974291753694151,-0.6944571268061575,1.3149172673043283,-0.4014114235676847,-0.6996456307364038
2.0,1.0,1.0,1.0,0.6721633548361304,-1.6468531449946056,0.5509890987092884,-1.2118584192988318,-0.25096296178693367
1.0,0.0,1.0,1.0,1.5075865906972346,1.2103349095707385,1.3843652826311503,0.40903557216346226,2.1083600724390292
1.0,0.0,2.0,1.0,0.0038247661472472732,1.0371719971728388,0.9676771906702193,-0.4014114235676847,0.45197321956723646
1.0,1.0,1.0,1.0,-1.4999370584027398,-1.0407829516019567,0.34264505272882284,0.40903557216346226,-1.5895329241528529
1.0,2.0,1.0,2.0,0.17090941331946807,-1.1273644078009066,0.06485299142153556,-0.4014114235676847,-0.35752509566243285
1.0,2.0,1.0,0.0,-0.8315984697138568,0.6042647161780897,1.106573221323863,-0.4014114235676847,-0.5482152299659575
1.0,1.0,2.0,0.0,-1.3328524112305191,1.6432421905654877,-1.0463152538076137,-1.2118584192988318,-0.7669480310788246
1.0,2.0,1.0,2.0,-0.6645138225416359,-0.6078756706072076,0.41209306805564466,-0.4014114235676847,-0.8043382534912803
1.0,0.0,1.0,1.0,-0.6645138225416359,0.1713574351833407,0.5509890987092884,-1.2118584192988318,-0.5351286521215983
1.0,0.0,0.0,1.0,1.5075865906972346,1.0371719971728388,0.6204371140361101,0.40903557216346226,1.9999284274429079
0.0,2.0,2.0,1.0,0.8392480020083513,0.6042647161780897,0.6204371140361101,0.40903557216346226,1.0782594449758713
1.0,0.0,2.0,1.0,-1.8341063527471815,-1.6468531449946056,-1.5324513610953665,-1.2118584192988318,-1.9615656371567884
1.0,0.0,1.0,1.0,-0.33034452819719434,-0.17496838961245856,1.453813297957972,2.029929563625756,-0.36313362902430113
1.0,1.0,1.0,2.0,-0.4974291753694151,1.2103349095707385,-0.004595023905286278,-0.4014114235676847,-0.0004484716234798755
1.0,0.0,2.0,2.0,0.17090941331946807,-1.3005273201988061,0.5509890987092884,1.2194825678946093,-0.4360445627285901
0.0,1.0,1.0,1.0,0.3379940604916889,0.34452034758124034,1.1760212366506848,-1.2118584192988318,0.4669293085322185
0.0,2.0,2.0,1.0,0.3379940604916889,0.9505905409738891,-0.14349105455892994,1.2194825678946093,0.7548340211081283
1.0,2.0,0.0,1.0,0.5050787076639097,0.9505905409738891,-1.2546592997880792,0.40903557216346226,0.9249595330848024
1.0,0.0,1.0,1.0,-0.16325988102497352,1.6432421905654877,0.273197037402001,0.40903557216346226,0.5286231755127703
0.0,1.0,0.0,1.0,-0.33034452819719434,-1.6468531449946056,-0.5601791465198609,0.40903557216346226,-0.9352040319348756
0.0,1.0,2.0,1.0,0.5050787076639097,0.51768325997914,1.453813297957972,1.2194825678946093,0.7099657542131815
2.0,0.0,1.0,1.0,0.0038247661472472732,0.7774276285759895,1.106573221323863,-1.2118584192988318,0.33980255232986867
2.0,0.0,1.0,1.0,-0.4974291753694151,0.7774276285759895,-0.9074192231539701,0.40903557216346226,-0.1593569168764168
1.0,0.0,1.0,0.0,-1.4999370584027398,-0.3481313020103582,1.1760212366506848,2.029929563625756,-1.4250159455380473
1.0,1.0,1.0,1.0,0.6721633548361304,0.8640090847749392,-0.6990751771735045,2.029929563625756,1.0502167781665297
2.0,0.0,0.0,1.0,0.3379940604916889,-0.6944571268061575,1.453813297957972,-0.4014114235676847,-0.026621627312198737
1.0,0.0,0.0,1.0,-0.9986831168860775,-0.434712758209308,0.8982291753433975,0.40903557216346226,-1.0249405657247697
2.0,0.0,2.0,2.0,0.0038247661472472732,1.2103349095707385,-0.6296271618466828,-0.4014114235676847,0.5267536643921472
2.0,1.0,2.0,1.0,0.8392480020083513,1.6432421905654877,-1.1852112844612572,-1.2118584192988318,1.639112781162709
1.0,0.0,1.0,1.0,1.3405019435250136,1.0371719971728388,-0.42128311586621725,2.029929563625756,1.8279334043456112
1.0,0.0,2.0,0.0,0.3379940604916889,-0.5212942144082578,-0.49073113119303907,-1.2118584192988318,0.05563686199520435
0.0,1.0,0.0,1.0,0.0038247661472472732,0.8640090847749392,-0.6990751771735045,1.2194825678946093,0.3771927747423244
1.0,1.0,1.0,1.0,2.8442637680750007,1.3834978219686382,0.13430100674835738,0.40903557216346226,3.6525762580734558
0.0,0.0,1.0,1.0,-1.3328524112305191,1.5566607343665377,-1.1157632691344355,-0.4014114235676847,-0.789382164526298
0.0,1.0,1.0,2.0,-0.33034452819719434,1.0371719971728388,-0.49073113119303907,0.40903557216346226,0.10798317337264274
0.0,1.0,1.0,1.0,-0.33034452819719434,-0.434712758209308,0.7593331446897538,-0.4014114235676847,-0.464087229537932
0.0,2.0,2.0,2.0,0.17090941331946807,1.470079278167588,-0.9768672384807918,-1.2118584192988318,0.8202669103299263
1.0,2.0,0.0,1.0,1.006332649180572,1.1237534533717888,1.3149172673043283,3.65082355508805,1.5325506472872097
0.0,2.0,0.0,0.0,0.3379940604916889,-1.4736902325967058,-0.8379712078271482,-0.4014114235676847,-0.39678482919551167
0.0,2.0,1.0,1.0,1.6746712378694553,-0.6078756706072076,-0.35183510053939543,-1.2118584192988318,1.106302111785213
1.0,1.0,2.0,2.0,0.8392480020083513,-1.2139458639998564,1.106573221323863,0.40903557216346226,0.09676610664890556
0.0,1.0,2.0,1.0,1.006332649180572,-1.0407829516019567,1.5927093286116158,0.40903557216346226,0.317368418882395
1.0,1.0,1.0,1.0,-0.16325988102497352,-0.17496838961245856,-1.1852112844612572,-0.4014114235676847,-0.21731176161572344
1.0,2.0,2.0,1.0,-0.4974291753694151,-0.6078756706072076,1.1760212366506848,0.40903557216346226,-0.6678639416858163
2.0,1.0,0.0,2.0,0.5050787076639097,-0.0018054772145589292,-0.6296271618466828,-0.4014114235676847,0.45197321956723646
1.0,1.0,1.0,1.0,1.5075865906972346,1.1237534533717888,1.2454692519775066,0.40903557216346226,2.0541442499409692
0.0,1.0,2.0,1.0,-0.4974291753694151,-0.6944571268061575,-0.0740430392321081,0.40903557216346226,-0.6996456307364038
1.0,2.0,0.0,2.0,-0.4974291753694151,-0.0018054772145589292,-1.1157632691344355,-1.2118584192988318,-0.4453921183317039
0.0,1.0,1.0,1.0,0.17090941331946807,-0.7810385830051073,-1.1852112844612572,1.2194825678946093,-0.20048616153011833
0.0,2.0,1.0,1.0,0.3379940604916889,0.43110180378019014,-0.6296271618466828,-1.2118584192988318,0.5080585531859196
1.0,2.0,0.0,2.0,-0.4974291753694151,0.9505905409738891,0.6204371140361101,4.461270550819197,-0.0957935387752419
0.0,1.0,2.0,1.0,0.17090941331946807,-0.5212942144082578,0.5509890987092884,-0.4014114235676847,-0.08270696093088263
1.0,1.0,0.0,2.0,0.3379940604916889,1.2969163657696883,1.3843652826311503,0.40903557216346226,0.9193509997229338
0.0,2.0,1.0,2.0,0.6721633548361304,-1.0407829516019567,-1.324107315114901,1.2194825678946093,0.06311490647769535
2.0,1.0,0.0,1.0,-0.16325988102497352,-0.434712758209308,-0.7685231925003264,0.40903557216346226,-0.32387389549122264
1.0,1.0,2.0,2.0,1.173417296352793,1.6432421905654877,-0.8379712078271482,-1.2118584192988318,2.009275983046022
1.0,1.0,1.0,2.0,-0.16325988102497352,-0.9542014954030069,1.453813297957972,-1.2118584192988318,-0.536998163242221
0.0,1.0,1.0,2.0,0.0038247661472472732,-0.2615498458114084,1.5927093286116158,0.40903557216346226,-0.1088801166196015
0.0,1.0,1.0,1.0,-0.4974291753694151,0.8640090847749392,-1.324107315114901,-1.2118584192988318,-0.12757522782582936
2.0,2.0,1.0,2.0,3.011348415247222,0.51768325997914,0.8982291753433975,-0.4014114235676847,3.1216350998165834
1.0,2.0,2.0,1.0,2.5100944737305593,-0.6944571268061575,-0.004595023905286278,-0.4014114235676847,1.7232407815907345
2.0,2.0,1.0,1.0,0.17090941331946807,1.5566607343665377,-0.49073113119303907,-1.2118584192988318,0.8595266438630044
2.0,1.0,1.0,1.0,0.17090941331946807,-0.08838693341350874,1.3843652826311503,-1.2118584192988318,0.11359170673451066
1.0,0.0,2.0,1.0,-1.1657677640582984,1.6432421905654877,1.3843652826311503,-1.2118584192988318,-0.5818664301371681
2.0,0.0,2.0,1.0,0.3379940604916889,0.43110180378019014,-0.14349105455892994,-0.4014114235676847,0.5080585531859196
0.0,0.0,2.0,2.0,1.5075865906972346,-1.0407829516019567,-0.0740430392321081,1.2194825678946093,0.6987486874894451
1.0,0.0,1.0,1.0,0.3379940604916889,0.51768325997914,-0.5601791465198609,-1.2118584192988318,0.5491877978396209
1.0,1.0,1.0,1.0,0.5050787076639097,-0.8676200392040571,-0.004595023905286278,-1.2118584192988318,0.02198566182399348
1.0,0.0,1.0,1.0,1.006332649180572,-1.2139458639998564,1.5927093286116158,0.40903557216346226,0.22015384061000987
1.0,1.0,2.0,1.0,0.0038247661472472732,0.08477597898439089,-0.49073113119303907,-1.2118584192988318,0.040680773030222335
1.0,2.0,2.0,1.0,-1.6670217055749608,-0.8676200392040571,1.6621573439384376,-0.4014114235676847,-1.679269457942747
1.0,0.0,1.0,0.0,-0.4974291753694151,1.2103349095707385,0.689885129362932,-0.4014114235676847,-0.0004484716234798755
1.0,1.0,2.0,1.0,-0.16325988102497352,-1.7334346011935553,-1.67134739174901,-1.2118584192988318,-0.8566845648687184
0.0,1.0,2.0,2.0,0.17090941331946807,-0.5212942144082578,-0.6296271618466828,-0.4014114235676847,-0.08270696093088263
0.0,2.0,2.0,1.0,1.006332649180572,-0.6078756706072076,-0.004595023905286278,1.2194825678946093,0.560404864563358
0.0,1.0,1.0,1.0,0.3379940604916889,-0.7810385830051073,-0.6990751771735045,-0.4014114235676847,-0.06775087196590028
1.0,2.0,2.0,1.0,-0.8315984697138568,-0.6944571268061575,-1.740795407075832,0.40903557216346226,-0.9688552321060862
1.0,2.0,2.0,1.0,1.6746712378694553,-0.08838693341350874,0.13430100674835738,-0.4014114235676847,1.4428141134973165
1.0,0.0,1.0,1.0,-1.3328524112305191,1.6432421905654877,1.3149172673043283,0.40903557216346226,-0.7669480310788246
1.0,2.0,1.0,1.0,-2.001190999919402,-0.7810385830051073,0.13430100674835738,-1.2118584192988318,-1.9260449258649555
1.0,1.0,0.0,2.0,-0.33034452819719434,0.34452034758124034,-1.740795407075832,2.029929563625756,-0.16122642799703987
1.0,0.0,2.0,2.0,0.8392480020083513,-0.17496838961245856,-1.740795407075832,-0.4014114235676847,0.6576194428357431
1.0,0.0,0.0,0.0,0.17090941331946807,0.7774276285759895,-0.6990751771735045,0.40903557216346226,0.5061890420652972
1.0,0.0,0.0,2.0,0.3379940604916889,1.3834978219686382,-1.1157632691344355,-1.2118584192988318,0.960480244376635
0.0,1.0,1.0,1.0,0.6721633548361304,-0.0018054772145589292,0.689885129362932,1.2194825678946093,0.60153410921706
0.0,2.0,1.0,1.0,1.006332649180572,-1.6468531449946056,-0.35183510053939543,-0.4014114235676847,-0.022882605070953233
1.0,0.0,2.0,2.0,1.006332649180572,-1.387108776397756,-1.5324513610953665,0.40903557216346226,0.12293926233762476
2.0,1.0,1.0,1.0,1.006332649180572,0.6042647161780897,0.48154108338246654,-0.4014114235676847,1.2409069124700545
1.0,1.0,1.0,2.0,0.17090941331946807,-0.17496838961245856,-0.21293906988575176,-0.4014114235676847,0.07433197320143187
1.0,2.0,1.0,2.0,-0.33034452819719434,0.51768325997914,-1.0463152538076137,0.40903557216346226,-0.09392402765461914
1.0,1.0,1.0,1.0,0.5050787076639097,-0.6944571268061575,0.2037490220751792,-0.4014114235676847,0.10798317337264207
1.0,1.0,0.0,0.0,1.6746712378694553,-0.2615498458114084,0.5509890987092884,-0.4014114235676847,1.3306434462599486
1.0,1.0,1.0,1.0,-1.8341063527471815,0.8640090847749392,-0.6990751771735045,-1.2118584192988318,-1.4736232346742397
2.0,1.0,1.0,1.0,0.0038247661472472732,0.51768325997914,0.34264505272882284,0.40903557216346226,0.22763188509250087
1.0,1.0,2.0,0.0,-0.4974291753694151,1.0371719971728388,0.9676771906702193,-1.2118584192988318,-0.06401184972465444
1.0,2.0,2.0,2.0,0.3379940604916889,0.25793889138229054,1.453813297957972,0.40903557216346226,0.4258000638785166
1.0,0.0,0.0,2.0,0.3379940604916889,-0.434712758209308,-0.9074192231539701,-1.2118584192988318,0.09676610664890556
1.0,1.0,2.0,2.0,-0.33034452819719434,-0.8676200392040571,1.2454692519775066,-1.2118584192988318,-0.6323432303939834
0.0,1.0,2.0,1.0,0.0038247661472472732,-1.2139458639998564,-1.1157632691344355,2.029929563625756,-0.5201725631566156
1.0,1.0,1.0,0.0,0.8392480020083513,-0.9542014954030069,-0.7685231925003264,-0.4014114235676847,0.23697944069561497
1.0,1.0,1.0,1.0,-0.16325988102497352,1.3834978219686382,-0.7685231925003264,-0.4014114235676847,0.4220610416372711
2.0,2.0,2.0,1.0,-0.16325988102497352,-0.7810385830051073,1.453813297957972,0.40903557216346226,-0.46595674065855514
1.0,0.0,2.0,1.0,-0.6645138225416359,0.1713574351833407,-0.004595023905286278,-1.2118584192988318,-0.5351286521215983
2.0,0.0,2.0,1.0,0.0038247661472472732,-0.7810385830051073,-1.324107315114901,2.840376559356903,-0.33322145109433676
1.0,0.0,2.0,0.0,-1.1657677640582984,-1.5602716887956556,1.6621573439384376,2.029929563625756,-1.4811012791567308
2.0,2.0,1.0,2.0,-0.16325988102497352,0.8640090847749392,0.689885129362932,-1.2118584192988318,0.20893677388627335
1.0,2.0,1.0,2.0,-1.3328524112305191,0.25793889138229054,0.689885129362932,0.40903557216346226,-1.1258941662384006
0.0,1.0,1.0,1.0,-2.335360294263844,-0.0018054772145589292,1.1760212366506848,2.840376559356903,-2.090561904479761
1.0,1.0,1.0,1.0,-1.3328524112305191,-1.5602716887956556,-0.6296271618466828,-0.4014114235676847,-1.5970109686353442
1.0,2.0,2.0,1.0,-0.9986831168860775,-0.17496838961245856,1.037125205997041,-0.4014114235676847,-0.9464210986586125
0.0,1.0,2.0,2.0,0.5050787076639097,1.2103349095707385,1.3149172673043283,0.40903557216346226,1.0539558004077747
1.0,2.0,1.0,2.0,1.5075865906972346,0.34452034758124034,1.037125205997041,-1.2118584192988318,1.56620184745842
1.0,1.0,1.0,1.0,-2.5024449414360648,0.25793889138229054,-0.9768672384807918,0.40903557216346226,-2.2120801273202426
1.0,2.0,1.0,1.0,-0.4974291753694151,-0.3481313020103582,1.3149172673043283,1.2194825678946093,-0.572518874534054
2.0,2.0,1.0,0.0,-2.168275647091623,1.0371719971728388,-0.7685231925003264,-0.4014114235676847,-1.7839620806976233
1.0,2.0,2.0,1.0,0.6721633548361304,-0.3481313020103582,0.689885129362932,0.40903557216346226,0.42206104163727176
0.0,1.0,0.0,1.0,-0.6645138225416359,0.43110180378019014,0.273197037402001,-0.4014114235676847,-0.4453921183317042
2.0,2.0,1.0,1.0,0.17090941331946807,-0.8676200392040571,1.2454692519775066,-0.4014114235676847,-0.23974589506319713
1.0,1.0,0.0,1.0,0.5050787076639097,0.08477597898439089,-0.0740430392321081,-1.2118584192988318,0.49497197534156073
0.0,2.0,1.0,1.0,0.8392480020083513,0.6908461723770396,-1.6018993764221883,-0.4014114235676847,1.1249972229914411
0.0,2.0,2.0,2.0,-0.9986831168860775,-0.5212942144082578,1.453813297957972,0.40903557216346226,-1.051113721413489
1.0,1.0,1.0,1.0,0.17090941331946807,0.7774276285759895,-1.2546592997880792,-0.4014114235676847,0.5061890420652972
0.0,1.0,1.0,1.0,-0.16325988102497352,1.0371719971728388,0.8982291753433975,-0.4014114235676847,0.27997819646993927
0.0,1.0,2.0,2.0,1.173417296352793,1.3834978219686382,0.8287811600165756,-1.2118584192988318,1.8578455822755753
1.0,1.0,1.0,0.0,0.6721633548361304,-1.7334346011935553,1.6621573439384376,0.40903557216346226,-0.29583122868188105
2.0,1.0,1.0,1.0,-0.4974291753694151,-0.0018054772145589292,-1.6018993764221883,0.40903557216346226,-0.4453921183317039
1.0,1.0,2.0,1.0,-0.8315984697138568,0.51768325997914,1.5232613132847939,2.029929563625756,-0.5762578967752995
2.0,1.0,2.0,1.0,0.3379940604916889,-1.1273644078009066,-0.5601791465198609,-0.4014114235676847,-0.2322678505807058
0.0,1.0,2.0,2.0,0.5050787076639097,-1.387108776397756,-0.49073113119303907,1.2194825678946093,-0.2360068728219513
0.0,1.0,1.0,2.0,0.0038247661472472732,1.2969163657696883,-1.1852112844612572,-0.4014114235676847,0.5641438868046036
0.0,2.0,2.0,2.0,0.3379940604916889,-0.17496838961245856,1.1760212366506848,-0.4014114235676847,0.22015384061000987
1.0,0.0,1.0,2.0,1.3405019435250136,0.51768325997914,0.689885129362932,3.65082355508805,1.5138555360809816
1.0,1.0,1.0,1.0,-1.4999370584027398,1.6432421905654877,-1.0463152538076137,-0.4014114235676847,-0.9520296320204806
1.0,2.0,1.0,1.0,-0.4974291753694151,-0.3481313020103582,-1.1852112844612572,2.029929563625756,-0.572518874534054
2.0,1.0,0.0,2.0,0.6721633548361304,-0.434712758209308,1.3843652826311503,-1.2118584192988318,0.3771927747423244
1.0,0.0,1.0,1.0,1.5075865906972346,1.2969163657696883,1.5232613132847939,-1.2118584192988318,2.16257589493709
2.0,0.0,0.0,1.0,0.17090941331946807,0.1713574351833407,-1.4630033457685447,1.2194825678946093,0.23137090733374638
0.0,1.0,0.0,1.0,0.8392480020083513,0.6908461723770396,-0.9074192231539701,0.40903557216346226,1.1249972229914411
1.0,2.0,2.0,1.0,-0.8315984697138568,0.25793889138229054,1.7316053592652594,-1.2118584192988318,-0.6603858972033253
0.0,0.0,1.0,1.0,-0.6645138225416359,-1.387108776397756,-1.1852112844612572,-0.4014114235676847,-1.0735478548609623
0.0,1.0,1.0,1.0,1.841755885041676,0.08477597898439089,-0.35183510053939543,-0.4014114235676847,1.70641518150513
1.0,1.0,2.0,1.0,-0.6645138225416359,0.1713574351833407,0.41209306805564466,-0.4014114235676847,-0.5351286521215983
1.0,2.0,1.0,2.0,0.0038247661472472732,0.25793889138229054,0.9676771906702193,1.2194825678946093,0.11546121785513308
2.0,1.0,1.0,0.0,0.6721633548361304,-1.5602716887956556,-0.21293906988575176,0.40903557216346226,-0.20609469489198692
0.0,1.0,0.0,1.0,0.17090941331946807,1.2969163657696883,0.8287811600165756,0.40903557216346226,0.7417474432637687
2.0,1.0,1.0,1.0,-1.4999370584027398,1.2969163657696883,-0.7685231925003264,2.029929563625756,-1.0342881213278838
1.0,2.0,2.0,1.0,0.0038247661472472732,-0.9542014954030069,-0.14349105455892994,0.40903557216346226,-0.4080018959192485
1.0,0.0,1.0,2.0,1.5075865906972346,-1.387108776397756,0.13430100674835738,-1.2118584192988318,0.4818853974972005
0.0,0.0,0.0,1.0,-0.6645138225416359,0.51768325997914,0.48154108338246654,-1.2118584192988318,-0.4154799404017395
1.0,0.0,1.0,1.0,-0.33034452819719434,1.1237534533717888,-1.3935553304417228,1.2194825678946093,0.14163437354385294
1.0,2.0,1.0,2.0,-0.6645138225416359,-1.1273644078009066,0.34264505272882284,-0.4014114235676847,-0.9838113210710682
0.0,1.0,1.0,2.0,0.17090941331946807,-1.5602716887956556,1.3149172673043283,-0.4014114235676847,-0.5538237633278261
0.0,2.0,1.0,1.0,2.0088405322138967,-0.6944571268061575,1.2454692519775066,-0.4014114235676847,1.3194263795362113
1.0,0.0,1.0,1.0,-2.168275647091623,1.0371719971728388,-1.67134739174901,-1.2118584192988318,-1.7839620806976233
2.0,1.0,0.0,0.0,0.3379940604916889,1.0371719971728388,-0.0740430392321081,0.40903557216346226,0.7959632657618302
0.0,1.0,1.0,1.0,-0.16325988102497352,0.43110180378019014,-0.35183510053939543,2.029929563625756,0.031333217427107575
0.0,0.0,0.0,2.0,1.006332649180572,0.51768325997914,-0.6990751771735045,-1.2118584192988318,1.1922996233338616
1.0,1.0,2.0,1.0,0.0038247661472472732,-1.0407829516019567,1.3843652826311503,-1.2118584192988318,-0.4453921183317039
1.0,2.0,2.0,1.0,-1.6670217055749608,0.7774276285759895,0.8982291753433975,0.40903557216346226,-1.3240623450244162
0.0,2.0,2.0,1.0,1.006332649180572,1.7298236467644375,-0.0740430392321081,-0.4014114235676847,1.872801671240558
0.0,2.0,1.0,0.0,1.006332649180572,0.08477597898439089,1.5927093286116158,-0.4014114235676847,0.9492631776528991
1.0,1.0,1.0,2.0,0.5050787076639097,-1.1273644078009066,0.9676771906702193,0.40903557216346226,-0.10701060549897874
2.0,1.0,1.0,0.0,-0.33034452819719434,-0.17496838961245856,1.106573221323863,0.40903557216346226,-0.36313362902430113
0.0,1.0,1.0,1.0,-0.9986831168860775,-1.1273644078009066,-0.49073113119303907,-0.4014114235676847,-1.2343258112345221
1.0,1.0,1.0,1.0,-0.4974291753694151,0.6042647161780897,-0.9768672384807918,2.029929563625756,-0.22292029497759203
1.0,1.0,1.0,1.0,-0.9986831168860775,-0.0018054772145589292,0.8982291753433975,-0.4014114235676847,-0.8940747872811741
2.0,2.0,2.0,1.0,-1.3328524112305191,-1.5602716887956556,-0.8379712078271482,-1.2118584192988318,-1.5970109686353442
1.0,2.0,1.0,1.0,-0.8315984697138568,-0.08838693341350874,0.8982291753433975,1.2194825678946093,-0.7725565644406924
1.0,2.0,2.0,1.0,-1.1657677640582984,-1.387108776397756,-0.9074192231539701,-0.4014114235676847,-1.4324939900205382
0.0,0.0,1.0,1.0,-0.8315984697138568,0.7774276285759895,0.48154108338246654,-0.4014114235676847,-0.492129896347274
1.0,2.0,1.0,2.0,-3.003698882952727,1.5566607343665377,-0.7685231925003264,-0.4014114235676847,-2.6215030627366342
0.0,2.0,0.0,1.0,0.6721633548361304,1.470079278167588,-0.004595023905286278,-0.4014114235676847,1.3642946464311587
0.0,2.0,1.0,1.0,-0.16325988102497352,0.7774276285759895,-0.6990751771735045,0.40903557216346226,0.17341606259444006
1.0,1.0,0.0,2.0,-0.16325988102497352,-1.3005273201988061,1.453813297957972,0.40903557216346226,-0.6790810084095532
1.0,1.0,0.0,1.0,0.17090941331946807,0.43110180378019014,-1.6018993764221883,1.2194825678946093,0.34915010793298207
2.0,1.0,0.0,2.0,0.5050787076639097,-1.5602716887956556,-0.35183510053939543,1.2194825678946093,-0.3220043843705999
1.0,2.0,1.0,1.0,-0.9986831168860775,-0.2615498458114084,1.453813297957972,1.2194825678946093,-0.9725942543473313
0.0,0.0,1.0,1.0,-0.6645138225416359,0.25793889138229054,-0.8379712078271482,0.40903557216346226,-0.5052164741916336
1.0,2.0,1.0,1.0,-0.6645138225416359,-1.6468531449946056,0.48154108338246654,0.40903557216346226,-1.1632843886508564
2.0,1.0,1.0,1.0,0.3379940604916889,-1.3005273201988061,0.41209306805564466,2.840376559356903,-0.3145263398881086
2.0,2.0,0.0,1.0,0.5050787076639097,1.2969163657696883,1.1760212366506848,-0.4014114235676847,1.0969545561820988
2.0,1.0,0.0,2.0,-0.33034452819719434,0.43110180378019014,-1.3935553304417228,1.2194825678946093,-0.12757522782582967
0.0,0.0,1.0,1.0,-0.8315984697138568,1.470079278167588,-1.0463152538076137,2.029929563625756,-0.2677885618725391
0.0,2.0,0.0,1.0,1.173417296352793,0.6042647161780897,1.106573221323863,2.029929563625756,1.403554379964237
0.0,0.0,2.0,1.0,0.8392480020083513,1.3834978219686382,-0.42128311586621725,1.2194825678946093,1.4988994471159995
1.0,0.0,2.0,1.0,-0.8315984697138568,-1.2139458639998564,0.34264505272882284,-0.4014114235676847,-1.1371112329621371
1.0,2.0,1.0,2.0,1.841755885041676,-0.6078756706072076,-1.2546592997880792,0.40903557216346226,1.2427764235906769
1.0,0.0,1.0,1.0,0.0038247661472472732,1.2103349095707385,1.6621573439384376,-1.2118584192988318,0.5267536643921472
1.0,1.0,1.0,1.0,0.8392480020083513,1.0371719971728388,0.13430100674835738,-1.2118584192988318,1.3119483350537204
2.0,1.0,1.0,1.0,-0.6645138225416359,0.08477597898439089,-1.2546592997880792,-0.4014114235676847,-0.5650408300515627
1.0,0.0,1.0,2.0,0.6721633548361304,0.9505905409738891,-0.14349105455892994,0.40903557216346226,1.0950850450614764
0.0,2.0,0.0,0.0,1.6746712378694553,0.34452034758124034,-0.6296271618466828,-1.2118584192988318,1.7232407815907345
1.0,2.0,1.0,1.0,-1.4999370584027398,0.43110180378019014,1.453813297957972,-0.4014114235676847,-1.2399343445963908
0.0,2.0,1.0,1.0,0.6721633548361304,-0.17496838961245856,1.3843652826311503,-0.4014114235676847,0.5117975754271652
1.0,1.0,1.0,1.0,-0.33034452819719434,1.2969163657696883,0.41209306805564466,-1.2118584192988318,0.2089367738862727
2.0,0.0,2.0,0.0,-2.168275647091623,-0.5212942144082578,1.5927093286116158,1.2194825678946093,-2.019520481896095
2.0,1.0,1.0,1.0,0.17090941331946807,1.5566607343665377,-1.1157632691344355,1.2194825678946093,0.8595266438630044
2.0,1.0,1.0,2.0,0.3379940604916889,1.6432421905654877,-1.2546592997880792,0.40903557216346226,1.08386797833774
1.0,1.0,2.0,1.0,0.8392480020083513,0.9505905409738891,1.1760212366506848,1.2194825678946093,1.2652105570381507
1.0,0.0,1.0,2.0,0.0038247661472472732,-0.3481313020103582,1.3843652826311503,2.029929563625756,-0.14627033903205752
2.0,1.0,0.0,1.0,-0.4974291753694151,-0.17496838961245856,-1.67134739174901,-0.4014114235676847,-0.5089554964328791
1.0,0.0,1.0,1.0,1.3405019435250136,-0.6078756706072076,-1.4630033457685447,2.029929563625756,0.8333534881742852
1.0,1.0,2.0,1.0,-0.8315984697138568,-0.17496838961245856,-0.8379712078271482,0.40903557216346226,-0.8005992312500344
0.0,0.0,1.0,1.0,-2.168275647091623,0.8640090847749392,1.2454692519775066,2.029929563625756,-1.8101352363863425
0.0,0.0,2.0,1.0,0.6721633548361304,-1.5602716887956556,-0.35183510053939543,0.40903557216346226,-0.20609469489198692
0.0,2.0,0.0,2.0,0.5050787076639097,1.7298236467644375,-0.42128311586621725,-1.2118584192988318,1.3119483350537204
0.0,0.0,1.0,1.0,0.0038247661472472732,1.5566607343665377,0.34264505272882284,2.029929563625756,0.6763145540419714
0.0,0.0,1.0,2.0,-0.8315984697138568,-1.0407829516019567,1.3149172673043283,-1.2118584192988318,-1.0810258993434532
1.0,2.0,1.0,1.0,0.0038247661472472732,0.7774276285759895,-0.2823870852125736,-0.4014114235676847,0.33980255232986867
2.0,0.0,1.0,2.0,1.3405019435250136,-1.3005273201988061,0.13430100674835738,-0.4014114235676847,0.4145829971547801
0.0,2.0,0.0,2.0,0.17090941331946807,1.3834978219686382,0.7593331446897538,-0.4014114235676847,0.7810071767968475
1.0,2.0,1.0,0.0,-0.8315984697138568,1.3834978219686382,-0.0740430392321081,0.40903557216346226,-0.29583122868188105
0.0,2.0,1.0,1.0,0.8392480020083513,1.2103349095707385,0.7593331446897538,0.40903557216346226,1.40542389108486
1.0,2.0,0.0,1.0,-0.8315984697138568,0.51768325997914,0.273197037402001,1.2194825678946093,-0.5762578967752995
1.0,2.0,0.0,1.0,-0.16325988102497352,1.2103349095707385,-0.004595023905286278,0.40903557216346226,0.3510196190536052
1.0,1.0,1.0,1.0,-0.16325988102497352,-0.7810385830051073,1.106573221323863,1.2194825678946093,-0.46595674065855514
1.0,1.0,1.0,1.0,1.006332649180572,1.2969163657696883,-1.67134739174901,-0.4014114235676847,1.629765225559595
2.0,2.0,1.0,1.0,-0.4974291753694151,1.2969163657696883,-0.35183510053939543,-0.4014114235676847,0.031333217427107575
1.0,1.0,1.0,2.0,-2.335360294263844,0.8640090847749392,-0.6296271618466828,0.40903557216346226,-1.9783912372423935
1.0,1.0,1.0,2.0,-0.9986831168860775,0.34452034758124034,-0.35183510053939543,-0.4014114235676847,-0.789382164526298
1.0,1.0,0.0,0.0,0.6721633548361304,1.5566607343665377,-1.5324513610953665,1.2194825678946093,1.4091629133261054
0.0,2.0,1.0,2.0,-0.33034452819719434,-0.08838693341350874,1.3843652826311503,-0.4014114235676847,-0.3294824288530909
1.0,0.0,2.0,2.0,-0.4974291753694151,0.7774276285759895,-0.9074192231539701,-0.4014114235676847,-0.1593569168764168
0.0,2.0,1.0,0.0,1.3405019435250136,0.9505905409738891,0.2037490220751792,-0.4014114235676847,1.775587092968173
1.0,2.0,1.0,1.0,0.5050787076639097,1.2969163657696883,-1.2546592997880792,-0.4014114235676847,1.0969545561820988
0.0,2.0,2.0,2.0,1.006332649180572,-0.17496838961245856,-0.5601791465198609,-0.4014114235676847,0.8034413102443212
0.0,2.0,1.0,1.0,0.6721633548361304,1.0371719971728388,1.3149172673043283,-0.4014114235676847,1.1399533119564238
0.0,1.0,1.0,1.0,-1.3328524112305191,0.6042647161780897,-1.5324513610953665,0.40903557216346226,-1.0361576324485064
1.0,2.0,1.0,1.0,-0.16325988102497352,-0.2615498458114084,0.8982291753433975,1.2194825678946093,-0.2528324729075564
1.0,2.0,1.0,0.0,0.3379940604916889,0.34452034758124034,0.41209306805564466,-0.4014114235676847,0.4669293085322185
1.0,0.0,1.0,1.0,0.5050787076639097,0.08477597898439089,-1.4630033457685447,-0.4014114235676847,0.49497197534156073
2.0,1.0,2.0,2.0,0.6721633548361304,-0.434712758209308,-0.004595023905286278,-1.2118584192988318,0.3771927747423244
0.0,2.0,2.0,1.0,-0.4974291753694151,-0.6944571268061575,-0.9768672384807918,-0.4014114235676847,-0.6996456307364038
2.0,1.0,0.0,0.0,-1.1657677640582984,-1.387108776397756,-1.740795407075832,-1.2118584192988318,-1.4324939900205382
2.0,1.0,2.0,1.0,1.3405019435250136,-0.0018054772145589292,1.453813297957972,0.40903557216346226,1.1997776678163532
2.0,1.0,1.0,2.0,-1.3328524112305191,0.6908461723770396,0.7593331446897538,1.2194825678946093,-1.0137234990010329
0.0,1.0,2.0,1.0,-0.33034452819719434,1.6432421905654877,-1.4630033457685447,-1.2118584192988318,0.34354157457111417
0.0,2.0,0.0,1.0,0.17090941331946807,1.6432421905654877,1.3843652826311503,0.40903557216346226,0.8987863773960831
0.0,0.0,0.0,2.0,-0.4974291753694151,-0.08838693341350874,0.8982291753433975,1.2194825678946093,-0.47717380738229165
2.0,1.0,2.0,0.0,-0.8315984697138568,1.3834978219686382,0.6204371140361101,1.2194825678946093,-0.29583122868188105
1.0,1.0,2.0,0.0,1.006332649180572,-0.3481313020103582,-1.6018993764221883,2.029929563625756,0.7062267319719361
2.0,2.0,0.0,0.0,-0.4974291753694151,0.08477597898439089,-0.49073113119303907,-0.4014114235676847,-0.4136104292811164
0.0,2.0,2.0,2.0,-1.1657677640582984,0.7774276285759895,-1.1157632691344355,-1.2118584192988318,-0.8249028758181308
1.0,1.0,0.0,1.0,0.0038247661472472732,-0.17496838961245856,-0.9768672384807918,-1.2118584192988318,-0.07148989420714545
1.0,0.0,1.0,0.0,0.3379940604916889,-1.5602716887956556,0.8287811600165756,0.40903557216346226,-0.4379140738492129
1.0,1.0,1.0,1.0,-1.3328524112305191,1.7298236467644375,-0.49073113119303907,0.40903557216346226,-0.7445138976313509
1.0,2.0,1.0,2.0,2.175925179386118,-1.387108776397756,-1.3935553304417228,-0.4014114235676847,0.9604802443766357
1.0,1.0,1.0,1.0,-1.4999370584027398,0.7774276285759895,-0.8379712078271482,-1.2118584192988318,-1.1576758552889876
0.0,1.0,1.0,2.0,0.17090941331946807,-1.0407829516019567,0.273197037402001,-0.4014114235676847,-0.3182653621293541
1.0,1.0,2.0,1.0,0.8392480020083513,-1.6468531449946056,-0.6990751771735045,0.40903557216346226,-0.13692278342894343
2.0,1.0,1.0,2.0,2.0088405322138967,1.1237534533717888,1.2454692519775066,-0.4014114235676847,2.5757378525947283
1.0,1.0,2.0,2.0,-2.6695295886082855,-0.9542014954030069,1.6621573439384376,-1.2118584192988318,-2.4719421730868105
0.0,2.0,1.0,2.0,0.3379940604916889,0.25793889138229054,1.6621573439384376,2.029929563625756,0.4258000638785166
0.0,2.0,1.0,2.0,-0.16325988102497352,-1.387108776397756,-1.2546592997880792,-1.2118584192988318,-0.7146017197013862
0.0,1.0,0.0,1.0,-1.3328524112305191,-0.08838693341350874,0.34264505272882284,-0.4014114235676847,-1.2156307000282944
1.0,2.0,0.0,1.0,-2.001190999919402,0.1713574351833407,-1.1157632691344355,-0.4014114235676847,-1.7615279472501497
2.0,2.0,1.0,1.0,-1.4999370584027398,0.1713574351833407,-0.8379712078271482,-0.4014114235676847,-1.3016282115769429
0.0,2.0,0.0,2.0,-1.3328524112305191,0.7774276285759895,-1.1157632691344355,0.40903557216346226,-0.9912893655535595
1.0,0.0,1.0,2.0,-0.4974291753694151,-0.6944571268061575,-0.6296271618466828,0.40903557216346226,-0.6996456307364038
2.0,1.0,1.0,2.0,1.006332649180572,0.8640090847749392,-0.6990751771735045,1.2194825678946093,1.3867287798786325
1.0,1.0,0.0,1.0,-0.6645138225416359,1.1237534533717888,0.41209306805564466,0.40903557216346226,-0.2060946948919866
0.0,1.0,1.0,2.0,-1.1657677640582984,1.2969163657696883,0.5509890987092884,-0.4014114235676847,-0.6790810084095532
1.0,2.0,2.0,2.0,2.0088405322138967,-1.0407829516019567,0.6204371140361101,-1.2118584192988318,1.0801289560964944
1.0,0.0,2.0,2.0,-0.4974291753694151,-0.9542014954030069,1.3843652826311503,-0.4014114235676847,-0.7949906978881665
0.0,1.0,1.0,1.0,0.3379940604916889,-1.4736902325967058,1.6621573439384376,1.2194825678946093,-0.39678482919551167
1.0,0.0,1.0,1.0,0.8392480020083513,1.1237534533717888,1.2454692519775066,0.40903557216346226,1.3586861130692902
0.0,1.0,0.0,0.0,-0.4974291753694151,0.1713574351833407,0.8982291753433975,0.40903557216346226,-0.3818287402305293
1.0,0.0,1.0,1.0,1.006332649180572,-1.1273644078009066,-1.2546592997880792,-1.2118584192988318,0.26876112974620275
1.0,0.0,2.0,0.0,-0.6645138225416359,-1.1273644078009066,1.5927093286116158,-1.2118584192988318,-0.9838113210710682
1.0,2.0,2.0,2.0,-0.9986831168860775,0.43110180378019014,0.13430100674835738,0.40903557216346226,-0.7632090088375787
0.0,0.0,0.0,2.0,-0.33034452819719434,-0.9542014954030069,0.9676771906702193,0.40903557216346226,-0.6659944305651939
0.0,2.0,1.0,2.0,0.17090941331946807,1.5566607343665377,-0.6296271618466828,1.2194825678946093,0.8595266438630044
1.0,0.0,1.0,2.0,-1.3328524112305191,0.34452034758124034,-1.740795407075832,1.2194825678946093,-1.103460032790927
1.0,0.0,1.0,1.0,0.17090941331946807,-0.7810385830051073,-1.1157632691344355,1.2194825678946093,-0.20048616153011833
0.0,1.0,2.0,1.0,-0.9986831168860775,-1.5602716887956556,0.273197037402001,0.40903557216346226,-1.365191589678118
0.0,2.0,0.0,1.0,-1.3328524112305191,0.1713574351833407,-0.6990751771735045,1.2194825678946093,-1.148328299685874
2.0,2.0,0.0,2.0,-0.9986831168860775,-0.0018054772145589292,1.037125205997041,0.40903557216346226,-0.8940747872811741
0.0,1.0,2.0,2.0,1.3405019435250136,-0.17496838961245856,1.1760212366506848,-0.4014114235676847,1.0950850450614764
1.0,2.0,1.0,1.0,-0.8315984697138568,-0.5212942144082578,0.273197037402001,-1.2118584192988318,-0.9127698984874022
1.0,0.0,0.0,1.0,0.8392480020083513,1.3834978219686382,1.5927093286116158,-0.4014114235676847,1.4988994471159995
2.0,2.0,1.0,2.0,0.0038247661472472732,1.5566607343665377,-0.42128311586621725,0.40903557216346226,0.6763145540419714
1.0,2.0,2.0,0.0,1.6746712378694553,0.51768325997914,0.8287811600165756,-1.2118584192988318,1.8354114488281024
1.0,1.0,0.0,1.0,1.841755885041676,0.6908461723770396,-0.9074192231539701,0.40903557216346226,2.112099094680276
1.0,0.0,1.0,1.0,2.0088405322138967,0.34452034758124034,1.453813297957972,-0.4014114235676847,2.0373186498553637
0.0,2.0,1.0,1.0,-0.16325988102497352,-1.6468531449946056,-1.6018993764221883,-0.4014114235676847,-0.8211638535768854
2.0,2.0,2.0,0.0,0.3379940604916889,0.8640090847749392,-0.004595023905286278,-0.4014114235676847,0.7137047764544271
0.0,1.0,1.0,2.0,1.006332649180572,0.7774276285759895,-1.1157632691344355,-0.4014114235676847,1.3381214907424397
2.0,0.0,2.0,2.0,0.3379940604916889,-0.7810385830051073,-1.324107315114901,-0.4014114235676847,-0.06775087196590028
1.0,0.0,2.0,1.0,0.6721633548361304,0.7774276285759895,-1.0463152538076137,-0.4014114235676847,1.0053485112715823
2.0,2.0,1.0,1.0,-1.4999370584027398,-1.5602716887956556,0.06485299142153556,1.2194825678946093,-1.712920658113957
1.0,1.0,1.0,1.0,1.173417296352793,1.0371719971728388,1.3149172673043283,-0.4014114235676847,1.6559383812483142
0.0,0.0,2.0,1.0,1.173417296352793,0.43110180378019014,-0.8379712078271482,-0.4014114235676847,1.3026007794506063
0.0,2.0,0.0,2.0,0.17090941331946807,-0.2615498458114084,1.7316053592652594,0.40903557216346226,0.035072239668353745
1.0,2.0,0.0,1.0,0.3379940604916889,-0.8676200392040571,0.689885129362932,-1.2118584192988318,-0.10888011661960183
0.0,0.0,1.0,0.0,0.0038247661472472732,-0.8676200392040571,-0.7685231925003264,-1.2118584192988318,-0.37061167350679247
2.0,2.0,0.0,1.0,0.0038247661472472732,-1.0407829516019567,1.6621573439384376,-1.2118584192988318,-0.4453921183317039
1.0,2.0,1.0,2.0,-0.6645138225416359,1.3834978219686382,1.5232613132847939,-1.2118584192988318,-0.11635816110209284
1.0,1.0,1.0,1.0,-0.33034452819719434,-1.2139458639998564,1.037125205997041,-1.2118584192988318,-0.7669480310788243
1.0,1.0,0.0,1.0,1.173417296352793,1.2103349095707385,0.7593331446897538,0.40903557216346226,1.7568919817619446
2.0,0.0,1.0,2.0,-0.4974291753694151,-1.6468531449946056,0.48154108338246654,-1.2118584192988318,-1.049244210292866
1.0,1.0,2.0,1.0,-0.16325988102497352,-1.2139458639998564,0.41209306805564466,-0.4014114235676847,-0.6435602971177199
1.0,2.0,2.0,1.0,-0.33034452819719434,-1.387108776397756,-0.42128311586621725,1.2194825678946093,-0.834250431421245
0.0,2.0,1.0,1.0,0.17090941331946807,1.6432421905654877,-0.6990751771735045,-0.4014114235676847,0.8987863773960831
1.0,1.0,1.0,1.0,2.3430098265583386,1.470079278167588,-1.0463152538076137,0.40903557216346226,3.1777204334352667
1.0,2.0,0.0,2.0,0.6721633548361304,0.51768325997914,-1.4630033457685447,-1.2118584192988318,0.8707437105867416
1.0,0.0,1.0,1.0,1.3405019435250136,-0.6944571268061575,-1.0463152538076137,2.029929563625756,0.7810071767968475
0.0,2.0,1.0,1.0,0.6721633548361304,0.9505905409738891,1.2454692519775066,-1.2118584192988318,1.0950850450614764
0.0,2.0,0.0,1.0,-0.9986831168860775,-0.7810385830051073,-0.9768672384807918,-1.2118584192988318,-1.129633188479646
0.0,0.0,2.0,1.0,0.5050787076639097,-0.434712758209308,-0.14349105455892994,-0.4014114235676847,0.23697944069561497
1.0,1.0,1.0,2.0,-0.9986831168860775,0.25793889138229054,0.34264505272882284,-0.4014114235676847,-0.8155553202150171
1.0,1.0,1.0,1.0,-0.8315984697138568,-1.3005273201988061,-0.42128311586621725,-0.4014114235676847,-1.165153899771479
1.0,1.0,2.0,2.0,0.5050787076639097,-0.434712758209308,1.5927093286116158,1.2194825678946093,0.23697944069561497
1.0,2.0,1.0,1.0,-1.4999370584027398,-1.0407829516019567,0.8287811600165756,-0.4014114235676847,-1.5895329241528529
0.0,1.0,1.0,1.0,0.0038247661472472732,1.2969163657696883,1.6621573439384376,-0.4014114235676847,0.5641438868046036
1.0,1.0,0.0,1.0,0.8392480020083513,-0.3481313020103582,1.453813297957972,1.2194825678946093,0.5641438868046036
0.0,1.0,2.0,0.0,0.8392480020083513,-1.6468531449946056,-0.6990751771735045,1.2194825678946093,-0.13692278342894343
1.0,2.0,2.0,0.0,-1.4999370584027398,1.0371719971728388,0.6204371140361101,0.40903557216346226,-1.0959819883084356
0.0,1.0,1.0,1.0,0.17090941331946807,-0.434712758209308,-0.35183510053939543,1.2194825678946093,-0.04344722739780384
1.0,2.0,1.0,2.0,-0.4974291753694151,1.2103349095707385,0.2037490220751792,-0.4014114235676847,-0.0004484716234798755
1.0,2.0,0.0,2.0,-0.16325988102497352,-1.3005273201988061,-0.42128311586621725,2.029929563625756,-0.6790810084095532
1.0,1.0,1.0,2.0,0.17090941331946807,-1.2139458639998564,-0.0740430392321081,0.40903557216346226,-0.39678482919551133
1.0,0.0,1.0,2.0,-0.6645138225416359,0.6042647161780897,1.453813297957972,-0.4014114235676847,-0.3855677624717748
2.0,1.0,2.0,2.0,-0.4974291753694151,0.9505905409738891,0.689885129362932,1.2194825678946093,-0.0957935387752419
1.0,1.0,1.0,1.0,1.006332649180572,0.6042647161780897,0.41209306805564466,-0.4014114235676847,1.2409069124700545
1.0,0.0,1.0,1.0,-0.16325988102497352,-0.08838693341350874,0.48154108338246654,-0.4014114235676847,-0.18179105032389015
0.0,1.0,1.0,1.0,-1.3328524112305191,0.8640090847749392,1.2454692519775066,1.2194825678946093,-0.9688552321060858
0.0,0.0,2.0,1.0,-2.836614235780506,0.43110180378019014,-0.14349105455892994,0.40903557216346226,-2.5112019066198896
2.0,0.0,2.0,1.0,0.6721633548361304,-0.17496838961245856,-0.9768672384807918,0.40903557216346226,0.5117975754271652
2.0,2.0,1.0,1.0,-0.6645138225416359,1.6432421905654877,-0.14349105455892994,-0.4014114235676847,-0.026621627312198737
0.0,2.0,0.0,1.0,0.17090941331946807,1.0371719971728388,0.06485299142153556,0.40903557216346226,0.623968242664533
2.0,1.0,1.0,1.0,0.8392480020083513,-0.9542014954030069,0.8982291753433975,-1.2118584192988318,0.23697944069561497
1.0,2.0,1.0,0.0,-0.4974291753694151,-0.2615498458114084,1.453813297957972,-0.4014114235676847,-0.5407371854834665
2.0,0.0,1.0,1.0,-0.4974291753694151,0.51768325997914,0.6204371140361101,-1.2118584192988318,-0.2547019840281795
1.0,2.0,1.0,2.0,-2.168275647091623,1.6432421905654877,1.3149172673043283,1.2194825678946093,-1.6923560357871066
1.0,1.0,2.0,2.0,-1.3328524112305191,-0.0018054772145589292,-0.9768672384807918,-1.2118584192988318,-1.1931965665808206
1.0,1.0,0.0,2.0,0.3379940604916889,-1.2139458639998564,-0.0740430392321081,1.2194825678946093,-0.27339709523440703
1.0,2.0,1.0,1.0,1.5075865906972346,-0.5212942144082578,-1.2546592997880792,1.2194825678946093,1.0240436224778107
2.0,1.0,1.0,0.0,1.173417296352793,-0.434712758209308,-1.67134739174901,-0.4014114235676847,0.7978327768824526
1.0,0.0,0.0,1.0,-0.33034452819719434,0.34452034758124034,0.689885129362932,-1.2118584192988318,-0.16122642799703987
1.0,0.0,1.0,0.0,-0.16325988102497352,1.2103349095707385,1.3843652826311503,1.2194825678946093,0.3510196190536052
1.0,1.0,1.0,2.0,-1.1657677640582984,-0.17496838961245856,-0.14349105455892994,-1.2118584192988318,-1.0922429660671902
0.0,1.0,2.0,1.0,1.841755885041676,0.34452034758124034,-0.2823870852125736,2.029929563625756,1.880279715723049
1.0,2.0,2.0,1.0,-0.9986831168860775,0.08477597898439089,0.2037490220751792,-1.2118584192988318,-0.8679016315924551
1.0,1.0,2.0,1.0,1.006332649180572,0.34452034758124034,-0.2823870852125736,-1.2118584192988318,1.0950850450614764
1.0,0.0,0.0,1.0,0.17090941331946807,-0.8676200392040571,-0.8379712078271482,-1.2118584192988318,-0.23974589506319713
2.0,2.0,1.0,1.0,0.8392480020083513,0.08477597898439089,0.689885129362932,1.2194825678946093,0.7978327768824526
0.0,0.0,1.0,0.0,-0.33034452819719434,0.1713574351833407,-0.5601791465198609,-0.4014114235676847,-0.22852882833946028
1.0,1.0,1.0,1.0,-0.16325988102497352,1.2103349095707385,1.5232613132847939,-1.2118584192988318,0.3510196190536052
0.0,0.0,2.0,2.0,-0.9986831168860775,0.7774276285759895,-1.1157632691344355,0.40903557216346226,-0.6585163860827022
2.0,0.0,2.0,1.0,-1.4999370584027398,1.2103349095707385,1.1760212366506848,-1.2118584192988318,-1.0548527436547344
2.0,1.0,1.0,1.0,-0.8315984697138568,0.43110180378019014,-1.1852112844612572,-0.4014114235676847,-0.6043005635846415
0.0,1.0,1.0,1.0,-0.33034452819719434,1.2969163657696883,1.106573221323863,-1.2118584192988318,0.2089367738862727
0.0,2.0,0.0,1.0,-0.16325988102497352,-0.2615498458114084,1.5232613132847939,2.029929563625756,-0.2528324729075564
2.0,2.0,0.0,2.0,-0.9986831168860775,-0.0018054772145589292,1.5927093286116158,0.40903557216346226,-0.8940747872811741
1.0,1.0,1.0,1.0,0.17090941331946807,0.8640090847749392,-0.9768672384807918,-0.4014114235676847,0.545448775598376
0.0,2.0,1.0,2.0,0.3379940604916889,-1.6468531449946056,0.8982291753433975,-0.4014114235676847,-0.4790433185029144
0.0,0.0,1.0,1.0,0.0038247661472472732,-0.17496838961245856,1.1760212366506848,-0.4014114235676847,-0.07148989420714545
1.0,0.0,0.0,0.0,0.0038247661472472732,-1.0407829516019567,0.8982291753433975,2.840376559356903,-0.4453921183317039
0.0,2.0,2.0,1.0,1.6746712378694553,0.6042647161780897,-0.6296271618466828,-0.4014114235676847,1.891496782446786
2.0,2.0,0.0,1.0,1.841755885041676,-0.2615498458114084,-1.5324513610953665,-0.4014114235676847,1.4745958025479036
1.0,1.0,1.0,1.0,-0.4974291753694151,0.6042647161780897,1.453813297957972,-0.4014114235676847,-0.22292029497759203
1.0,1.0,1.0,1.0,-0.9986831168860775,-1.5602716887956556,-0.14349105455892994,-0.4014114235676847,-1.365191589678118
2.0,2.0,2.0,1.0,0.5050787076639097,0.9505905409738891,-0.5601791465198609,0.40903557216346226,0.9249595330848024
1.0,1.0,2.0,2.0,0.6721633548361304,-0.0018054772145589292,1.5232613132847939,-1.2118584192988318,0.60153410921706
1.0,0.0,1.0,1.0,1.006332649180572,1.0371719971728388,1.5927093286116158,0.40903557216346226,1.4839433581510175
1.0,2.0,2.0,1.0,-0.33034452819719434,-0.3481313020103582,0.5509890987092884,-0.4014114235676847,-0.4304360293667219
1.0,1.0,1.0,1.0,0.0038247661472472732,0.1713574351833407,1.3149172673043283,1.2194825678946093,0.07807099544267737
2.0,0.0,0.0,1.0,-1.3328524112305191,-0.6944571268061575,1.6621573439384376,-1.2118584192988318,-1.3726696341606088
0.0,1.0,0.0,2.0,0.8392480020083513,-1.3005273201988061,1.3149172673043283,-0.4014114235676847,0.05002832863333576
0.0,2.0,2.0,1.0,0.3379940604916889,1.6432421905654877,-0.004595023905286278,0.40903557216346226,1.08386797833774
1.0,1.0,1.0,2.0,-0.8315984697138568,0.6042647161780897,0.5509890987092884,-0.4014114235676847,-0.5482152299659575
0.0,2.0,0.0,1.0,-1.1657677640582984,0.6908461723770396,-0.9768672384807918,2.029929563625756,-0.8492065203862273
2.0,2.0,0.0,2.0,-1.4999370584027398,-0.6078756706072076,-0.49073113119303907,1.2194825678946093,-1.4867098125185993
1.0,1.0,2.0,1.0,-0.33034452819719434,-1.2139458639998564,-1.1157632691344355,-1.2118584192988318,-0.7669480310788243
2.0,0.0,1.0,2.0,-0.4974291753694151,1.0371719971728388,-0.6990751771735045,1.2194825678946093,-0.06401184972465444
1.0,2.0,1.0,1.0,0.8392480020083513,-1.2139458639998564,-1.3935553304417228,2.029929563625756,0.09676610664890556
1.0,0.0,1.0,2.0,-1.3328524112305191,-0.8676200392040571,-1.3935553304417228,0.40903557216346226,-1.4175379010555562
1.0,1.0,2.0,1.0,-0.4974291753694151,1.5566607343665377,-0.49073113119303907,-0.4014114235676847,0.12667828457887026
1.0,0.0,2.0,1.0,-0.4974291753694151,0.34452034758124034,0.9676771906702193,0.40903557216346226,-0.3182653621293544
0.0,1.0,0.0,2.0,-1.3328524112305191,1.470079278167588,-0.42128311586621725,-1.2118584192988318,-0.8118162979737713
1.0,0.0,2.0,1.0,-0.9986831168860775,-1.6468531449946056,-0.9074192231539701,-1.2118584192988318,-1.391364745366837
1.0,2.0,2.0,1.0,-0.6645138225416359,-1.1273644078009066,1.6621573439384376,0.40903557216346226,-0.9838113210710682
1.0,2.0,1.0,1.0,-1.1657677640582984,0.9505905409738891,-0.6296271618466828,0.40903557216346226,-0.7762955866819383
2.0,2.0,1.0,0.0,-0.16325988102497352,-0.2615498458114084,0.7593331446897538,-1.2118584192988318,-0.2528324729075564
0.0,1.0,0.0,1.0,-0.4974291753694151,0.08477597898439089,-1.5324513610953665,-1.2118584192988318,-0.4136104292811164
1.0,0.0,1.0,1.0,-1.1657677640582984,-1.0407829516019567,0.273197037402001,-0.4014114235676847,-1.3352794117481532
1.0,1.0,2.0,1.0,-1.4999370584027398,-1.5602716887956556,0.48154108338246654,1.2194825678946093,-1.712920658113957
1.0,2.0,1.0,2.0,0.8392480020083513,-1.5602716887956556,-0.2823870852125736,-1.2118584192988318,-0.09018500541337364
0.0,1.0,1.0,1.0,-2.001190999919402,-1.3005273201988061,0.5509890987092884,1.2194825678946093,-2.0157814596548493
1.0,2.0,0.0,1.0,0.5050787076639097,-1.2139458639998564,-0.8379712078271482,-1.2118584192988318,-0.1500093612733027
1.0,1.0,1.0,0.0,0.6721633548361304,-1.7334346011935553,-0.49073113119303907,-1.2118584192988318,-0.29583122868188105
0.0,1.0,0.0,2.0,-0.6645138225416359,1.2969163657696883,-0.49073113119303907,0.40903557216346226,-0.14627033903205752
2.0,1.0,2.0,1.0,1.006332649180572,1.7298236467644375,-0.0740430392321081,-0.4014114235676847,1.872801671240558
0.0,1.0,1.0,2.0,0.0038247661472472732,1.2103349095707385,-1.740795407075832,-0.4014114235676847,0.5267536643921472
1.0,2.0,1.0,1.0,-0.33034452819719434,-0.6944571268061575,-0.7685231925003264,2.029929563625756,-0.565040830051563
2.0,1.0,0.0,1.0,-0.16325988102497352,-1.5602716887956556,0.9676771906702193,1.2194825678946093,-0.7856431422850524
0.0,1.0,2.0,1.0,0.5050787076639097,-1.0407829516019567,1.106573221323863,2.840376559356903,-0.06401184972465444
2.0,1.0,0.0,2.0,-0.33034452819719434,0.8640090847749392,0.6204371140361101,0.40903557216346226,0.04068077303022167
2.0,1.0,1.0,1.0,1.3405019435250136,0.08477597898439089,1.453813297957972,0.40903557216346226,1.252123979193791
0.0,1.0,1.0,2.0,-0.6645138225416359,-1.6468531449946056,0.7593331446897538,0.40903557216346226,-1.1632843886508564
2.0,2.0,1.0,1.0,-0.6645138225416359,-1.5602716887956556,0.9676771906702193,1.2194825678946093,-1.1333722107208917
1.0,1.0,2.0,1.0,-0.9986831168860775,-1.6468531449946056,-1.4630033457685447,1.2194825678946093,-1.391364745366837
1.0,2.0,1.0,0.0,-0.6645138225416359,1.3834978219686382,-1.1852112844612572,0.40903557216346226,-0.11635816110209284
1.0,2.0,2.0,2.0,-0.4974291753694151,1.2103349095707385,-1.2546592997880792,2.029929563625756,-0.0004484716234798755
1.0,1.0,2.0,2.0,-1.8341063527471815,-1.1273644078009066,-1.4630033457685447,1.2194825678946093,-1.8606120366431578
1.0,2.0,0.0,2.0,0.6721633548361304,-0.0018054772145589292,0.48154108338246654,-0.4014114235676847,0.60153410921706
1.0,1.0,1.0,1.0,1.173417296352793,0.9505905409738891,-1.5324513610953665,-0.4014114235676847,1.6054615809914987
0.0,2.0,0.0,1.0,-2.6695295886082855,1.7298236467644375,-0.2823870852125736,0.40903557216346226,-2.2401227941295847
2.0,0.0,1.0,1.0,-1.3328524112305191,0.1713574351833407,0.273197037402001,-1.2118584192988318,-1.148328299685874
1.0,2.0,1.0,1.0,0.8392480020083513,1.1237534533717888,-1.1852112844612572,-1.2118584192988318,1.3586861130692902
0.0,0.0,1.0,1.0,0.5050787076639097,-1.7334346011935553,-0.21293906988575176,1.2194825678946093,-0.4080018959192485
0.0,1.0,0.0,2.0,0.6721633548361304,1.7298236467644375,0.48154108338246654,-0.4014114235676847,1.4988994471159995
1.0,1.0,2.0,2.0,-0.8315984697138568,0.34452034758124034,0.273197037402001,-0.4014114235676847,-0.6323432303939834
0.0,0.0,1.0,0.0,-0.8315984697138568,-1.0407829516019567,-0.21293906988575176,1.2194825678946093,-1.0810258993434532
0.0,2.0,1.0,1.0,-0.9986831168860775,0.25793889138229054,1.3843652826311503,-0.4014114235676847,-0.8155553202150171
1.0,2.0,0.0,1.0,1.006332649180572,1.470079278167588,-0.6296271618466828,0.40903557216346226,1.72697980383198
0.0,0.0,1.0,2.0,-0.33034452819719434,0.9505905409738891,-1.0463152538076137,-1.2118584192988318,0.07433197320143187
2.0,0.0,1.0,2.0,0.17090941331946807,-0.08838693341350874,0.34264505272882284,-0.4014114235676847,0.11359170673451066
1.0,2.0,0.0,1.0,-0.16325988102497352,-1.5602716887956556,-1.0463152538076137,-0.4014114235676847,-0.7856431422850524
1.0,1.0,1.0,1.0,0.6721633548361304,0.08477597898439089,0.2037490220751792,-0.4014114235676847,0.6464023761120067
1.0,1.0,2.0,2.0,0.17090941331946807,-0.0018054772145589292,0.2037490220751792,-0.4014114235676847,0.15285144026758946
0.0,1.0,1.0,2.0,-0.33034452819719434,-0.08838693341350874,0.13430100674835738,-0.4014114235676847,-0.3294824288530909
1.0,0.0,1.0,1.0,-1.3328524112305191,1.470079278167588,0.273197037402001,-0.4014114235676847,-0.8118162979737713
1.0,1.0,1.0,0.0,0.5050787076639097,-0.3481313020103582,-0.9768672384807918,1.2194825678946093,0.27997819646993927
1.0,0.0,1.0,1.0,0.3379940604916889,-1.3005273201988061,-0.8379712078271482,0.40903557216346226,-0.3145263398881086
1.0,1.0,1.0,0.0,0.0038247661472472732,-0.434712758209308,-0.8379712078271482,2.029929563625756,-0.18366056144451323
1.0,1.0,2.0,2.0,0.3379940604916889,-1.4736902325967058,0.689885129362932,2.029929563625756,-0.39678482919551167
2.0,1.0,0.0,2.0,0.0038247661472472732,-0.6078756706072076,1.2454692519775066,-0.4014114235676847,-0.258441006269425
0.0,0.0,0.0,1.0,-1.4999370584027398,0.1713574351833407,-0.9768672384807918,0.40903557216346226,-1.3016282115769429
0.0,0.0,0.0,1.0,-1.4999370584027398,-0.2615498458114084,1.1760212366506848,-1.2118584192988318,-1.4044513232111964
0.0,2.0,2.0,0.0,1.3405019435250136,-1.1273644078009066,0.48154108338246654,-0.4014114235676847,0.5192756199096569
0.0,1.0,1.0,1.0,-0.9986831168860775,1.1237534533717888,0.34264505272882284,0.40903557216346226,-0.5538237633278258
1.0,1.0,2.0,2.0,-0.6645138225416359,0.08477597898439089,0.273197037402001,0.40903557216346226,-0.5650408300515627
0.0,0.0,1.0,1.0,0.8392480020083513,-0.5212942144082578,1.1760212366506848,2.029929563625756,0.470668330773464
1.0,1.0,2.0,2.0,-0.33034452819719434,-1.0407829516019567,-0.42128311586621725,-0.4014114235676847,-0.6996456307364038
0.0,0.0,0.0,1.0,0.17090941331946807,1.1237534533717888,1.106573221323863,-0.4014114235676847,0.6632279761976118
0.0,2.0,0.0,2.0,-0.6645138225416359,0.43110180378019014,0.7593331446897538,1.2194825678946093,-0.4453921183317042
0.0,1.0,1.0,1.0,0.0038247661472472732,0.51768325997914,1.5232613132847939,-0.4014114235676847,0.22763188509250087
0.0,2.0,2.0,0.0,0.0038247661472472732,-0.6078756706072076,-0.0740430392321081,-0.4014114235676847,-0.258441006269425
0.0,1.0,1.0,2.0,0.8392480020083513,1.470079278167588,0.13430100674835738,-0.4014114235676847,1.5456372251315693
2.0,1.0,1.0,1.0,-1.3328524112305191,-0.5212942144082578,1.5927093286116158,0.40903557216346226,-1.3278013672656621
0.0,1.0,0.0,2.0,0.17090941331946807,0.34452034758124034,-1.5324513610953665,0.40903557216346226,0.30989037439990397
2.0,1.0,2.0,2.0,-0.33034452819719434,-0.3481313020103582,0.48154108338246654,0.40903557216346226,-0.4304360293667219
0.0,0.0,1.0,1.0,-1.1657677640582984,-1.2139458639998564,-0.42128311586621725,0.40903557216346226,-1.3838867008843456
1.0,2.0,2.0,1.0,0.5050787076639097,-0.17496838961245856,0.34264505272882284,-1.2118584192988318,0.36597570801858786
0.0,0.0,2.0,2.0,0.6721633548361304,1.0371719971728388,-0.2823870852125736,0.40903557216346226,1.1399533119564238
1.0,1.0,1.0,1.0,1.6746712378694553,-1.1273644078009066,0.7593331446897538,-1.2118584192988318,0.7697901100731109
1.0,1.0,2.0,2.0,-0.4974291753694151,-1.0407829516019567,-0.004595023905286278,0.40903557216346226,-0.8267723869387537
2.0,1.0,0.0,2.0,-0.33034452819719434,-0.5212942144082578,-0.6990751771735045,-1.2118584192988318,-0.4977384297091422
1.0,2.0,0.0,1.0,1.006332649180572,-1.1273644078009066,1.5232613132847939,0.40903557216346226,0.26876112974620275
1.0,2.0,0.0,1.0,0.6721633548361304,1.2103349095707385,-0.35183510053939543,-0.4014114235676847,1.2296898457463172
0.0,2.0,0.0,2.0,0.0038247661472472732,-0.08838693341350874,0.8287811600165756,0.40903557216346226,-0.03409967179468975
0.0,2.0,0.0,1.0,-0.33034452819719434,0.1713574351833407,-1.6018993764221883,-0.4014114235676847,-0.22852882833946028
0.0,1.0,1.0,2.0,-0.4974291753694151,0.8640090847749392,0.5509890987092884,2.840376559356903,-0.12757522782582936
1.0,1.0,0.0,2.0,1.3405019435250136,-1.2139458639998564,1.5927093286116158,-1.2118584192988318,0.4669293085322185
2.0,1.0,2.0,1.0,0.3379940604916889,-1.4736902325967058,1.5232613132847939,2.840376559356903,-0.39678482919551167
1.0,1.0,2.0,2.0,0.5050787076639097,0.6042647161780897,-0.21293906988575176,-0.4014114235676847,0.7529645099875059
2.0,1.0,2.0,2.0,-0.6645138225416359,-1.0407829516019567,0.5509890987092884,0.40903557216346226,-0.9538991431411035
2.0,1.0,2.0,1.0,-0.9986831168860775,0.43110180378019014,0.8287811600165756,-1.2118584192988318,-0.7632090088375787
1.0,1.0,1.0,1.0,0.0038247661472472732,-0.6078756706072076,0.6204371140361101,-1.2118584192988318,-0.258441006269425
1.0,0.0,1.0,1.0,1.173417296352793,1.2103349095707385,0.9676771906702193,1.2194825678946093,1.7568919817619446
1.0,1.0,1.0,1.0,0.17090941331946807,-0.3481313020103582,-0.0740430392321081,0.40903557216346226,-0.004187493864725048
1.0,1.0,2.0,1.0,1.173417296352793,0.6908461723770396,1.2454692519775066,-1.2118584192988318,1.4540311802210528
1.0,2.0,2.0,1.0,-0.33034452819719434,-1.2139458639998564,-0.9074192231539701,0.40903557216346226,-0.7669480310788243
1.0,1.0,1.0,1.0,-1.4999370584027398,0.1713574351833407,0.8982291753433975,-0.4014114235676847,-1.3016282115769429
1.0,0.0,2.0,0.0,-2.168275647091623,-1.5602716887956556,1.037125205997041,-0.4014114235676847,-2.1765594160284096
1.0,2.0,2.0,1.0,-1.1657677640582984,1.5566607343665377,-0.5601791465198609,-0.4014114235676847,-0.6061700747052642
2.0,0.0,2.0,1.0,0.5050787076639097,0.43110180378019014,-1.0463152538076137,0.40903557216346226,0.6669669984388573
0.0,2.0,1.0,1.0,-2.001190999919402,-1.1273644078009066,-1.1852112844612572,0.40903557216346226,-1.9858692817248846
1.0,0.0,2.0,2.0,1.006332649180572,-1.6468531449946056,1.106573221323863,-1.2118584192988318,-0.022882605070953233
0.0,1.0,2.0,1.0,0.0038247661472472732,-0.5212942144082578,0.9676771906702193,-0.4014114235676847,-0.22105078385696894
1.0,1.0,1.0,1.0,0.17090941331946807,0.8640090847749392,1.6621573439384376,0.40903557216346226,0.545448775598376
1.0,0.0,0.0,2.0,-0.4974291753694151,0.6908461723770396,-0.5601791465198609,-1.2118584192988318,-0.19113860592700424
0.0,0.0,2.0,0.0,-0.4974291753694151,1.5566607343665377,-0.004595023905286278,-0.4014114235676847,0.12667828457887026
1.0,1.0,2.0,1.0,-0.16325988102497352,-0.434712758209308,0.273197037402001,-0.4014114235676847,-0.32387389549122264
1.0,0.0,2.0,1.0,-0.16325988102497352,-0.17496838961245856,-1.1157632691344355,0.40903557216346226,-0.21731176161572344
2.0,2.0,1.0,2.0,0.3379940604916889,0.43110180378019014,0.273197037402001,2.840376559356903,0.5080585531859196
0.0,0.0,1.0,2.0,0.0038247661472472732,-1.4736902325967058,-0.004595023905286278,0.40903557216346226,-0.6323432303939834
0.0,1.0,1.0,2.0,0.3379940604916889,-0.9542014954030069,1.106573221323863,-1.2118584192988318,-0.15000936127330303
0.0,0.0,1.0,1.0,0.5050787076639097,-0.3481313020103582,0.2037490220751792,0.40903557216346226,0.27997819646993927
0.0,1.0,2.0,1.0,-1.1657677640582984,-1.387108776397756,0.5509890987092884,-0.4014114235676847,-1.4324939900205382
1.0,0.0,2.0,2.0,1.6746712378694553,-1.6468531449946056,1.037125205997041,0.40903557216346226,0.4332781083610083
0.0,0.0,1.0,1.0,0.17090941331946807,0.7774276285759895,0.8287811600165756,1.2194825678946093,0.5061890420652972
2.0,1.0,2.0,1.0,-0.4974291753694151,0.51768325997914,1.5232613132847939,1.2194825678946093,-0.2547019840281795
1.0,1.0,2.0,1.0,-1.4999370584027398,-1.5602716887956556,-0.49073113119303907,0.40903557216346226,-1.712920658113957
0.0,2.0,1.0,2.0,0.5050787076639097,-1.387108776397756,0.34264505272882284,1.2194825678946093,-0.2360068728219513
1.0,0.0,1.0,0.0,0.8392480020083513,0.6042647161780897,1.5232613132847939,2.029929563625756,1.0782594449758713
0.0,2.0,0.0,1.0,-0.16325988102497352,-1.6468531449946056,-0.5601791465198609,-0.4014114235676847,-0.8211638535768854
1.0,1.0,2.0,1.0,-0.16325988102497352,-1.2139458639998564,-1.1157632691344355,-0.4014114235676847,-0.6435602971177199
1.0,1.0,0.0,2.0,2.67717912090278,1.3834978219686382,1.453813297957972,-0.4014114235676847,3.473103190493669
1.0,2.0,2.0,0.0,0.5050787076639097,-0.2615498458114084,-1.67134739174901,-0.4014114235676847,0.32297695224426354
1.0,2.0,1.0,1.0,-0.33034452819719434,-0.17496838961245856,0.13430100674835738,0.40903557216346226,-0.36313362902430113
0.0,1.0,1.0,1.0,-0.33034452819719434,0.08477597898439089,0.6204371140361101,-0.4014114235676847,-0.2621800285106702
1.0,1.0,1.0,1.0,-0.6645138225416359,0.25793889138229054,-0.9074192231539701,-1.2118584192988318,-0.5052164741916336
1.0,1.0,0.0,1.0,0.3379940604916889,0.51768325997914,0.689885129362932,-0.4014114235676847,0.5491877978396209
1.0,0.0,1.0,2.0,0.5050787076639097,-1.4736902325967058,1.2454692519775066,0.40903557216346226,-0.2790056285962756
1.0,2.0,1.0,1.0,-0.9986831168860775,-0.434712758209308,-1.6018993764221883,1.2194825678946093,-1.0249405657247697
0.0,2.0,1.0,1.0,1.3405019435250136,-0.17496838961245856,0.8287811600165756,0.40903557216346226,1.0950850450614764
0.0,1.0,2.0,1.0,0.3379940604916889,1.2103349095707385,0.34264505272882284,-1.2118584192988318,0.8782217550692326
1.0,1.0,1.0,1.0,-0.33034452819719434,-0.8676200392040571,-1.67134739174901,-0.4014114235676847,-0.6323432303939834
1.0,2.0,0.0,2.0,-2.001190999919402,-0.7810385830051073,-0.004595023905286278,-1.2118584192988318,-1.9260449258649555
2.0,1.0,1.0,0.0,0.8392480020083513,1.5566607343665377,1.037125205997041,-0.4014114235676847,1.592375003147139
0.0,2.0,1.0,1.0,0.17090941331946807,-0.6944571268061575,-1.0463152538076137,-1.2118584192988318,-0.16122642799703987
2.0,1.0,1.0,0.0,1.173417296352793,1.2969163657696883,-1.2546592997880792,-0.4014114235676847,1.80736878201876
1.0,2.0,2.0,2.0,0.8392480020083513,-0.8676200392040571,-0.8379712078271482,-0.4014114235676847,0.28371721871118477
1.0,2.0,2.0,1.0,-0.8315984697138568,0.6042647161780897,-0.8379712078271482,-1.2118584192988318,-0.5482152299659575
1.0,2.0,2.0,2.0,-0.6645138225416359,-1.2139458639998564,1.6621573439384376,-0.4014114235676847,-1.0137234990010329
1.0,1.0,0.0,1.0,-0.16325988102497352,0.9505905409738891,-0.5601791465198609,-1.2118584192988318,0.24445748517810598
1.0,0.0,1.0,1.0,-1.3328524112305191,1.7298236467644375,-0.6990751771735045,-0.4014114235676847,-0.7445138976313509
2.0,0.0,1.0,2.0,-0.4974291753694151,-1.1273644078009066,-0.8379712078271482,-0.4014114235676847,-0.8585540759893411
1.0,1.0,2.0,1.0,0.0038247661472472732,1.1237534533717888,1.5232613132847939,-0.4014114235676847,0.48936344197969217
1.0,1.0,2.0,0.0,-1.6670217055749608,1.2103349095707385,-0.6990751771735045,1.2194825678946093,-1.2305867889932771
1.0,2.0,2.0,1.0,0.5050787076639097,-1.1273644078009066,1.037125205997041,0.40903557216346226,-0.10701060549897874
1.0,2.0,1.0,2.0,0.0038247661472472732,0.9505905409738891,1.106573221323863,1.2194825678946093,0.4145829971547801
1.0,1.0,2.0,1.0,1.3405019435250136,-0.6078756706072076,1.453813297957972,-0.4014114235676847,0.8333534881742852
0.0,1.0,1.0,1.0,2.175925179386118,-1.5602716887956556,-0.0740430392321081,0.40903557216346226,0.8370925104155313
2.0,1.0,0.0,1.0,-1.4999370584027398,-1.387108776397756,-0.5601791465198609,-0.4014114235676847,-1.6717914134602556
0.0,2.0,1.0,2.0,0.5050787076639097,0.9505905409738891,-1.5324513610953665,1.2194825678946093,0.9249595330848024
0.0,2.0,0.0,2.0,0.5050787076639097,-0.08838693341350874,1.5927093286116158,-1.2118584192988318,0.40897446379291214
2.0,1.0,1.0,1.0,1.3405019435250136,-0.3481313020103582,1.6621573439384376,-0.4014114235676847,0.9903924223066004
2.0,1.0,0.0,2.0,-0.6645138225416359,1.470079278167588,0.41209306805564466,-1.2118584192988318,-0.08644598317212814
0.0,1.0,2.0,1.0,-0.16325988102497352,1.5566607343665377,1.037125205997041,-0.4014114235676847,0.4931024642209377
1.0,1.0,2.0,1.0,1.006332649180572,0.25793889138229054,0.9676771906702193,1.2194825678946093,1.0464777559252836
1.0,1.0,0.0,1.0,0.17090941331946807,-0.2615498458114084,-1.1157632691344355,1.2194825678946093,0.035072239668353745
1.0,1.0,1.0,2.0,0.6721633548361304,-1.0407829516019567,1.453813297957972,-0.4014114235676847,0.06311490647769535
1.0,0.0,1.0,1.0,-1.1657677640582984,-1.5602716887956556,0.8287811600165756,-0.4014114235676847,-1.4811012791567308
0.0,1.0,1.0,1.0,0.6721633548361304,0.1713574351833407,0.689885129362932,-0.4014114235676847,0.6912706430069534
1.0,2.0,1.0,1.0,-0.33034452819719434,1.7298236467644375,0.7593331446897538,-0.4014114235676847,0.3771927747423244
1.0,2.0,2.0,1.0,-0.8315984697138568,-0.08838693341350874,1.7316053592652594,2.029929563625756,-0.7725565644406924
1.0,1.0,1.0,2.0,0.0038247661472472732,1.470079278167588,0.41209306805564466,1.2194825678946093,0.638924331629515
1.0,1.0,1.0,1.0,0.3379940604916889,-0.17496838961245856,-0.9768672384807918,0.40903557216346226,0.22015384061000987
2.0,1.0,1.0,2.0,0.17090941331946807,0.25793889138229054,-0.004595023905286278,-0.4014114235676847,0.27063064086682515
1.0,1.0,0.0,1.0,1.5075865906972346,-0.5212942144082578,-0.7685231925003264,0.40903557216346226,1.0240436224778107
0.0,2.0,2.0,1.0,0.5050787076639097,-1.3005273201988061,-1.2546592997880792,-0.4014114235676847,-0.193008117047627
1.0,2.0,0.0,1.0,-1.6670217055749608,1.2103349095707385,-0.2823870852125736,-0.4014114235676847,-1.2305867889932771
1.0,1.0,1.0,1.0,-0.8315984697138568,-1.0407829516019567,1.3843652826311503,-1.2118584192988318,-1.0810258993434532
1.0,1.0,0.0,1.0,-0.33034452819719434,-0.434712758209308,-1.740795407075832,2.029929563625756,-0.464087229537932
2.0,1.0,1.0,1.0,-0.16325988102497352,0.9505905409738891,1.6621573439384376,-1.2118584192988318,0.24445748517810598
1.0,1.0,1.0,2.0,-0.33034452819719434,-1.6468531449946056,-0.6296271618466828,-0.4014114235676847,-0.9352040319348756
1.0,0.0,1.0,2.0,1.173417296352793,-1.387108776397756,-0.35183510053939543,-1.2118584192988318,0.24258797405748356
2.0,2.0,0.0,2.0,0.5050787076639097,0.1713574351833407,-0.6990751771735045,-0.4014114235676847,0.5379707311158843
0.0,0.0,0.0,0.0,-0.16325988102497352,0.25793889138229054,0.06485299142153556,1.2194825678946093,-0.03970820515655834
1.0,0.0,1.0,0.0,-0.6645138225416359,-1.4736902325967058,-1.2546592997880792,0.40903557216346226,-1.103460032790927
2.0,0.0,0.0,1.0,-0.16325988102497352,1.3834978219686382,-0.35183510053939543,-1.2118584192988318,0.4220610416372711
1.0,2.0,0.0,1.0,1.841755885041676,1.1237534533717888,1.453813297957972,0.40903557216346226,2.4018733183768086
1.0,0.0,2.0,1.0,0.6721633548361304,-0.08838693341350874,0.8982291753433975,-1.2118584192988318,0.5566658423221126
2.0,0.0,2.0,2.0,0.8392480020083513,-0.434712758209308,-1.2546592997880792,2.029929563625756,0.5174061087890338
1.0,1.0,1.0,2.0,0.3379940604916889,0.9505905409738891,-0.6296271618466828,-1.2118584192988318,0.7548340211081283
2.0,1.0,2.0,1.0,-2.001190999919402,1.470079278167588,-1.1852112844612572,0.40903557216346226,-1.5371866127754148
1.0,1.0,1.0,1.0,1.6746712378694553,-1.1273644078009066,1.3149172673043283,-0.4014114235676847,0.7697901100731109
0.0,2.0,1.0,2.0,0.17090941331946807,-0.08838693341350874,-0.7685231925003264,-1.2118584192988318,0.11359170673451066
2.0,1.0,2.0,1.0,0.0038247661472472732,0.34452034758124034,-1.2546592997880792,0.40903557216346226,0.15285144026758946
0.0,1.0,2.0,1.0,-0.8315984697138568,0.34452034758124034,-1.3935553304417228,-0.4014114235676847,-0.6323432303939834
0.0,1.0,2.0,2.0,1.173417296352793,-0.9542014954030069,0.9676771906702193,0.40903557216346226,0.49497197534156007
0.0,1.0,0.0,1.0,0.17090941331946807,-0.08838693341350874,0.8982291753433975,0.40903557216346226,0.11359170673451066
1.0,0.0,0.0,1.0,0.3379940604916889,0.08477597898439089,1.037125205997041,-1.2118584192988318,0.34354157457111417
1.0,1.0,1.0,1.0,0.5050787076639097,-0.17496838961245856,-1.740795407075832,-0.4014114235676847,0.36597570801858786
1.0,1.0,1.0,2.0,-0.33034452819719434,0.43110180378019014,1.453813297957972,-1.2118584192988318,-0.12757522782582967
0.0,1.0,1.0,1.0,-0.4974291753694151,1.3834978219686382,-1.740795407075832,-0.4014114235676847,0.06311490647769535
0.0,1.0,0.0,1.0,0.8392480020083513,1.2969163657696883,-1.2546592997880792,2.029929563625756,1.4521616691004298
0.0,2.0,1.0,2.0,0.5050787076639097,-0.0018054772145589292,-1.2546592997880792,0.40903557216346226,0.45197321956723646
1.0,1.0,2.0,1.0,-0.4974291753694151,-0.17496838961245856,-0.7685231925003264,-1.2118584192988318,-0.5089554964328791
0.0,2.0,0.0,2.0,2.3430098265583386,-0.08838693341350874,0.273197037402001,1.2194825678946093,2.033579627614118
1.0,0.0,1.0,0.0,0.17090941331946807,-0.3481313020103582,1.453813297957972,-0.4014114235676847,-0.004187493864725048
0.0,2.0,1.0,1.0,0.8392480020083513,0.34452034758124034,1.106573221323863,-0.4014114235676847,0.938046110929162
1.0,2.0,0.0,1.0,1.3405019435250136,0.25793889138229054,0.41209306805564466,-1.2118584192988318,1.3568166019486672
1.0,2.0,2.0,1.0,-0.33034452819719434,-0.3481313020103582,0.273197037402001,-0.4014114235676847,-0.4304360293667219
1.0,0.0,0.0,1.0,1.006332649180572,-0.9542014954030069,0.6204371140361101,-1.2118584192988318,0.3659757080185872
1.0,2.0,1.0,1.0,-1.1657677640582984,-1.2139458639998564,1.037125205997041,0.40903557216346226,-1.3838867008843456
1.0,1.0,1.0,0.0,-1.1657677640582984,1.2969163657696883,-0.42128311586621725,-0.4014114235676847,-0.6790810084095532
0.0,1.0,0.0,1.0,-0.8315984697138568,1.0371719971728388,-0.21293906988575176,-0.4014114235676847,-0.4080018959192482
1.0,0.0,1.0,2.0,-0.9986831168860775,0.43110180378019014,0.9676771906702193,0.40903557216346226,-0.7632090088375787
2.0,1.0,0.0,2.0,0.6721633548361304,0.7774276285759895,1.6621573439384376,-0.4014114235676847,1.0053485112715823
0.0,2.0,2.0,1.0,0.8392480020083513,-0.6944571268061575,1.3149172673043283,0.40903557216346226,0.3771927747423244
0.0,0.0,1.0,1.0,-0.8315984697138568,1.5566607343665377,-0.2823870852125736,-0.4014114235676847,-0.23974589506319713
0.0,2.0,0.0,1.0,-0.4974291753694151,0.51768325997914,-1.3935553304417228,0.40903557216346226,-0.2547019840281795
1.0,0.0,2.0,1.0,0.5050787076639097,-0.6944571268061575,-1.67134739174901,0.40903557216346226,0.10798317337264207
0.0,1.0,1.0,1.0,-1.3328524112305191,-1.1273644078009066,-0.6990751771735045,-0.4014114235676847,-1.4848403013979763
0.0,1.0,2.0,1.0,1.6746712378694553,-1.2139458639998564,-1.5324513610953665,0.40903557216346226,0.7137047764544271
1.0,2.0,1.0,1.0,-0.16325988102497352,0.8640090847749392,0.13430100674835738,-1.2118584192988318,0.20893677388627335
0.0,1.0,2.0,1.0,0.0038247661472472732,0.7774276285759895,0.6204371140361101,2.840376559356903,0.33980255232986867
1.0,0.0,1.0,1.0,0.8392480020083513,-1.2139458639998564,-0.6990751771735045,-1.2118584192988318,0.09676610664890556
0.0,2.0,1.0,1.0,0.0038247661472472732,-0.8676200392040571,-0.004595023905286278,1.2194825678946093,-0.37061167350679247
0.0,0.0,1.0,1.0,-0.4974291753694151,-0.17496838961245856,0.06485299142153556,2.029929563625756,-0.5089554964328791
1.0,2.0,2.0,2.0,-1.6670217055749608,-1.5602716887956556,-1.67134739174901,-0.4014114235676847,-1.82883034759257
1.0,0.0,1.0,0.0,0.6721633548361304,0.43110180378019014,-1.4630033457685447,0.40903557216346226,0.8258754436917942
0.0,0.0,2.0,1.0,1.173417296352793,0.08477597898439089,1.3149172673043283,-1.2118584192988318,1.1006935784233451
0.0,1.0,0.0,1.0,0.3379940604916889,0.6908461723770396,-0.8379712078271482,1.2194825678946093,0.631446287147024
1.0,2.0,1.0,2.0,0.17090941331946807,0.51768325997914,-0.21293906988575176,-1.2118584192988318,0.3884098414660609
0.0,1.0,2.0,2.0,-0.33034452819719434,1.2103349095707385,0.13430100674835738,-0.4014114235676847,0.17528557371506248
1.0,1.0,1.0,1.0,0.17090941331946807,-1.5602716887956556,1.1760212366506848,-0.4014114235676847,-0.5538237633278261
1.0,1.0,0.0,1.0,0.5050787076639097,0.6042647161780897,-1.2546592997880792,0.40903557216346226,0.7529645099875059
1.0,2.0,0.0,1.0,1.006332649180572,-0.7810385830051073,-0.6990751771735045,-0.4014114235676847,0.463190286290973
0.0,1.0,0.0,1.0,1.841755885041676,-0.9542014954030069,0.34264505272882284,2.029929563625756,1.0109570446334504
1.0,1.0,1.0,0.0,1.841755885041676,0.7774276285759895,-1.2546592997880792,-0.4014114235676847,2.170053939419582
1.0,1.0,2.0,0.0,-0.33034452819719434,1.1237534533717888,1.453813297957972,0.40903557216346226,0.14163437354385294
0.0,1.0,1.0,2.0,-0.4974291753694151,1.5566607343665377,-0.14349105455892994,-1.2118584192988318,0.12667828457887026
1.0,1.0,1.0,1.0,1.173417296352793,-0.17496838961245856,-1.5324513610953665,1.2194825678946093,0.9492631776528991
2.0,1.0,2.0,1.0,2.8442637680750007,-0.08838693341350874,1.3843652826311503,-0.4014114235676847,2.47665376320172
2.0,2.0,2.0,2.0,0.6721633548361304,-0.434712758209308,-1.67134739174901,-0.4014114235676847,0.3771927747423244
2.0,1.0,0.0,0.0,0.5050787076639097,1.1237534533717888,1.3149172673043283,0.40903557216346226,1.010957044633451
1.0,0.0,2.0,1.0,0.17090941331946807,-0.3481313020103582,-0.7685231925003264,-0.4014114235676847,-0.004187493864725048
1.0,1.0,1.0,1.0,0.6721633548361304,1.0371719971728388,-0.42128311586621725,0.40903557216346226,1.1399533119564238
0.0,2.0,1.0,1.0,-0.4974291753694151,-1.6468531449946056,-0.8379712078271482,-0.4014114235676847,-1.049244210292866
1.0,2.0,1.0,1.0,1.006332649180572,-0.5212942144082578,-0.9074192231539701,-1.2118584192988318,0.6090121536995503
1.0,1.0,1.0,1.0,0.17090941331946807,1.470079278167588,-1.5324513610953665,-1.2118584192988318,0.8202669103299263
1.0,1.0,1.0,1.0,-0.33034452819719434,1.6432421905654877,-0.5601791465198609,2.840376559356903,0.34354157457111417
0.0,1.0,2.0,2.0,0.0038247661472472732,1.2969163657696883,-0.42128311586621725,-1.2118584192988318,0.5641438868046036
0.0,1.0,1.0,1.0,0.3379940604916889,0.1713574351833407,1.2454692519775066,0.40903557216346226,0.3846708192248154
1.0,0.0,0.0,1.0,1.3405019435250136,-1.0407829516019567,0.689885129362932,-1.2118584192988318,0.5716219312870953
2.0,1.0,1.0,2.0,0.17090941331946807,-0.0018054772145589292,-1.3935553304417228,-0.4014114235676847,0.15285144026758946
2.0,1.0,2.0,1.0,-0.33034452819719434,0.43110180378019014,0.7593331446897538,-0.4014114235676847,-0.12757522782582967
0.0,0.0,0.0,2.0,0.5050787076639097,-1.2139458639998564,1.3149172673043283,-0.4014114235676847,-0.1500093612733027
1.0,1.0,2.0,1.0,-0.8315984697138568,-0.3481313020103582,0.41209306805564466,0.40903557216346226,-0.8566845648687184
1.0,1.0,1.0,0.0,-0.16325988102497352,-0.0018054772145589292,1.3149172673043283,-1.2118584192988318,-0.1462703390320572
1.0,2.0,1.0,1.0,0.3379940604916889,-0.0018054772145589292,-0.6990751771735045,0.40903557216346226,0.30241232991741296
1.0,0.0,1.0,1.0,-1.6670217055749608,1.1237534533717888,-1.6018993764221883,0.40903557216346226,-1.2492819001995046
0.0,1.0,0.0,1.0,-1.3328524112305191,-1.6468531449946056,-1.6018993764221883,0.40903557216346226,-1.6194451020828176
1.0,2.0,2.0,2.0,0.5050787076639097,0.6042647161780897,-1.324107315114901,-0.4014114235676847,0.7529645099875059
2.0,1.0,0.0,1.0,-2.168275647091623,1.2103349095707385,-1.2546592997880792,0.40903557216346226,-1.757788925008904
1.0,2.0,0.0,0.0,0.17090941331946807,-0.5212942144082578,-0.7685231925003264,1.2194825678946093,-0.08270696093088263
1.0,2.0,2.0,2.0,-0.6645138225416359,1.2103349095707385,0.06485299142153556,-1.2118584192988318,-0.17618251696202222
1.0,1.0,0.0,2.0,0.0038247661472472732,0.8640090847749392,1.5232613132847939,0.40903557216346226,0.3771927747423244
1.0,1.0,2.0,1.0,0.3379940604916889,1.2969163657696883,-0.42128311586621725,-0.4014114235676847,0.9193509997229338
1.0,1.0,1.0,1.0,0.17090941331946807,-0.8676200392040571,0.5509890987092884,-0.4014114235676847,-0.23974589506319713
0.0,0.0,0.0,2.0,-1.8341063527471815,0.6042647161780897,-0.2823870852125736,-1.2118584192988318,-1.5241000349310552
1.0,1.0,2.0,1.0,-1.8341063527471815,-0.6944571268061575,1.106573221323863,-0.4014114235676847,-1.7764840362151324
2.0,0.0,2.0,0.0,-0.16325988102497352,-0.6078756706072076,-0.42128311586621725,-0.4014114235676847,-0.3949153180748889
0.0,1.0,2.0,1.0,1.173417296352793,-1.5602716887956556,-0.8379712078271482,2.029929563625756,0.14163437354385228
2.0,2.0,1.0,2.0,0.6721633548361304,0.25793889138229054,-0.6296271618466828,0.40903557216346226,0.7361389099019001
0.0,1.0,1.0,1.0,2.175925179386118,-1.387108776397756,-1.6018993764221883,1.2194825678946093,0.9604802443766357
0.0,1.0,0.0,1.0,1.5075865906972346,-0.8676200392040571,-0.21293906988575176,-0.4014114235676847,0.807180332485566
2.0,1.0,1.0,0.0,0.17090941331946807,0.6042647161780897,0.6204371140361101,-0.4014114235676847,0.42766957499913966
1.0,1.0,2.0,1.0,1.006332649180572,1.1237534533717888,0.9676771906702193,-1.2118584192988318,1.5325506472872097
0.0,1.0,0.0,2.0,-1.3328524112305191,0.7774276285759895,-1.3935553304417228,-0.4014114235676847,-0.9912893655535595
2.0,1.0,1.0,1.0,0.6721633548361304,-1.6468531449946056,0.34264505272882284,-1.2118584192988318,-0.25096296178693367
0.0,1.0,2.0,2.0,0.3379940604916889,1.1237534533717888,-1.1157632691344355,1.2194825678946093,0.8370925104155313
1.0,1.0,1.0,1.0,-2.001190999919402,-1.6468531449946056,-1.4630033457685447,-0.4014114235676847,-2.0756058155147787
1.0,1.0,1.0,1.0,-1.1657677640582984,-0.7810385830051073,1.5927093286116158,-1.2118584192988318,-1.2623684780438642
2.0,0.0,1.0,1.0,0.0038247661472472732,-0.5212942144082578,-0.5601791465198609,-1.2118584192988318,-0.22105078385696894
0.0,0.0,1.0,1.0,-0.16325988102497352,1.0371719971728388,-0.35183510053939543,0.40903557216346226,0.27997819646993927
1.0,1.0,1.0,2.0,2.3430098265583386,1.6432421905654877,-1.5324513610953665,-1.2118584192988318,3.3048471896376164
1.0,1.0,2.0,1.0,-0.6645138225416359,-1.5602716887956556,1.1760212366506848,-1.2118584192988318,-1.1333722107208917
1.0,2.0,0.0,2.0,1.006332649180572,0.25793889138229054,0.5509890987092884,0.40903557216346226,1.0464777559252836
0.0,2.0,2.0,1.0,-0.9986831168860775,-0.2615498458114084,-1.67134739174901,2.840376559356903,-0.9725942543473313
1.0,1.0,2.0,1.0,-1.1657677640582984,-0.8676200392040571,0.2037490220751792,-1.2118584192988318,-1.2866721226119606
0.0,0.0,1.0,1.0,-2.836614235780506,-0.08838693341350874,-0.7685231925003264,-1.2118584192988318,-2.5448531067910998
1.0,2.0,2.0,1.0,2.175925179386118,-1.4736902325967058,-1.1157632691344355,-0.4014114235676847,0.8987863773960831
1.0,1.0,1.0,1.0,0.0038247661472472732,-0.8676200392040571,1.106573221323863,-0.4014114235676847,-0.37061167350679247
0.0,1.0,0.0,1.0,0.3379940604916889,-1.3005273201988061,0.8982291753433975,0.40903557216346226,-0.3145263398881086
2.0,1.0,1.0,0.0,-0.6645138225416359,0.25793889138229054,-0.14349105455892994,1.2194825678946093,-0.5052164741916336
0.0,2.0,0.0,2.0,0.0038247661472472732,-0.6944571268061575,1.037125205997041,-1.2118584192988318,-0.29583122868188105
1.0,2.0,2.0,1.0,-1.6670217055749608,1.3834978219686382,0.34264505272882284,-1.2118584192988318,-1.193196566580821
1.0,2.0,1.0,1.0,-0.8315984697138568,-1.387108776397756,0.2037490220751792,0.40903557216346226,-1.193196566580821
1.0,1.0,1.0,1.0,-1.4999370584027398,-0.8676200392040571,1.5927093286116158,1.2194825678946093,-1.5484036794991516
0.0,2.0,0.0,1.0,0.0038247661472472732,1.5566607343665377,1.3843652826311503,-0.4014114235676847,0.6763145540419714
0.0,1.0,2.0,1.0,-1.6670217055749608,1.5566607343665377,0.34264505272882284,1.2194825678946093,-1.155806344168365
0.0,0.0,1.0,1.0,1.173417296352793,0.9505905409738891,-0.14349105455892994,-1.2118584192988318,1.6054615809914987
0.0,1.0,2.0,1.0,1.173417296352793,-0.17496838961245856,0.9676771906702193,-1.2118584192988318,0.9492631776528991
1.0,1.0,1.0,1.0,-0.9986831168860775,-1.1273644078009066,-1.5324513610953665,0.40903557216346226,-1.2343258112345221
2.0,2.0,2.0,1.0,0.5050787076639097,0.6042647161780897,1.453813297957972,-0.4014114235676847,0.7529645099875059
1.0,2.0,1.0,2.0,-1.6670217055749608,-1.1273644078009066,1.1760212366506848,-0.4014114235676847,-1.7353547915614305
0.0,1.0,2.0,1.0,1.3405019435250136,-0.08838693341350874,1.3149172673043283,0.40903557216346226,1.147431356438915
0.0,0.0,0.0,1.0,1.006332649180572,1.2103349095707385,-1.3935553304417228,0.40903557216346226,1.581157936423402
2.0,2.0,2.0,2.0,1.006332649180572,1.0371719971728388,0.6204371140361101,-1.2118584192988318,1.4839433581510175
1.0,0.0,1.0,1.0,-1.6670217055749608,0.08477597898439089,1.5927093286116158,0.40903557216346226,-1.4736232346742395
1.0,2.0,2.0,2.0,0.5050787076639097,0.7774276285759895,0.8287811600165756,2.029929563625756,0.8389620215361538
1.0,2.0,0.0,1.0,0.17090941331946807,-1.4736902325967058,-1.0463152538076137,0.40903557216346226,-0.5145640297947474
0.0,0.0,2.0,1.0,3.011348415247222,0.51768325997914,0.273197037402001,1.2194825678946093,3.1216350998165834
1.0,2.0,0.0,1.0,0.3379940604916889,0.6042647161780897,-0.49073113119303907,-1.2118584192988318,0.5903170424933227
1.0,2.0,1.0,1.0,0.6721633548361304,0.1713574351833407,-0.6296271618466828,-1.2118584192988318,0.6912706430069534
1.0,1.0,1.0,0.0,-0.4974291753694151,1.470079278167588,0.6204371140361101,1.2194825678946093,0.09489659552828247
0.0,2.0,0.0,1.0,-1.4999370584027398,0.9505905409738891,1.7316053592652594,2.029929563625756,-1.1165466106352866
0.0,0.0,1.0,2.0,0.6721633548361304,1.2103349095707385,-0.004595023905286278,-0.4014114235676847,1.2296898457463172
0.0,2.0,2.0,1.0,0.6721633548361304,-0.8676200392040571,-0.8379712078271482,-1.2118584192988318,0.1528514402675888
0.0,2.0,1.0,1.0,0.5050787076639097,-1.1273644078009066,1.3149172673043283,-0.4014114235676847,-0.10701060549897874
1.0,2.0,2.0,2.0,1.006332649180572,-1.4736902325967058,0.273197037402001,-0.4014114235676847,0.07433197320143187
2.0,1.0,1.0,0.0,1.173417296352793,1.0371719971728388,0.7593331446897538,-1.2118584192988318,1.6559383812483142
0.0,2.0,1.0,1.0,-0.4974291753694151,1.3834978219686382,-1.2546592997880792,0.40903557216346226,0.06311490647769535
2.0,2.0,2.0,2.0,-0.33034452819719434,-0.6944571268061575,0.689885129362932,-0.4014114235676847,-0.565040830051563
1.0,1.0,0.0,0.0,0.17090941331946807,0.7774276285759895,0.34264505272882284,-1.2118584192988318,0.5061890420652972
1.0,2.0,2.0,1.0,-0.33034452819719434,-0.9542014954030069,1.5232613132847939,0.40903557216346226,-0.6659944305651939
0.0,0.0,0.0,1.0,0.5050787076639097,0.8640090847749392,-1.740795407075832,2.029929563625756,0.8819607773104781
2.0,1.0,1.0,1.0,0.8392480020083513,0.34452034758124034,0.5509890987092884,-0.4014114235676847,0.938046110929162
2.0,1.0,1.0,1.0,-2.5024449414360648,0.7774276285759895,0.06485299142153556,0.40903557216346226,-2.1559947937015584
2.0,1.0,2.0,0.0,0.6721633548361304,-1.7334346011935553,0.5509890987092884,0.40903557216346226,-0.29583122868188105
0.0,1.0,1.0,1.0,0.5050787076639097,0.8640090847749392,-0.14349105455892994,-0.4014114235676847,0.8819607773104781
0.0,1.0,1.0,1.0,-1.3328524112305191,-0.6944571268061575,-0.5601791465198609,-1.2118584192988318,-1.3726696341606088
0.0,2.0,0.0,1.0,0.5050787076639097,-0.6944571268061575,1.1760212366506848,0.40903557216346226,0.10798317337264207
1.0,1.0,2.0,2.0,0.5050787076639097,1.0371719971728388,1.7316053592652594,-0.4014114235676847,0.9679582888591267
2.0,1.0,1.0,2.0,-0.33034452819719434,-0.434712758209308,-0.6296271618466828,-0.4014114235676847,-0.464087229537932
1.0,0.0,2.0,1.0,-0.6645138225416359,-0.6078756706072076,1.453813297957972,-0.4014114235676847,-0.8043382534912803
1.0,1.0,1.0,1.0,1.3405019435250136,0.34452034758124034,-1.67134739174901,1.2194825678946093,1.4091629133261054
1.0,1.0,2.0,1.0,-0.16325988102497352,-0.08838693341350874,-1.1157632691344355,0.40903557216346226,-0.18179105032389015
2.0,0.0,1.0,1.0,-0.6645138225416359,1.2969163657696883,-0.6990751771735045,-1.2118584192988318,-0.14627033903205752
1.0,1.0,1.0,0.0,0.17090941331946807,-0.9542014954030069,0.689885129362932,1.2194825678946093,-0.2790056285962759
0.0,2.0,2.0,1.0,-1.1657677640582984,1.2969163657696883,1.1760212366506848,-0.4014114235676847,-0.6790810084095532
1.0,1.0,1.0,1.0,0.5050787076639097,-0.08838693341350874,0.41209306805564466,-0.4014114235676847,0.40897446379291214
1.0,1.0,2.0,1.0,0.6721633548361304,-0.8676200392040571,-0.9074192231539701,0.40903557216346226,0.1528514402675888
1.0,0.0,0.0,1.0,0.5050787076639097,0.25793889138229054,0.689885129362932,0.40903557216346226,0.5809694868902087
0.0,0.0,0.0,2.0,0.0038247661472472732,0.6908461723770396,1.453813297957972,-1.2118584192988318,0.30241232991741296
0.0,1.0,2.0,1.0,1.006332649180572,0.6042647161780897,-0.35183510053939543,1.2194825678946093,1.2409069124700545
1.0,2.0,1.0,1.0,0.3379940604916889,0.34452034758124034,0.9676771906702193,0.40903557216346226,0.4669293085322185
2.0,1.0,0.0,1.0,-0.4974291753694151,0.43110180378019014,1.3149172673043283,2.029929563625756,-0.28648367307876693
2.0,1.0,2.0,1.0,0.0038247661472472732,1.0371719971728388,0.34264505272882284,-1.2118584192988318,0.45197321956723646
1.0,2.0,2.0,0.0,0.0038247661472472732,-1.3005273201988061,1.5232613132847939,-1.2118584192988318,-0.5575627855690717
1.0,0.0,2.0,1.0,0.8392480020083513,1.2969163657696883,0.06485299142153556,-0.4014114235676847,1.4521616691004298
1.0,1.0,0.0,1.0,-1.3328524112305191,-0.6944571268061575,1.037125205997041,-1.2118584192988318,-1.3726696341606088
0.0,1.0,1.0,2.0,0.0038247661472472732,1.1237534533717888,1.3843652826311503,-0.4014114235676847,0.48936344197969217
0.0,0.0,2.0,1.0,-0.16325988102497352,-1.0407829516019567,1.5232613132847939,-1.2118584192988318,-0.5725188745340537
1.0,2.0,1.0,1.0,0.5050787076639097,0.25793889138229054,-0.0740430392321081,1.2194825678946093,0.5809694868902087
1.0,1.0,2.0,1.0,-0.6645138225416359,0.6908461723770396,-1.67134739174901,-1.2118584192988318,-0.3556555845418101
2.0,1.0,1.0,2.0,0.0038247661472472732,0.8640090847749392,0.2037490220751792,-1.2118584192988318,0.3771927747423244
1.0,0.0,1.0,1.0,-0.6645138225416359,-0.17496838961245856,-1.740795407075832,0.40903557216346226,-0.6547773638414568
2.0,1.0,1.0,2.0,-0.16325988102497352,1.3834978219686382,1.3843652826311503,1.2194825678946093,0.4220610416372711
1.0,2.0,2.0,1.0,-1.1657677640582984,1.0371719971728388,0.13430100674835738,0.40903557216346226,-0.7519919421138419
1.0,1.0,0.0,2.0,0.17090941331946807,-0.7810385830051073,0.7593331446897538,0.40903557216346226,-0.20048616153011833
2.0,1.0,1.0,1.0,-0.4974291753694151,0.9505905409738891,-0.6296271618466828,-0.4014114235676847,-0.0957935387752419
1.0,2.0,1.0,2.0,-0.16325988102497352,-1.3005273201988061,-1.3935553304417228,-0.4014114235676847,-0.6790810084095532
1.0,1.0,2.0,2.0,-0.9986831168860775,-0.6078756706072076,-1.1852112844612572,0.40903557216346226,-1.0772868771022082
2.0,1.0,2.0,1.0,-1.3328524112305191,-0.8676200392040571,0.41209306805564466,-1.2118584192988318,-1.4175379010555562
2.0,1.0,2.0,2.0,0.17090941331946807,0.25793889138229054,-0.9768672384807918,0.40903557216346226,0.27063064086682515
2.0,2.0,1.0,1.0,0.17090941331946807,1.3834978219686382,-0.2823870852125736,1.2194825678946093,0.7810071767968475
1.0,1.0,1.0,1.0,0.6721633548361304,0.08477597898439089,0.13430100674835738,-1.2118584192988318,0.6464023761120067
1.0,1.0,1.0,1.0,0.6721633548361304,0.43110180378019014,1.3843652826311503,0.40903557216346226,0.8258754436917942
1.0,1.0,2.0,1.0,0.8392480020083513,-1.1273644078009066,0.48154108338246654,-0.4014114235676847,0.14350388466447536
1.0,2.0,1.0,1.0,0.8392480020083513,0.6042647161780897,1.037125205997041,-0.4014114235676847,1.0782594449758713
0.0,1.0,1.0,1.0,-0.4974291753694151,-0.3481313020103582,0.273197037402001,-0.4014114235676847,-0.572518874534054
0.0,1.0,0.0,2.0,0.8392480020083513,0.6042647161780897,-0.0740430392321081,-1.2118584192988318,1.0782594449758713
1.0,1.0,2.0,1.0,-1.1657677640582984,1.1237534533717888,-0.004595023905286278,-0.4014114235676847,-0.7276882975457457
1.0,1.0,1.0,2.0,-0.6645138225416359,0.6908461723770396,-1.6018993764221883,0.40903557216346226,-0.3556555845418101
1.0,1.0,0.0,1.0,0.8392480020083513,-0.6078756706072076,-0.14349105455892994,-0.4014114235676847,0.42393055275789415
1.0,1.0,1.0,1.0,1.173417296352793,-0.6944571268061575,-0.8379712078271482,-0.4014114235676847,0.646402376112006
0.0,0.0,1.0,0.0,-1.1657677640582984,-0.2615498458114084,0.06485299142153556,-0.4014114235676847,-1.1165466106352866
1.0,1.0,2.0,0.0,-0.4974291753694151,0.34452034758124034,-1.0463152538076137,-1.2118584192988318,-0.3182653621293544
1.0,2.0,0.0,2.0,0.17090941331946807,-1.7334346011935553,0.2037490220751792,0.40903557216346226,-0.6323432303939834
1.0,1.0,0.0,0.0,0.17090941331946807,-0.08838693341350874,-0.14349105455892994,-0.4014114235676847,0.11359170673451066
2.0,2.0,1.0,1.0,1.3405019435250136,-0.2615498458114084,0.689885129362932,-1.2118584192988318,1.0427387336840388
1.0,1.0,1.0,2.0,-1.8341063527471815,-0.3481313020103582,-0.2823870852125736,-0.4014114235676847,-1.7091816358727117
0.0,1.0,1.0,1.0,0.0038247661472472732,0.51768325997914,-1.0463152538076137,-0.4014114235676847,0.22763188509250087
2.0,1.0,1.0,1.0,1.6746712378694553,0.6908461723770396,-0.9074192231539701,2.029929563625756,1.9475821160654694
2.0,1.0,1.0,1.0,-0.16325988102497352,-1.387108776397756,0.41209306805564466,-0.4014114235676847,-0.7146017197013862
1.0,1.0,2.0,1.0,0.3379940604916889,0.7774276285759895,1.5232613132847939,0.40903557216346226,0.6725755318007258
0.0,1.0,1.0,2.0,0.8392480020083513,0.6908461723770396,1.3843652826311503,-0.4014114235676847,1.1249972229914411
1.0,1.0,2.0,1.0,0.0038247661472472732,-0.6078756706072076,-1.0463152538076137,-0.4014114235676847,-0.258441006269425
1.0,1.0,0.0,1.0,-2.168275647091623,0.51768325997914,0.8982291753433975,0.40903557216346226,-1.8624815477637806
1.0,1.0,2.0,1.0,-1.1657677640582984,-1.387108776397756,-0.21293906988575176,0.40903557216346226,-1.4324939900205382
1.0,0.0,0.0,2.0,-0.4974291753694151,1.0371719971728388,-0.004595023905286278,0.40903557216346226,-0.06401184972465444
1.0,2.0,1.0,1.0,0.0038247661472472732,-1.5602716887956556,0.689885129362932,0.40903557216346226,-0.6697334528064391
0.0,1.0,1.0,1.0,-0.6645138225416359,1.2103349095707385,1.2454692519775066,-0.4014114235676847,-0.17618251696202222
1.0,2.0,1.0,1.0,0.6721633548361304,-0.6944571268061575,1.3843652826311503,1.2194825678946093,0.24258797405748356
1.0,0.0,2.0,0.0,-0.33034452819719434,-0.434712758209308,1.3843652826311503,-0.4014114235676847,-0.464087229537932
1.0,1.0,0.0,0.0,0.5050787076639097,-0.2615498458114084,-0.14349105455892994,-0.4014114235676847,0.32297695224426354
1.0,1.0,1.0,1.0,-1.8341063527471815,-0.3481313020103582,0.273197037402001,-0.4014114235676847,-1.7091816358727117
1.0,1.0,1.0,2.0,-1.8341063527471815,0.6042647161780897,-1.324107315114901,-0.4014114235676847,-1.5241000349310552
1.0,1.0,1.0,2.0,-0.16325988102497352,0.7774276285759895,-1.3935553304417228,-1.2118584192988318,0.17341606259444006
0.0,2.0,2.0,1.0,-2.5024449414360648,-1.5602716887956556,-0.2823870852125736,-0.4014114235676847,-2.408378794985636
2.0,1.0,1.0,1.0,0.17090941331946807,1.6432421905654877,0.689885129362932,2.029929563625756,0.8987863773960831
0.0,1.0,2.0,1.0,0.5050787076639097,1.2103349095707385,0.06485299142153556,1.2194825678946093,1.0539558004077747
0.0,1.0,1.0,1.0,-0.16325988102497352,-0.17496838961245856,-1.3935553304417228,-1.2118584192988318,-0.21731176161572344
1.0,0.0,1.0,1.0,-1.3328524112305191,-1.6468531449946056,1.1760212366506848,0.40903557216346226,-1.6194451020828176
1.0,1.0,1.0,1.0,-0.4974291753694151,-1.3005273201988061,-0.9768672384807918,2.840376559356903,-0.9221174540905159
1.0,2.0,1.0,2.0,0.5050787076639097,-1.3005273201988061,-0.0740430392321081,0.40903557216346226,-0.193008117047627
2.0,1.0,1.0,1.0,-0.9986831168860775,1.5566607343665377,0.48154108338246654,-0.4014114235676847,-0.42295798488423086
2.0,2.0,0.0,1.0,-0.9986831168860775,0.1713574351833407,1.106573221323863,-0.4014114235676847,-0.8417284759037363
1.0,1.0,2.0,1.0,-0.4974291753694151,1.3834978219686382,0.8287811600165756,-1.2118584192988318,0.06311490647769535
1.0,0.0,2.0,1.0,1.006332649180572,0.8640090847749392,0.41209306805564466,-0.4014114235676847,1.3867287798786325
1.0,1.0,2.0,2.0,0.3379940604916889,-0.8676200392040571,-1.5324513610953665,1.2194825678946093,-0.10888011661960183
0.0,2.0,1.0,0.0,0.3379940604916889,-1.5602716887956556,-0.42128311586621725,-0.4014114235676847,-0.4379140738492129
1.0,1.0,2.0,1.0,2.3430098265583386,-0.17496838961245856,-0.49073113119303907,-0.4014114235676847,1.9700162495129432
0.0,1.0,1.0,1.0,-1.6670217055749608,1.5566607343665377,1.5927093286116158,-1.2118584192988318,-1.155806344168365
1.0,0.0,1.0,1.0,-0.6645138225416359,-0.3481313020103582,0.8287811600165756,1.2194825678946093,-0.7146017197013862
1.0,0.0,2.0,1.0,-0.8315984697138568,-0.0018054772145589292,1.037125205997041,2.029929563625756,-0.7445138976313509
1.0,1.0,2.0,1.0,0.5050787076639097,1.3834978219686382,-0.35183510053939543,-0.4014114235676847,1.1399533119564231
2.0,1.0,1.0,2.0,-0.8315984697138568,-1.6468531449946056,1.2454692519775066,-1.2118584192988318,-1.2773245670088464
1.0,1.0,1.0,1.0,0.8392480020083513,1.1237534533717888,-0.9074192231539701,-1.2118584192988318,1.3586861130692902
1.0,1.0,1.0,1.0,0.3379940604916889,-0.8676200392040571,1.106573221323863,0.40903557216346226,-0.10888011661960183
1.0,0.0,2.0,1.0,1.006332649180572,0.6908461723770396,0.41209306805564466,-0.4014114235676847,1.2895142016062466
0.0,2.0,0.0,2.0,1.006332649180572,-1.6468531449946056,1.3843652826311503,-1.2118584192988318,-0.022882605070953233
1.0,1.0,1.0,2.0,0.0038247661472472732,0.7774276285759895,-1.67134739174901,1.2194825678946093,0.33980255232986867
1.0,0.0,2.0,1.0,-0.33034452819719434,-1.387108776397756,1.5232613132847939,0.40903557216346226,-0.834250431421245
2.0,1.0,0.0,2.0,0.17090941331946807,-0.8676200392040571,0.48154108338246654,-1.2118584192988318,-0.23974589506319713
1.0,1.0,0.0,2.0,0.17090941331946807,-0.2615498458114084,-1.1852112844612572,-1.2118584192988318,0.035072239668353745
1.0,1.0,1.0,2.0,-1.1657677640582984,-0.8676200392040571,-1.324107315114901,0.40903557216346226,-1.2866721226119606
2.0,2.0,1.0,1.0,1.173417296352793,0.8640090847749392,1.453813297957972,-1.2118584192988318,1.5549847807346835
2.0,0.0,2.0,1.0,-1.1657677640582984,1.2103349095707385,-0.6990751771735045,0.40903557216346226,-0.7033846529776496
0.0,1.0,2.0,2.0,0.6721633548361304,0.8640090847749392,1.2454692519775066,-0.4014114235676847,1.0502167781665297
2.0,1.0,2.0,1.0,-0.4974291753694151,0.1713574351833407,0.48154108338246654,-0.4014114235676847,-0.3818287402305293
1.0,0.0,1.0,1.0,-0.4974291753694151,0.25793889138229054,-0.7685231925003264,-0.4014114235676847,-0.35004705117994184
1.0,1.0,0.0,2.0,0.3379940604916889,0.9505905409738891,0.06485299142153556,-0.4014114235676847,0.7548340211081283
1.0,2.0,2.0,1.0,0.8392480020083513,-0.3481313020103582,-1.1157632691344355,2.029929563625756,0.5641438868046036
1.0,1.0,2.0,2.0,-0.16325988102497352,-0.5212942144082578,-0.49073113119303907,0.40903557216346226,-0.3593946067830556
0.0,1.0,2.0,2.0,0.6721633548361304,-0.9542014954030069,-1.3935553304417228,1.2194825678946093,0.10798317337264207
0.0,0.0,1.0,1.0,0.17090941331946807,-0.08838693341350874,0.8982291753433975,-1.2118584192988318,0.11359170673451066
2.0,1.0,2.0,1.0,0.6721633548361304,-0.8676200392040571,-1.6018993764221883,-0.4014114235676847,0.1528514402675888
1.0,2.0,1.0,1.0,-0.8315984697138568,0.51768325997914,0.13430100674835738,-1.2118584192988318,-0.5762578967752995
0.0,0.0,0.0,1.0,0.0038247661472472732,0.1713574351833407,-1.6018993764221883,-1.2118584192988318,0.07807099544267737
0.0,1.0,1.0,2.0,-0.4974291753694151,0.08477597898439089,1.7316053592652594,0.40903557216346226,-0.4136104292811164
1.0,1.0,1.0,1.0,0.6721633548361304,-0.3481313020103582,0.13430100674835738,1.2194825678946093,0.42206104163727176
1.0,2.0,1.0,2.0,0.0038247661472472732,-1.6468531449946056,0.34264505272882284,-0.4014114235676847,-0.7071236752188952
1.0,2.0,0.0,1.0,0.17090941331946807,0.6908461723770396,0.7593331446897538,-0.4014114235676847,0.4669293085322185
1.0,1.0,1.0,1.0,0.3379940604916889,1.0371719971728388,1.3149172673043283,-0.4014114235676847,0.7959632657618302
2.0,0.0,1.0,1.0,-1.3328524112305191,-0.6944571268061575,-1.0463152538076137,-1.2118584192988318,-1.3726696341606088
1.0,2.0,1.0,2.0,-0.9986831168860775,0.51768325997914,-1.2546592997880792,1.2194825678946093,-0.7370358531488599
0.0,1.0,2.0,1.0,-0.33034452819719434,-1.7334346011935553,1.106573221323863,0.40903557216346226,-0.9688552321060862
2.0,1.0,2.0,2.0,0.17090941331946807,1.1237534533717888,-0.5601791465198609,-0.4014114235676847,0.6632279761976118
0.0,2.0,1.0,1.0,0.17090941331946807,-0.5212942144082578,1.3843652826311503,-0.4014114235676847,-0.08270696093088263
1.0,1.0,2.0,1.0,1.5075865906972346,1.470079278167588,1.1760212366506848,0.40903557216346226,2.2710075399332124
0.0,2.0,1.0,1.0,-0.6645138225416359,-1.6468531449946056,-1.5324513610953665,-1.2118584192988318,-1.1632843886508564
1.0,1.0,2.0,2.0,0.3379940604916889,0.9505905409738891,-0.9768672384807918,1.2194825678946093,0.7548340211081283
2.0,1.0,1.0,1.0,2.0088405322138967,1.2969163657696883,-0.6296271618466828,2.840376559356903,2.6953865643145862
0.0,1.0,1.0,1.0,-0.16325988102497352,-0.434712758209308,0.8982291753433975,-0.4014114235676847,-0.32387389549122264
1.0,2.0,1.0,1.0,-0.9986831168860775,-0.3481313020103582,-0.2823870852125736,-0.4014114235676847,-0.9987674100360505
1.0,1.0,2.0,1.0,0.8392480020083513,0.7774276285759895,-1.1157632691344355,-0.4014114235676847,1.171735001007011
1.0,0.0,1.0,0.0,0.6721633548361304,-1.0407829516019567,0.34264505272882284,-0.4014114235676847,0.06311490647769535
0.0,1.0,0.0,0.0,-0.6645138225416359,-1.7334346011935553,0.8287811600165756,-1.2118584192988318,-1.193196566580821
1.0,1.0,1.0,1.0,-1.6670217055749608,1.3834978219686382,1.6621573439384376,-0.4014114235676847,-1.193196566580821
2.0,2.0,0.0,1.0,-2.836614235780506,1.0371719971728388,1.3843652826311503,1.2194825678946093,-2.4719421730868105
0.0,1.0,1.0,2.0,0.5050787076639097,0.9505905409738891,-1.2546592997880792,0.40903557216346226,0.9249595330848024
0.0,2.0,2.0,2.0,-1.3328524112305191,0.43110180378019014,-1.1852112844612572,-0.4014114235676847,-1.0810258993434536
1.0,0.0,1.0,1.0,1.5075865906972346,1.0371719971728388,1.106573221323863,0.40903557216346226,1.9999284274429079
0.0,1.0,1.0,2.0,-0.16325988102497352,0.51768325997914,1.2454692519775066,-0.4014114235676847,0.06685392871894086
1.0,0.0,2.0,1.0,-0.4974291753694151,1.2969163657696883,0.13430100674835738,0.40903557216346226,0.031333217427107575
0.0,2.0,1.0,1.0,0.0038247661472472732,-0.434712758209308,-0.5601791465198609,-0.4014114235676847,-0.18366056144451323
2.0,2.0,1.0,1.0,0.3379940604916889,-1.4736902325967058,1.2454692519775066,-1.2118584192988318,-0.39678482919551167
0.0,1.0,2.0,1.0,2.5100944737305593,-1.6468531449946056,-0.9768672384807918,0.40903557216346226,1.0034790001509593
0.0,1.0,0.0,1.0,-2.836614235780506,-1.7334346011935553,0.2037490220751792,-0.4014114235676847,-2.6514152406665987
1.0,2.0,1.0,2.0,-0.8315984697138568,0.6908461723770396,-1.3935553304417228,-0.4014114235676847,-0.520172563156616
1.0,1.0,0.0,2.0,0.0038247661472472732,1.0371719971728388,-1.5324513610953665,0.40903557216346226,0.45197321956723646
0.0,0.0,1.0,0.0,0.3379940604916889,0.51768325997914,0.48154108338246654,-0.4014114235676847,0.5491877978396209
0.0,0.0,1.0,2.0,0.5050787076639097,1.3834978219686382,0.34264505272882284,1.2194825678946093,1.1399533119564231
2.0,2.0,0.0,1.0,-1.6670217055749608,1.2969163657696883,-0.0740430392321081,0.40903557216346226,-1.2118916777870488
0.0,1.0,2.0,2.0,-0.4974291753694151,0.6042647161780897,-0.0740430392321081,-0.4014114235676847,-0.22292029497759203
0.0,1.0,1.0,1.0,-1.3328524112305191,-1.387108776397756,-1.67134739174901,0.40903557216346226,-1.552142701740397
2.0,1.0,2.0,1.0,0.17090941331946807,0.1713574351833407,1.3843652826311503,-0.4014114235676847,0.23137090733374638
1.0,2.0,1.0,1.0,-0.9986831168860775,-0.8676200392040571,-1.4630033457685447,1.2194825678946093,-1.1558063441683653
0.0,1.0,1.0,1.0,0.0038247661472472732,-0.17496838961245856,-0.14349105455892994,-0.4014114235676847,-0.07148989420714545
1.0,2.0,1.0,1.0,-0.4974291753694151,-0.17496838961245856,-0.6296271618466828,0.40903557216346226,-0.5089554964328791
2.0,0.0,0.0,1.0,0.5050787076639097,1.6432421905654877,-0.49073113119303907,-0.4014114235676847,1.2689495792793961
2.0,2.0,0.0,1.0,-2.001190999919402,1.2103349095707385,0.9676771906702193,-1.2118584192988318,-1.5820548796703617
1.0,1.0,2.0,1.0,0.17090941331946807,1.3834978219686382,1.7316053592652594,-0.4014114235676847,0.7810071767968475
1.0,2.0,1.0,1.0,0.17090941331946807,0.08477597898439089,1.3149172673043283,1.2194825678946093,0.19211117380066825
1.0,1.0,1.0,1.0,-0.6645138225416359,0.9505905409738891,-0.2823870852125736,0.40903557216346226,-0.265919050751916
2.0,0.0,1.0,1.0,1.6746712378694553,1.5566607343665377,-1.67134739174901,-1.2118584192988318,2.508435452252307
0.0,1.0,1.0,1.0,-1.4999370584027398,-1.1273644078009066,-1.4630033457685447,-1.2118584192988318,-1.6100975464797038
1.0,2.0,2.0,1.0,-0.9986831168860775,-1.4736902325967058,-0.0740430392321081,-0.4014114235676847,-1.3390184339893987
0.0,1.0,1.0,1.0,1.173417296352793,-0.6078756706072076,1.6621573439384376,-0.4014114235676847,0.696879176368822
0.0,2.0,1.0,2.0,0.3379940604916889,1.1237534533717888,-0.0740430392321081,0.40903557216346226,0.8370925104155313
1.0,1.0,1.0,0.0,1.6746712378694553,-1.387108776397756,-0.42128311586621725,1.2194825678946093,0.6015341092170593
1.0,2.0,2.0,2.0,-0.9986831168860775,0.7774276285759895,-0.14349105455892994,0.40903557216346226,-0.6585163860827022
1.0,0.0,0.0,1.0,-0.9986831168860775,0.51768325997914,0.13430100674835738,1.2194825678946093,-0.7370358531488599
2.0,1.0,1.0,0.0,0.5050787076639097,1.3834978219686382,1.6621573439384376,1.2194825678946093,1.1399533119564231
2.0,1.0,1.0,2.0,-0.6645138225416359,1.3834978219686382,0.13430100674835738,-0.4014114235676847,-0.11635816110209284
1.0,1.0,2.0,1.0,0.0038247661472472732,-1.6468531449946056,0.9676771906702193,-0.4014114235676847,-0.7071236752188952
0.0,2.0,2.0,1.0,0.0038247661472472732,0.7774276285759895,-1.6018993764221883,0.40903557216346226,0.33980255232986867
0.0,2.0,1.0,0.0,-1.3328524112305191,-1.4736902325967058,-0.35183510053939543,-0.4014114235676847,-1.5745768351878704
0.0,1.0,2.0,1.0,0.17090941331946807,0.9505905409738891,-0.0740430392321081,-1.2118584192988318,0.5847085091314542
0.0,1.0,2.0,2.0,1.173417296352793,-0.2615498458114084,1.453813297957972,-1.2118584192988318,0.8987863773960831
2.0,0.0,2.0,2.0,-0.16325988102497352,-1.0407829516019567,-0.21293906988575176,0.40903557216346226,-0.5725188745340537
2.0,1.0,1.0,2.0,2.3430098265583386,-1.387108776397756,-0.2823870852125736,-1.2118584192988318,1.0801289560964944
1.0,1.0,1.0,2.0,1.5075865906972346,-0.2615498458114084,0.6204371140361101,-1.2118584192988318,1.1866910899719936
0.0,2.0,0.0,2.0,-0.33034452819719434,-1.6468531449946056,-0.2823870852125736,1.2194825678946093,-0.9352040319348756
2.0,2.0,1.0,1.0,0.5050787076639097,1.0371719971728388,1.2454692519775066,-1.2118584192988318,0.9679582888591267
1.0,1.0,2.0,1.0,0.8392480020083513,1.3834978219686382,0.8982291753433975,-1.2118584192988318,1.4988994471159995
1.0,1.0,1.0,1.0,-0.9986831168860775,1.2969163657696883,-1.67134739174901,2.840376559356903,-0.5014774519503881
1.0,1.0,2.0,2.0,-1.4999370584027398,0.51768325997914,0.6204371140361101,-1.2118584192988318,-1.21936972226954
1.0,0.0,0.0,1.0,0.0038247661472472732,0.6042647161780897,-1.324107315114901,-0.4014114235676847,0.2650221075049566
2.0,0.0,1.0,2.0,0.0038247661472472732,1.470079278167588,0.5509890987092884,1.2194825678946093,0.638924331629515
2.0,1.0,1.0,1.0,-0.9986831168860775,1.6432421905654877,0.9676771906702193,-1.2118584192988318,-0.39678482919551167
2.0,2.0,1.0,0.0,0.0038247661472472732,1.3834978219686382,-0.6990751771735045,-1.2118584192988318,0.6015341092170593
0.0,1.0,1.0,1.0,-0.8315984697138568,0.25793889138229054,-1.2546592997880792,-1.2118584192988318,-0.6603858972033253
1.0,2.0,0.0,1.0,0.5050787076639097,1.7298236467644375,-1.1157632691344355,0.40903557216346226,1.3119483350537204
0.0,1.0,1.0,0.0,-1.6670217055749608,-1.7334346011935553,-0.21293906988575176,1.2194825678946093,-1.866220570005026
1.0,1.0,1.0,1.0,1.173417296352793,0.8640090847749392,0.48154108338246654,-1.2118584192988318,1.5549847807346835
1.0,2.0,1.0,1.0,-0.4974291753694151,0.08477597898439089,-1.4630033457685447,2.029929563625756,-0.4136104292811164
0.0,1.0,0.0,2.0,0.17090941331946807,-1.3005273201988061,1.106573221323863,0.40903557216346226,-0.4360445627285901
1.0,2.0,0.0,2.0,-0.16325988102497352,1.470079278167588,-0.7685231925003264,0.40903557216346226,0.45758175292910436
0.0,1.0,2.0,2.0,0.6721633548361304,-0.8676200392040571,-0.0740430392321081,0.40903557216346226,0.1528514402675888
0.0,1.0,0.0,1.0,-1.1657677640582984,1.7298236467644375,-0.14349105455892994,-0.4014114235676847,-0.5575627855690717
0.0,0.0,1.0,1.0,1.3405019435250136,-0.0018054772145589292,-0.6990751771735045,0.40903557216346226,1.1997776678163532
2.0,0.0,1.0,2.0,-0.33034452819719434,-1.0407829516019567,1.106573221323863,-0.4014114235676847,-0.6996456307364038
1.0,2.0,1.0,0.0,0.5050787076639097,0.8640090847749392,-0.9074192231539701,1.2194825678946093,0.8819607773104781
0.0,1.0,1.0,1.0,-0.16325988102497352,-0.8676200392040571,1.037125205997041,0.40903557216346226,-0.5014774519503881
0.0,1.0,2.0,1.0,-0.4974291753694151,-0.3481313020103582,-0.35183510053939543,0.40903557216346226,-0.572518874534054
1.0,1.0,1.0,1.0,-0.6645138225416359,0.8640090847749392,1.7316053592652594,-0.4014114235676847,-0.2958312286818807
1.0,1.0,2.0,1.0,-0.16325988102497352,-1.387108776397756,-0.2823870852125736,-0.4014114235676847,-0.7146017197013862
2.0,1.0,2.0,1.0,1.173417296352793,-0.5212942144082578,-1.67134739174901,0.40903557216346226,0.7473559766256372
1.0,2.0,0.0,0.0,1.173417296352793,-0.17496838961245856,0.13430100674835738,-1.2118584192988318,0.9492631776528991
0.0,1.0,1.0,1.0,-1.6670217055749608,-0.434712758209308,0.8287811600165756,0.40903557216346226,-1.5857939019116072
1.0,2.0,0.0,1.0,-0.16325988102497352,0.9505905409738891,-1.6018993764221883,0.40903557216346226,0.24445748517810598
2.0,1.0,2.0,1.0,0.5050787076639097,-1.2139458639998564,0.48154108338246654,-0.4014114235676847,-0.1500093612733027
1.0,1.0,1.0,1.0,-0.9986831168860775,0.08477597898439089,-0.7685231925003264,0.40903557216346226,-0.8679016315924551
0.0,1.0,1.0,1.0,-0.8315984697138568,-1.2139458639998564,1.037125205997041,0.40903557216346226,-1.1371112329621371
0.0,1.0,1.0,1.0,2.175925179386118,-0.3481313020103582,1.1760212366506848,-0.4014114235676847,1.7008066481432615
1.0,0.0,2.0,2.0,0.0038247661472472732,0.25793889138229054,-1.1852112844612572,-1.2118584192988318,0.11546121785513308
1.0,1.0,0.0,2.0,-1.6670217055749608,0.1713574351833407,-0.35183510053939543,1.2194825678946093,-1.454928123468012
0.0,1.0,2.0,1.0,0.6721633548361304,0.9505905409738891,-0.9074192231539701,1.2194825678946093,1.0950850450614764
0.0,2.0,1.0,2.0,0.8392480020083513,-0.08838693341350874,0.13430100674835738,0.40903557216346226,0.704357220851313
0.0,1.0,1.0,0.0,-1.8341063527471815,-0.8676200392040571,0.2037490220751792,-0.4014114235676847,-1.8101352363863425
0.0,1.0,2.0,1.0,-0.9986831168860775,0.25793889138229054,0.8982291753433975,-1.2118584192988318,-0.8155553202150171
2.0,1.0,1.0,0.0,0.0038247661472472732,-1.5602716887956556,1.5927093286116158,-0.4014114235676847,-0.6697334528064391
0.0,0.0,1.0,1.0,1.3405019435250136,-1.7334346011935553,-0.35183510053939543,-1.2118584192988318,0.15285144026758946
0.0,2.0,0.0,2.0,1.5075865906972346,-0.2615498458114084,0.8982291753433975,-1.2118584192988318,1.1866910899719936
2.0,1.0,1.0,1.0,1.5075865906972346,-0.17496838961245856,1.6621573439384376,-1.2118584192988318,1.2409069124700545
1.0,2.0,1.0,2.0,-0.16325988102497352,-0.6944571268061575,0.06485299142153556,-0.4014114235676847,-0.4304360293667219
0.0,1.0,0.0,0.0,-0.33034452819719434,-0.7810385830051073,0.689885129362932,-0.4014114235676847,-0.5986920302227732
2.0,0.0,2.0,1.0,0.17090941331946807,-1.2139458639998564,-0.49073113119303907,0.40903557216346226,-0.39678482919551133
1.0,2.0,1.0,1.0,0.6721633548361304,1.6432421905654877,-0.42128311586621725,-1.2118584192988318,1.4540311802210522
1.0,1.0,1.0,1.0,-0.33034452819719434,0.7774276285759895,-0.6296271618466828,0.40903557216346226,0.007029572859011466
1.0,1.0,2.0,1.0,-0.33034452819719434,1.2103349095707385,0.48154108338246654,1.2194825678946093,0.17528557371506248
1.0,0.0,1.0,1.0,-0.8315984697138568,-0.9542014954030069,-1.6018993764221883,-1.2118584192988318,-1.0529832325341115
1.0,1.0,0.0,1.0,-0.4974291753694151,-1.7334346011935553,-0.6296271618466828,-1.2118584192988318,-1.0810258993434536
0.0,1.0,1.0,0.0,0.0038247661472472732,0.6908461723770396,-1.4630033457685447,-1.2118584192988318,0.30241232991741296
0.0,2.0,1.0,2.0,1.5075865906972346,1.0371719971728388,1.106573221323863,-0.4014114235676847,1.9999284274429079
0.0,1.0,2.0,2.0,-0.4974291753694151,1.470079278167588,0.8287811600165756,0.40903557216346226,0.09489659552828247
1.0,2.0,1.0,1.0,-0.16325988102497352,1.6432421905654877,-0.42128311586621725,-0.4014114235676847,0.5286231755127703
1.0,2.0,2.0,2.0,-2.001190999919402,0.34452034758124034,0.34264505272882284,-0.4014114235676847,-1.731615769320185
1.0,1.0,1.0,2.0,0.0038247661472472732,1.2969163657696883,0.06485299142153556,-1.2118584192988318,0.5641438868046036
2.0,1.0,1.0,1.0,0.3379940604916889,-1.387108776397756,0.13430100674835738,2.840376559356903,-0.3556555845418101
0.0,1.0,2.0,2.0,0.3379940604916889,-0.8676200392040571,0.6204371140361101,1.2194825678946093,-0.10888011661960183
1.0,1.0,2.0,1.0,0.3379940604916889,-0.5212942144082578,-1.67134739174901,-0.4014114235676847,0.05563686199520435
2.0,1.0,2.0,0.0,3.1784330624194426,-0.434712758209308,0.48154108338246654,-0.4014114235676847,2.4803927854429655
0.0,1.0,1.0,0.0,-0.8315984697138568,-1.1273644078009066,1.3149172673043283,-1.2118584192988318,-1.1090685661527953
1.0,0.0,2.0,1.0,0.6721633548361304,-0.7810385830051073,1.106573221323863,1.2194825678946093,0.19771970716253617
2.0,1.0,2.0,1.0,-0.16325988102497352,0.6908461723770396,1.3149172673043283,-0.4014114235676847,0.13789535130260677
0.0,1.0,2.0,1.0,-0.6645138225416359,0.34452034758124034,-1.67134739174901,-1.2118584192988318,-0.47530429626166887
2.0,2.0,2.0,2.0,0.0038247661472472732,-0.6078756706072076,-0.35183510053939543,-0.4014114235676847,-0.258441006269425
0.0,0.0,0.0,1.0,0.0038247661472472732,1.2103349095707385,1.5232613132847939,0.40903557216346226,0.5267536643921472
1.0,0.0,0.0,0.0,-0.16325988102497352,-0.0018054772145589292,0.48154108338246654,2.840376559356903,-0.1462703390320572
2.0,2.0,1.0,2.0,1.173417296352793,1.0371719971728388,-0.9074192231539701,-1.2118584192988318,1.6559383812483142
0.0,0.0,0.0,0.0,0.5050787076639097,-0.5212942144082578,-0.9768672384807918,-1.2118584192988318,0.19398068492129067
0.0,2.0,0.0,0.0,0.3379940604916889,1.0371719971728388,1.3843652826311503,-1.2118584192988318,0.7959632657618302
1.0,2.0,2.0,2.0,0.3379940604916889,0.1713574351833407,0.5509890987092884,-0.4014114235676847,0.3846708192248154
1.0,1.0,0.0,1.0,-1.3328524112305191,1.470079278167588,0.5509890987092884,-1.2118584192988318,-0.8118162979737713
0.0,1.0,0.0,2.0,0.0038247661472472732,0.43110180378019014,0.41209306805564466,-0.4014114235676847,0.19024166268004516
1.0,1.0,1.0,1.0,0.6721633548361304,-1.4736902325967058,1.037125205997041,0.40903557216346226,-0.16122642799703954
2.0,1.0,2.0,1.0,0.8392480020083513,-1.2139458639998564,-0.2823870852125736,-1.2118584192988318,0.09676610664890556
0.0,1.0,2.0,2.0,-0.6645138225416359,-0.7810385830051073,-1.6018993764221883,-1.2118584192988318,-0.8641626093512097
1.0,1.0,0.0,1.0,1.173417296352793,-0.7810385830051073,-0.42128311586621725,-0.4014114235676847,0.5959255758551907
1.0,2.0,1.0,1.0,3.011348415247222,-0.0018054772145589292,0.2037490220751792,-0.4014114235676847,2.695386564314587
1.0,0.0,1.0,0.0,-0.6645138225416359,0.6908461723770396,-1.3935553304417228,1.2194825678946093,-0.3556555845418101
0.0,2.0,1.0,2.0,1.006332649180572,1.1237534533717888,0.689885129362932,-0.4014114235676847,1.5325506472872097
2.0,1.0,2.0,1.0,-1.3328524112305191,-1.0407829516019567,0.8982291753433975,1.2194825678946093,-1.462406167950503
2.0,1.0,1.0,1.0,-0.8315984697138568,0.7774276285759895,-1.3935553304417228,-0.4014114235676847,-0.492129896347274
1.0,0.0,1.0,1.0,1.006332649180572,-0.434712758209308,-1.324107315114901,-0.4014114235676847,0.6576194428357431
1.0,2.0,2.0,1.0,1.6746712378694553,1.1237534533717888,-1.5324513610953665,1.2194825678946093,2.228008784158889
1.0,1.0,1.0,2.0,-1.6670217055749608,-0.434712758209308,1.037125205997041,1.2194825678946093,-1.5857939019116072
2.0,1.0,1.0,1.0,1.006332649180572,-0.3481313020103582,-0.5601791465198609,-0.4014114235676847,0.7062267319719361
2.0,1.0,2.0,0.0,0.5050787076639097,0.8640090847749392,0.06485299142153556,0.40903557216346226,0.8819607773104781
0.0,1.0,2.0,1.0,0.3379940604916889,-1.387108776397756,-1.6018993764221883,0.40903557216346226,-0.3556555845418101
0.0,0.0,0.0,1.0,-0.33034452819719434,-0.6944571268061575,-0.9768672384807918,-0.4014114235676847,-0.565040830051563
1.0,1.0,2.0,2.0,0.5050787076639097,-0.08838693341350874,0.13430100674835738,-0.4014114235676847,0.40897446379291214
0.0,1.0,1.0,1.0,0.5050787076639097,0.08477597898439089,0.8982291753433975,-0.4014114235676847,0.49497197534156073
1.0,0.0,1.0,1.0,0.17090941331946807,-0.8676200392040571,-0.9768672384807918,-0.4014114235676847,-0.23974589506319713
1.0,0.0,1.0,1.0,-0.33034452819719434,0.43110180378019014,0.9676771906702193,-0.4014114235676847,-0.12757522782582967
0.0,1.0,1.0,2.0,1.6746712378694553,0.43110180378019014,0.5509890987092884,0.40903557216346226,1.7793261152094184
1.0,1.0,1.0,1.0,-0.4974291753694151,-1.0407829516019567,-0.8379712078271482,-1.2118584192988318,-0.8267723869387537
1.0,1.0,1.0,1.0,0.6721633548361304,0.7774276285759895,0.8287811600165756,1.2194825678946093,1.0053485112715823
1.0,1.0,1.0,0.0,0.8392480020083513,-0.9542014954030069,-0.6296271618466828,-1.2118584192988318,0.23697944069561497
0.0,0.0,1.0,1.0,-0.8315984697138568,1.2103349095707385,1.3149172673043283,-0.4014114235676847,-0.3519165623005646
1.0,1.0,2.0,2.0,-1.1657677640582984,0.43110180378019014,0.8982291753433975,0.40903557216346226,-0.9221174540905163
1.0,2.0,2.0,2.0,-0.6645138225416359,-1.1273644078009066,-0.21293906988575176,-0.4014114235676847,-0.9838113210710682
2.0,2.0,0.0,1.0,0.17090941331946807,0.34452034758124034,-0.6296271618466828,0.40903557216346226,0.30989037439990397
0.0,2.0,1.0,2.0,-1.3328524112305191,0.08477597898439089,-1.5324513610953665,-0.4014114235676847,-1.1707624331333473
1.0,0.0,2.0,2.0,1.841755885041676,-1.1273644078009066,0.06485299142153556,0.40903557216346226,0.8950473551548377
2.0,1.0,1.0,2.0,-0.4974291753694151,0.08477597898439089,0.8287811600165756,-1.2118584192988318,-0.4136104292811164
1.0,1.0,1.0,1.0,-0.16325988102497352,1.3834978219686382,1.5232613132847939,1.2194825678946093,0.4220610416372711
0.0,1.0,1.0,1.0,0.17090941331946807,-0.8676200392040571,-0.0740430392321081,0.40903557216346226,-0.23974589506319713
0.0,1.0,0.0,1.0,0.5050787076639097,-1.4736902325967058,0.8287811600165756,-0.4014114235676847,-0.2790056285962756
2.0,0.0,1.0,1.0,1.6746712378694553,0.6908461723770396,1.037125205997041,2.029929563625756,1.9475821160654694
0.0,1.0,0.0,1.0,-1.6670217055749608,-0.3481313020103582,0.273197037402001,1.2194825678946093,-1.5670987907053795
1.0,1.0,1.0,2.0,-0.6645138225416359,-1.387108776397756,-0.6990751771735045,0.40903557216346226,-1.0735478548609623
2.0,1.0,2.0,1.0,0.0038247661472472732,-1.387108776397756,-1.5324513610953665,2.029929563625756,-0.5949530079815274
1.0,2.0,2.0,0.0,0.0038247661472472732,0.51768325997914,-0.14349105455892994,1.2194825678946093,0.22763188509250087
1.0,0.0,1.0,1.0,-0.33034452819719434,1.2103349095707385,-1.67134739174901,-0.4014114235676847,0.17528557371506248
1.0,2.0,1.0,1.0,-0.6645138225416359,-1.2139458639998564,0.6204371140361101,0.40903557216346226,-1.0137234990010329
1.0,0.0,0.0,0.0,-1.1657677640582984,-1.0407829516019567,-0.6296271618466828,-1.2118584192988318,-1.3352794117481532
1.0,1.0,1.0,1.0,-0.8315984697138568,-1.3005273201988061,-0.6990751771735045,-0.4014114235676847,-1.165153899771479
2.0,2.0,2.0,2.0,1.173417296352793,-1.387108776397756,-0.49073113119303907,-0.4014114235676847,0.24258797405748356
0.0,1.0,1.0,2.0,1.006332649180572,0.34452034758124034,-0.7685231925003264,0.40903557216346226,1.0950850450614764
1.0,1.0,1.0,2.0,0.0038247661472472732,1.6432421905654877,-0.004595023905286278,0.40903557216346226,0.7137047764544271
1.0,1.0,2.0,1.0,-1.4999370584027398,-0.17496838961245856,-1.67134739174901,0.40903557216346226,-1.3838867008843456
2.0,2.0,1.0,0.0,1.5075865906972346,1.6432421905654877,1.5927093286116158,2.840376559356903,2.3794391849293346
1.0,0.0,1.0,2.0,0.0038247661472472732,-0.7810385830051073,-0.35183510053939543,-1.2118584192988318,-0.33322145109433676
0.0,2.0,1.0,2.0,-1.4999370584027398,-1.387108776397756,0.2037490220751792,0.40903557216346226,-1.6717914134602556
0.0,2.0,2.0,1.0,0.8392480020083513,1.6432421905654877,0.7593331446897538,1.2194825678946093,1.639112781162709
1.0,1.0,1.0,1.0,-0.33034452819719434,-1.6468531449946056,1.453813297957972,-1.2118584192988318,-0.9352040319348756
1.0,0.0,2.0,1.0,0.8392480020083513,0.6042647161780897,0.9676771906702193,-0.4014114235676847,1.0782594449758713
1.0,2.0,1.0,1.0,-0.9986831168860775,-1.1273644078009066,0.7593331446897538,-1.2118584192988318,-1.2343258112345221
1.0,2.0,2.0,1.0,-0.16325988102497352,0.43110180378019014,1.1760212366506848,1.2194825678946093,0.031333217427107575
1.0,1.0,1.0,1.0,0.17090941331946807,1.2103349095707385,0.8982291753433975,-0.4014114235676847,0.7024877097306899
2.0,1.0,1.0,1.0,1.6746712378694553,0.9505905409738891,0.2037490220751792,1.2194825678946093,2.115838116921521
1.0,1.0,2.0,1.0,0.0038247661472472732,0.6042647161780897,-1.0463152538076137,-1.2118584192988318,0.2650221075049566
1.0,1.0,1.0,1.0,-1.1657677640582984,-0.8676200392040571,-1.5324513610953665,0.40903557216346226,-1.2866721226119606
1.0,1.0,2.0,2.0,-0.6645138225416359,-1.6468531449946056,0.2037490220751792,0.40903557216346226,-1.1632843886508564
1.0,2.0,2.0,1.0,-0.33034452819719434,-1.4736902325967058,0.48154108338246654,-0.4014114235676847,-0.8679016315924551
1.0,2.0,1.0,1.0,-2.168275647091623,-0.6078756706072076,-0.004595023905286278,1.2194825678946093,-2.032607059740455
1.0,2.0,1.0,0.0,-0.16325988102497352,-1.5602716887956556,1.3149172673043283,-1.2118584192988318,-0.7856431422850524
0.0,0.0,1.0,0.0,1.841755885041676,0.6908461723770396,1.6621573439384376,0.40903557216346226,2.112099094680276
1.0,2.0,1.0,1.0,-0.33034452819719434,1.0371719971728388,-0.35183510053939543,-0.4014114235676847,0.10798317337264274
2.0,1.0,0.0,2.0,1.5075865906972346,-0.0018054772145589292,0.689885129362932,-1.2118584192988318,1.3493385574661767
0.0,1.0,1.0,1.0,0.17090941331946807,0.6908461723770396,-1.1157632691344355,0.40903557216346226,0.4669293085322185
2.0,2.0,0.0,2.0,1.3405019435250136,0.7774276285759895,1.037125205997041,1.2194825678946093,1.6708944702132968
0.0,0.0,1.0,0.0,1.841755885041676,1.2103349095707385,1.1760212366506848,-0.4014114235676847,2.4598281631161143
2.0,2.0,0.0,1.0,1.3405019435250136,-0.8676200392040571,0.8287811600165756,1.2194825678946093,0.6763145540419707
1.0,1.0,0.0,1.0,0.5050787076639097,-1.387108776397756,0.5509890987092884,-1.2118584192988318,-0.2360068728219513
1.0,1.0,1.0,1.0,2.175925179386118,-0.5212942144082578,-0.7685231925003264,0.40903557216346226,1.5774189141821564
2.0,1.0,0.0,2.0,-0.4974291753694151,-0.6078756706072076,-1.1157632691344355,0.40903557216346226,-0.6678639416858163
1.0,1.0,1.0,1.0,-2.001190999919402,-0.6078756706072076,-1.0463152538076137,-1.2118584192988318,-1.8961327479349908
1.0,1.0,0.0,1.0,0.17090941331946807,1.2969163657696883,-0.5601791465198609,1.2194825678946093,0.7417474432637687
1.0,1.0,2.0,1.0,-0.4974291753694151,-1.0407829516019567,-0.6296271618466828,-0.4014114235676847,-0.8267723869387537
0.0,1.0,1.0,2.0,0.3379940604916889,-1.7334346011935553,1.1760212366506848,0.40903557216346226,-0.520172563156616
1.0,1.0,1.0,1.0,-0.8315984697138568,0.6908461723770396,-1.2546592997880792,-0.4014114235676847,-0.520172563156616
1.0,0.0,1.0,2.0,0.3379940604916889,-1.7334346011935553,1.6621573439384376,-0.4014114235676847,-0.520172563156616
2.0,2.0,0.0,1.0,1.006332649180572,-0.0018054772145589292,-0.14349105455892994,-0.4014114235676847,0.9006558885167063
1.0,0.0,1.0,1.0,-1.6670217055749608,0.6908461723770396,-1.0463152538076137,-0.4014114235676847,-1.3427574562306441
2.0,2.0,1.0,1.0,0.0038247661472472732,-0.08838693341350874,0.5509890987092884,0.40903557216346226,-0.03409967179468975
1.0,1.0,1.0,1.0,-0.33034452819719434,-0.5212942144082578,-1.324107315114901,-0.4014114235676847,-0.4977384297091422
1.0,1.0,2.0,1.0,0.0038247661472472732,-0.3481313020103582,0.7593331446897538,0.40903557216346226,-0.14627033903205752
1.0,2.0,0.0,2.0,0.8392480020083513,-0.9542014954030069,-0.49073113119303907,0.40903557216346226,0.23697944069561497
2.0,0.0,1.0,1.0,0.3379940604916889,-1.3005273201988061,-0.0740430392321081,0.40903557216346226,-0.3145263398881086
1.0,1.0,0.0,1.0,-1.1657677640582984,-1.6468531449946056,0.689885129362932,2.029929563625756,-1.5054049237248273
1.0,1.0,1.0,1.0,-0.9986831168860775,0.6042647161780897,0.06485299142153556,-0.4014114235676847,-0.7108626974601406
0.0,2.0,1.0,1.0,0.3379940604916889,-0.8676200392040571,0.41209306805564466,1.2194825678946093,-0.10888011661960183
1.0,1.0,1.0,2.0,1.006332649180572,-1.0407829516019567,-0.8379712078271482,0.40903557216346226,0.317368418882395
2.0,1.0,2.0,1.0,-0.16325988102497352,-1.6468531449946056,1.3843652826311503,2.029929563625756,-0.8211638535768854
1.0,0.0,1.0,0.0,1.006332649180572,1.5566607343665377,-0.14349105455892994,0.40903557216346226,1.775587092968173
1.0,2.0,1.0,1.0,0.0038247661472472732,0.34452034758124034,0.273197037402001,1.2194825678946093,0.15285144026758946
1.0,1.0,1.0,2.0,-2.5024449414360648,-0.9542014954030069,0.13430100674835738,0.40903557216346226,-2.342945905763838
0.0,2.0,2.0,1.0,1.006332649180572,-0.6078756706072076,0.5509890987092884,0.40903557216346226,0.560404864563358
2.0,0.0,1.0,2.0,-1.4999370584027398,-1.6468531449946056,1.037125205997041,-1.2118584192988318,-1.733485280440808
0.0,2.0,1.0,1.0,-0.4974291753694151,0.51768325997914,-1.1157632691344355,1.2194825678946093,-0.2547019840281795
1.0,1.0,1.0,1.0,-0.4974291753694151,-0.0018054772145589292,1.1760212366506848,-1.2118584192988318,-0.4453921183317039
1.0,2.0,1.0,1.0,1.173417296352793,-0.17496838961245856,-0.9768672384807918,-0.4014114235676847,0.9492631776528991
1.0,1.0,0.0,1.0,1.3405019435250136,-0.6078756706072076,-0.9074192231539701,1.2194825678946093,0.8333534881742852
1.0,0.0,1.0,1.0,-0.16325988102497352,-1.2139458639998564,-0.21293906988575176,0.40903557216346226,-0.6435602971177199
0.0,1.0,1.0,2.0,-0.4974291753694151,-0.17496838961245856,-0.6990751771735045,-0.4014114235676847,-0.5089554964328791
1.0,1.0,2.0,1.0,1.6746712378694553,-1.0407829516019567,-1.1157632691344355,1.2194825678946093,0.8258754436917949
1.0,1.0,1.0,1.0,1.173417296352793,-1.6468531449946056,0.273197037402001,-0.4014114235676847,0.09115757328703697
0.0,0.0,2.0,0.0,1.841755885041676,-1.2139458639998564,0.34264505272882284,-1.2118584192988318,0.8370925104155313
1.0,1.0,1.0,1.0,-1.3328524112305191,-1.6468531449946056,0.41209306805564466,0.40903557216346226,-1.6194451020828176
1.0,2.0,1.0,2.0,0.8392480020083513,0.6042647161780897,0.5509890987092884,-1.2118584192988318,1.0782594449758713
0.0,1.0,1.0,2.0,0.6721633548361304,-1.7334346011935553,-1.0463152538076137,1.2194825678946093,-0.29583122868188105
0.0,2.0,0.0,1.0,-0.16325988102497352,-0.0018054772145589292,-0.8379712078271482,-0.4014114235676847,-0.1462703390320572
0.0,2.0,2.0,1.0,-0.6645138225416359,-0.5212942144082578,-1.324107315114901,-0.4014114235676847,-0.7744260755613156
0.0,1.0,1.0,1.0,-0.33034452819719434,-0.6944571268061575,-0.2823870852125736,0.40903557216346226,-0.565040830051563
2.0,1.0,1.0,2.0,2.3430098265583386,-1.3005273201988061,-0.9074192231539701,-1.2118584192988318,1.1436923341976695
0.0,1.0,1.0,1.0,0.3379940604916889,1.6432421905654877,1.5927093286116158,-0.4014114235676847,1.08386797833774
1.0,1.0,1.0,1.0,-0.9986831168860775,0.1713574351833407,-0.5601791465198609,-0.4014114235676847,-0.8417284759037363
1.0,2.0,1.0,1.0,0.6721633548361304,1.1237534533717888,1.453813297957972,-1.2118584192988318,1.1848215788513705
1.0,2.0,2.0,1.0,0.3379940604916889,0.25793889138229054,1.3149172673043283,-1.2118584192988318,0.4258000638785166
1.0,1.0,2.0,1.0,-0.9986831168860775,-0.6078756706072076,0.48154108338246654,-0.4014114235676847,-1.0772868771022082
2.0,1.0,0.0,0.0,-0.6645138225416359,-1.2139458639998564,0.6204371140361101,1.2194825678946093,-1.0137234990010329
0.0,1.0,2.0,1.0,-0.8315984697138568,-1.3005273201988061,-1.3935553304417228,0.40903557216346226,-1.165153899771479
2.0,2.0,2.0,1.0,1.6746712378694553,-0.0018054772145589292,-1.4630033457685447,-0.4014114235676847,1.4988994471159995
0.0,1.0,1.0,2.0,0.5050787076639097,-0.0018054772145589292,-0.5601791465198609,0.40903557216346226,0.45197321956723646
0.0,1.0,1.0,2.0,0.0038247661472472732,-0.2615498458114084,0.8287811600165756,-1.2118584192988318,-0.1088801166196015
2.0,0.0,2.0,2.0,1.006332649180572,-1.1273644078009066,0.41209306805564466,2.029929563625756,0.26876112974620275
1.0,2.0,1.0,2.0,-0.8315984697138568,-0.434712758209308,0.689885129362932,-0.4014114235676847,-0.8847272316780602
1.0,1.0,1.0,1.0,-1.8341063527471815,0.1713574351833407,-0.21293906988575176,0.40903557216346226,-1.6082280353590805
0.0,1.0,2.0,1.0,1.173417296352793,-1.4736902325967058,1.5927093286116158,-1.2118584192988318,0.19211117380066825
0.0,0.0,2.0,2.0,-0.6645138225416359,0.1713574351833407,-0.14349105455892994,1.2194825678946093,-0.5351286521215983
1.0,2.0,0.0,2.0,0.5050787076639097,-0.17496838961245856,1.2454692519775066,-1.2118584192988318,0.36597570801858786
1.0,2.0,0.0,1.0,-0.6645138225416359,-0.08838693341350874,1.3843652826311503,-1.2118584192988318,-0.6248651859114921
0.0,1.0,2.0,2.0,1.3405019435250136,0.1713574351833407,-0.2823870852125736,-0.4014114235676847,1.3044702905712287
1.0,0.0,1.0,0.0,0.3379940604916889,-0.6078756706072076,0.273197037402001,2.029929563625756,0.014507617341502474
0.0,2.0,2.0,1.0,-1.4999370584027398,0.6908461723770396,-0.9768672384807918,0.40903557216346226,-1.1782404776158386
1.0,1.0,1.0,1.0,-0.6645138225416359,-0.7810385830051073,-1.67134739174901,-1.2118584192988318,-0.8641626093512097
1.0,1.0,0.0,0.0,-1.3328524112305191,1.2103349095707385,0.9676771906702193,-0.4014114235676847,-0.879118698316192
2.0,1.0,1.0,0.0,-0.4974291753694151,-0.9542014954030069,-1.4630033457685447,-0.4014114235676847,-0.7949906978881665
0.0,1.0,2.0,1.0,-1.8341063527471815,-0.0018054772145589292,1.106573221323863,-0.4014114235676847,-1.641879235530291
2.0,1.0,2.0,1.0,2.3430098265583386,0.1713574351833407,0.8287811600165756,1.2194825678946093,2.224269761917643
1.0,2.0,1.0,1.0,1.5075865906972346,1.470079278167588,0.7593331446897538,-1.2118584192988318,2.2710075399332124
2.0,2.0,2.0,2.0,3.1784330624194426,0.8640090847749392,1.1760212366506848,0.40903557216346226,3.5740567910072993
2.0,2.0,1.0,2.0,1.6746712378694553,1.470079278167588,-0.21293906988575176,-0.4014114235676847,2.452350118633623
2.0,1.0,0.0,2.0,0.8392480020083513,-1.4736902325967058,0.9676771906702193,-0.4014114235676847,-0.04344722739780384
1.0,2.0,0.0,0.0,-1.4999370584027398,1.2103349095707385,-0.9768672384807918,-0.4014114235676847,-1.0548527436547344
2.0,1.0,2.0,1.0,1.5075865906972346,0.6042647161780897,1.2454692519775066,-0.4014114235676847,1.7288493149526032
1.0,0.0,1.0,1.0,0.8392480020083513,1.6432421905654877,-0.35183510053939543,-0.4014114235676847,1.639112781162709
1.0,1.0,2.0,1.0,-0.16325988102497352,0.1713574351833407,-1.2546592997880792,-0.4014114235676847,-0.07522891644839162
0.0,1.0,1.0,0.0,-0.8315984697138568,1.5566607343665377,0.9676771906702193,0.40903557216346226,-0.23974589506319713
1.0,1.0,0.0,0.0,1.173417296352793,0.7774276285759895,-0.5601791465198609,0.40903557216346226,1.5045079804778683
2.0,1.0,2.0,1.0,-0.16325988102497352,0.7774276285759895,1.1760212366506848,2.840376559356903,0.17341606259444006
0.0,1.0,1.0,1.0,-0.33034452819719434,0.08477597898439089,-0.6990751771735045,0.40903557216346226,-0.2621800285106702
2.0,1.0,1.0,1.0,1.3405019435250136,1.470079278167588,0.8982291753433975,0.40903557216346226,2.0896649612328018
2.0,0.0,1.0,0.0,-0.16325988102497352,0.6908461723770396,-0.49073113119303907,-0.4014114235676847,0.13789535130260677
2.0,0.0,1.0,1.0,1.006332649180572,-1.1273644078009066,-0.9074192231539701,-1.2118584192988318,0.26876112974620275
0.0,1.0,1.0,1.0,0.6721633548361304,-1.1273644078009066,-0.7685231925003264,-0.4014114235676847,0.018246639582748643
2.0,2.0,1.0,1.0,-0.33034452819719434,-1.3005273201988061,-0.8379712078271482,-0.4014114235676847,-0.8005992312500344
1.0,2.0,1.0,1.0,-0.33034452819719434,-0.5212942144082578,-0.42128311586621725,-1.2118584192988318,-0.4977384297091422
2.0,1.0,1.0,1.0,0.5050787076639097,-0.9542014954030069,-1.1852112844612572,-1.2118584192988318,-0.02101309395033048
2.0,1.0,1.0,1.0,0.0038247661472472732,-0.5212942144082578,-1.67134739174901,0.40903557216346226,-0.22105078385696894
1.0,0.0,1.0,0.0,-2.001190999919402,-0.6944571268061575,-0.21293906988575176,1.2194825678946093,-1.9110888368999732
1.0,0.0,1.0,1.0,0.17090941331946807,0.7774276285759895,0.06485299142153556,1.2194825678946093,0.5061890420652972
1.0,2.0,2.0,1.0,1.006332649180572,-1.2139458639998564,0.48154108338246654,-0.4014114235676847,0.22015384061000987
1.0,2.0,2.0,1.0,1.3405019435250136,-0.0018054772145589292,-0.7685231925003264,-0.4014114235676847,1.1997776678163532
1.0,2.0,0.0,1.0,1.3405019435250136,1.7298236467644375,-0.21293906988575176,-0.4014114235676847,2.2467038953651164
1.0,1.0,1.0,1.0,1.5075865906972346,-0.2615498458114084,-1.6018993764221883,2.840376559356903,1.1866910899719936
1.0,1.0,1.0,1.0,-0.33034452819719434,1.2103349095707385,-1.67134739174901,-1.2118584192988318,0.17528557371506248
0.0,2.0,2.0,1.0,-0.33034452819719434,-0.17496838961245856,-0.9768672384807918,-0.4014114235676847,-0.36313362902430113
1.0,1.0,1.0,1.0,-0.9986831168860775,1.470079278167588,-0.6296271618466828,0.40903557216346226,-0.4491311405729497
1.0,1.0,1.0,1.0,-0.6645138225416359,-1.2139458639998564,1.7316053592652594,-0.4014114235676847,-1.0137234990010329
1.0,2.0,1.0,1.0,-0.9986831168860775,0.8640090847749392,-1.2546592997880792,-1.2118584192988318,-0.6323432303939834
2.0,1.0,1.0,1.0,-0.33034452819719434,-1.387108776397756,0.5509890987092884,0.40903557216346226,-0.834250431421245
1.0,1.0,0.0,0.0,0.5050787076639097,0.6908461723770396,-1.6018993764221883,-1.2118584192988318,0.7959632657618295
1.0,0.0,2.0,0.0,-0.4974291753694151,0.34452034758124034,0.689885129362932,-0.4014114235676847,-0.3182653621293544
0.0,0.0,0.0,1.0,0.3379940604916889,-1.6468531449946056,0.48154108338246654,2.029929563625756,-0.4790433185029144
1.0,2.0,0.0,1.0,0.8392480020083513,-1.3005273201988061,0.689885129362932,0.40903557216346226,0.05002832863333576
0.0,1.0,0.0,0.0,-1.3328524112305191,0.9505905409738891,0.41209306805564466,-1.2118584192988318,-0.9464210986586125
1.0,0.0,2.0,2.0,-1.8341063527471815,-0.2615498458114084,0.5509890987092884,-0.4014114235676847,-1.6923560357871066
1.0,0.0,2.0,1.0,0.0038247661472472732,-0.0018054772145589292,0.41209306805564466,1.2194825678946093,0.003290550617765961
0.0,1.0,1.0,2.0,0.6721633548361304,0.8640090847749392,1.5232613132847939,-0.4014114235676847,1.0502167781665297
1.0,0.0,2.0,1.0,-0.16325988102497352,1.5566607343665377,-0.49073113119303907,-0.4014114235676847,0.4931024642209377
1.0,1.0,1.0,2.0,-0.33034452819719434,0.7774276285759895,-1.6018993764221883,1.2194825678946093,0.007029572859011466
2.0,2.0,1.0,1.0,-0.16325988102497352,1.470079278167588,-0.6296271618466828,0.40903557216346226,0.45758175292910436
1.0,2.0,2.0,1.0,-1.3328524112305191,0.34452034758124034,-0.2823870852125736,0.40903557216346226,-1.103460032790927
1.0,1.0,1.0,0.0,1.6746712378694553,-0.9542014954030069,1.1760212366506848,0.40903557216346226,0.8819607773104781
1.0,2.0,2.0,0.0,-1.4999370584027398,-0.08838693341350874,1.6621573439384376,-0.4014114235676847,-1.3633220785574949
1.0,1.0,2.0,2.0,-1.3328524112305191,-1.3005273201988061,-0.2823870852125736,-0.4014114235676847,-1.5297085682929235
1.0,0.0,1.0,1.0,-0.8315984697138568,1.6432421905654877,1.3149172673043283,0.40903557216346226,-0.21170322825385518
1.0,2.0,2.0,1.0,-0.4974291753694151,-1.387108776397756,1.1760212366506848,-1.2118584192988318,-0.9538991431411035
1.0,0.0,1.0,1.0,-0.16325988102497352,-1.1273644078009066,1.5927093286116158,0.40903557216346226,-0.6080395858258869
0.0,1.0,1.0,1.0,0.0038247661472472732,-0.6944571268061575,1.037125205997041,-0.4014114235676847,-0.29583122868188105
2.0,1.0,0.0,1.0,-0.33034452819719434,0.7774276285759895,0.06485299142153556,-1.2118584192988318,0.007029572859011466
0.0,1.0,0.0,1.0,-0.9986831168860775,-1.7334346011935553,0.9676771906702193,0.40903557216346226,-1.417537901055556
1.0,2.0,2.0,1.0,0.6721633548361304,0.34452034758124034,1.2454692519775066,1.2194825678946093,0.7810071767968475
0.0,1.0,1.0,2.0,0.0038247661472472732,-1.2139458639998564,-1.3935553304417228,-0.4014114235676847,-0.5201725631566156
0.0,2.0,0.0,2.0,1.006332649180572,-1.387108776397756,-0.0740430392321081,1.2194825678946093,0.12293926233762476
2.0,0.0,0.0,2.0,0.6721633548361304,-1.0407829516019567,-0.5601791465198609,-1.2118584192988318,0.06311490647769535
1.0,0.0,1.0,1.0,1.006332649180572,-0.3481313020103582,0.13430100674835738,-0.4014114235676847,0.7062267319719361
0.0,1.0,1.0,2.0,0.3379940604916889,-0.17496838961245856,1.106573221323863,-1.2118584192988318,0.22015384061000987
2.0,1.0,1.0,1.0,-1.4999370584027398,-1.4736902325967058,1.7316053592652594,-1.2118584192988318,-1.6923560357871066
2.0,1.0,0.0,1.0,2.0088405322138967,-1.0407829516019567,1.5232613132847939,-0.4014114235676847,1.0801289560964944
1.0,0.0,1.0,1.0,1.3405019435250136,-0.9542014954030069,0.13430100674835738,1.2194825678946093,0.623968242664533
1.0,1.0,0.0,1.0,-0.6645138225416359,-0.2615498458114084,-1.4630033457685447,-1.2118584192988318,-0.6846895417714215
1.0,1.0,2.0,2.0,0.0038247661472472732,0.7774276285759895,-0.5601791465198609,0.40903557216346226,0.33980255232986867
1.0,2.0,1.0,1.0,1.841755885041676,1.3834978219686382,-1.1157632691344355,1.2194825678946093,2.5757378525947274
1.0,2.0,1.0,2.0,3.846771651108326,0.51768325997914,1.5232613132847939,0.40903557216346226,3.9255248816843835
2.0,1.0,0.0,0.0,-1.4999370584027398,1.2103349095707385,-0.6296271618466828,-0.4014114235676847,-1.0548527436547344
1.0,1.0,1.0,1.0,0.6721633548361304,0.8640090847749392,-1.1852112844612572,0.40903557216346226,1.0502167781665297
2.0,0.0,1.0,1.0,-2.168275647091623,-0.2615498458114084,-1.5324513610953665,2.029929563625756,-1.9802607483630164
0.0,2.0,1.0,1.0,1.006332649180572,-0.7810385830051073,-1.67134739174901,-0.4014114235676847,0.463190286290973
2.0,1.0,1.0,2.0,1.006332649180572,-1.6468531449946056,-0.42128311586621725,0.40903557216346226,-0.022882605070953233
1.0,0.0,2.0,2.0,-1.3328524112305191,-0.08838693341350874,-1.3935553304417228,-0.4014114235676847,-1.2156307000282944
0.0,2.0,1.0,2.0,0.6721633548361304,-0.7810385830051073,1.037125205997041,1.2194825678946093,0.19771970716253617
1.0,1.0,1.0,2.0,-0.4974291753694151,-0.0018054772145589292,0.41209306805564466,-0.4014114235676847,-0.4453921183317039
1.0,1.0,2.0,2.0,2.8442637680750007,-0.6078756706072076,-0.2823870852125736,-1.2118584192988318,2.0616222944234597
0.0,1.0,2.0,2.0,-1.3328524112305191,0.8640090847749392,-0.9768672384807918,0.40903557216346226,-0.9688552321060858
2.0,1.0,2.0,1.0,-2.001190999919402,0.51768325997914,-1.740795407075832,-0.4014114235676847,-1.7017035913902203
0.0,1.0,0.0,1.0,2.0088405322138967,1.3834978219686382,1.5232613132847939,-0.4014114235676847,2.7552109201745156
2.0,1.0,1.0,1.0,-0.33034452819719434,-1.0407829516019567,0.06485299142153556,0.40903557216346226,-0.6996456307364038
2.0,2.0,0.0,0.0,0.17090941331946807,-1.387108776397756,0.5509890987092884,0.40903557216346226,-0.47530429626166887
2.0,1.0,2.0,1.0,-1.4999370584027398,-1.0407829516019567,0.689885129362932,0.40903557216346226,-1.5895329241528529
2.0,1.0,2.0,2.0,1.006332649180572,-1.0407829516019567,1.453813297957972,-0.4014114235676847,0.317368418882395
0.0,1.0,0.0,1.0,0.0038247661472472732,-1.6468531449946056,-0.35183510053939543,-0.4014114235676847,-0.7071236752188952
2.0,2.0,2.0,2.0,0.6721633548361304,-0.6944571268061575,0.2037490220751792,-1.2118584192988318,0.24258797405748356
2.0,1.0,2.0,1.0,-0.16325988102497352,-0.5212942144082578,0.48154108338246654,0.40903557216346226,-0.3593946067830556
1.0,0.0,1.0,2.0,-1.6670217055749608,-0.3481313020103582,0.06485299142153556,0.40903557216346226,-1.5670987907053795
1.0,1.0,0.0,2.0,0.5050787076639097,0.7774276285759895,0.48154108338246654,0.40903557216346226,0.8389620215361538
1.0,1.0,1.0,2.0,1.841755885041676,1.7298236467644375,-1.1157632691344355,0.40903557216346226,2.807557231551954
2.0,2.0,1.0,2.0,-0.6645138225416359,-0.0018054772145589292,1.5927093286116158,0.40903557216346226,-0.5949530079815274
1.0,0.0,2.0,1.0,0.17090941331946807,-0.434712758209308,0.273197037402001,-1.2118584192988318,-0.04344722739780384
1.0,2.0,0.0,2.0,-0.16325988102497352,0.8640090847749392,0.41209306805564466,2.029929563625756,0.20893677388627335
1.0,1.0,1.0,1.0,-0.6645138225416359,1.470079278167588,0.8287811600165756,-0.4014114235676847,-0.08644598317212814
1.0,2.0,1.0,2.0,0.17090941331946807,-1.7334346011935553,0.34264505272882284,-1.2118584192988318,-0.6323432303939834
1.0,1.0,1.0,1.0,0.5050787076639097,0.1713574351833407,-0.42128311586621725,-1.2118584192988318,0.5379707311158843
2.0,1.0,1.0,1.0,-0.16325988102497352,0.43110180378019014,1.5927093286116158,0.40903557216346226,0.031333217427107575
1.0,1.0,2.0,1.0,-1.3328524112305191,0.43110180378019014,0.48154108338246654,-0.4014114235676847,-1.0810258993434536
1.0,2.0,1.0,1.0,-1.1657677640582984,-1.2139458639998564,-0.2823870852125736,1.2194825678946093,-1.3838867008843456
2.0,0.0,2.0,1.0,-0.4974291753694151,0.34452034758124034,0.689885129362932,-1.2118584192988318,-0.3182653621293544
1.0,2.0,1.0,1.0,0.8392480020083513,-1.1273644078009066,-0.6990751771735045,-0.4014114235676847,0.14350388466447536
0.0,0.0,1.0,1.0,-0.16325988102497352,-1.387108776397756,-1.1157632691344355,0.40903557216346226,-0.7146017197013862
1.0,1.0,1.0,1.0,0.0038247661472472732,1.5566607343665377,-0.2823870852125736,-1.2118584192988318,0.6763145540419714
1.0,1.0,0.0,1.0,-0.6645138225416359,1.1237534533717888,-1.67134739174901,1.2194825678946093,-0.2060946948919866
2.0,2.0,1.0,1.0,-2.168275647091623,-0.5212942144082578,-0.42128311586621725,-0.4014114235676847,-2.019520481896095
1.0,2.0,0.0,1.0,0.5050787076639097,0.9505905409738891,-1.1852112844612572,-1.2118584192988318,0.9249595330848024
1.0,1.0,1.0,1.0,1.5075865906972346,1.470079278167588,-1.1852112844612572,-0.4014114235676847,2.2710075399332124
1.0,2.0,0.0,0.0,0.0038247661472472732,-0.0018054772145589292,-0.0740430392321081,0.40903557216346226,0.003290550617765961
1.0,0.0,2.0,0.0,0.6721633548361304,-1.0407829516019567,-1.67134739174901,-1.2118584192988318,0.06311490647769535
1.0,0.0,2.0,2.0,1.006332649180572,1.1237534533717888,0.8287811600165756,-0.4014114235676847,1.5325506472872097
2.0,0.0,2.0,2.0,-0.9986831168860775,1.3834978219686382,-0.7685231925003264,0.40903557216346226,-0.47530429626166887
0.0,1.0,1.0,1.0,-0.8315984697138568,-0.0018054772145589292,-1.2546592997880792,-0.4014114235676847,-0.7445138976313509
2.0,1.0,1.0,2.0,0.8392480020083513,-0.3481313020103582,0.9676771906702193,1.2194825678946093,0.5641438868046036
1.0,2.0,1.0,2.0,-0.8315984697138568,0.25793889138229054,0.6204371140361101,-0.4014114235676847,-0.6603858972033253
1.0,1.0,0.0,1.0,0.3379940604916889,-0.6078756706072076,0.13430100674835738,-0.4014114235676847,0.014507617341502474
0.0,0.0,0.0,1.0,-0.8315984697138568,-1.387108776397756,0.6204371140361101,-1.2118584192988318,-1.193196566580821
0.0,0.0,1.0,2.0,-0.9986831168860775,0.08477597898439089,-0.2823870852125736,-0.4014114235676847,-0.8679016315924551
0.0,1.0,2.0,2.0,0.5050787076639097,0.9505905409738891,-0.004595023905286278,0.40903557216346226,0.9249595330848024
1.0,2.0,2.0,0.0,1.3405019435250136,-0.8676200392040571,1.5232613132847939,2.840376559356903,0.6763145540419707
1.0,1.0,1.0,1.0,1.841755885041676,0.34452034758124034,0.8287811600165756,0.40903557216346226,1.880279715723049
1.0,1.0,1.0,2.0,0.8392480020083513,0.43110180378019014,-1.1852112844612572,0.40903557216346226,0.9847838889447318
2.0,0.0,1.0,1.0,0.3379940604916889,-0.6078756706072076,-1.1852112844612572,-0.4014114235676847,0.014507617341502474
1.0,1.0,1.0,0.0,0.17090941331946807,0.1713574351833407,1.3843652826311503,1.2194825678946093,0.23137090733374638
0.0,1.0,2.0,0.0,-1.1657677640582984,-0.2615498458114084,-0.8379712078271482,-1.2118584192988318,-1.1165466106352866
2.0,1.0,2.0,1.0,-0.6645138225416359,-1.1273644078009066,0.9676771906702193,1.2194825678946093,-0.9838113210710682
1.0,2.0,1.0,1.0,-2.001190999919402,-0.17496838961245856,0.6204371140361101,-1.2118584192988318,-1.8213523031100791
1.0,0.0,1.0,2.0,0.0038247661472472732,-0.0018054772145589292,0.9676771906702193,-1.2118584192988318,0.003290550617765961
1.0,0.0,1.0,2.0,0.5050787076639097,0.1713574351833407,-1.4630033457685447,-1.2118584192988318,0.5379707311158843
0.0,1.0,1.0,2.0,1.841755885041676,0.43110180378019014,-0.2823870852125736,-1.2118584192988318,1.9382345604623554
1.0,1.0,1.0,1.0,0.0038247661472472732,0.7774276285759895,-1.1852112844612572,-0.4014114235676847,0.33980255232986867
1.0,0.0,1.0,1.0,-0.9986831168860775,-1.0407829516019567,0.689885129362932,0.40903557216346226,-1.208152655545803
1.0,0.0,2.0,1.0,-0.33034452819719434,-1.0407829516019567,1.453813297957972,-0.4014114235676847,-0.6996456307364038
2.0,2.0,1.0,1.0,-0.9986831168860775,-0.08838693341350874,0.41209306805564466,1.2194825678946093,-0.9202479429698932
0.0,2.0,2.0,0.0,1.173417296352793,-1.7334346011935553,-1.5324513610953665,1.2194825678946093,0.04068077303022167
2.0,0.0,1.0,1.0,-0.6645138225416359,-1.2139458639998564,0.8287811600165756,1.2194825678946093,-1.0137234990010329
2.0,0.0,1.0,0.0,0.6721633548361304,0.6042647161780897,0.2037490220751792,-1.2118584192988318,0.9156119774816883
0.0,2.0,1.0,2.0,-0.33034452819719434,0.6908461723770396,-0.49073113119303907,-1.2118584192988318,-0.026621627312198737
1.0,2.0,1.0,2.0,1.3405019435250136,-0.6078756706072076,-0.2823870852125736,-1.2118584192988318,0.8333534881742852
0.0,2.0,0.0,0.0,0.17090941331946807,0.25793889138229054,0.9676771906702193,-1.2118584192988318,0.27063064086682515
0.0,1.0,1.0,2.0,-1.4999370584027398,-0.0018054772145589292,1.453813297957972,-0.4014114235676847,-1.3427574562306441
1.0,0.0,1.0,1.0,0.6721633548361304,0.6908461723770396,-0.35183510053939543,-0.4014114235676847,0.9604802443766357
2.0,1.0,2.0,2.0,0.8392480020083513,-0.3481313020103582,-1.5324513610953665,-0.4014114235676847,0.5641438868046036
2.0,1.0,1.0,1.0,-1.3328524112305191,-0.6944571268061575,-1.740795407075832,-0.4014114235676847,-1.3726696341606088
1.0,1.0,2.0,1.0,0.3379940604916889,1.5566607343665377,0.273197037402001,0.40903557216346226,1.0427387336840381
0.0,2.0,2.0,2.0,1.006332649180572,1.1237534533717888,1.3149172673043283,-0.4014114235676847,1.5325506472872097
0.0,2.0,1.0,1.0,0.17090941331946807,1.0371719971728388,0.689885129362932,-0.4014114235676847,0.623968242664533
2.0,1.0,1.0,1.0,-0.6645138225416359,-0.6078756706072076,-0.004595023905286278,1.2194825678946093,-0.8043382534912803
1.0,0.0,2.0,2.0,-2.168275647091623,1.470079278167588,1.5232613132847939,1.2194825678946093,-1.7185291914758254
1.0,0.0,1.0,2.0,0.3379940604916889,-0.2615498458114084,-0.49073113119303907,1.2194825678946093,0.17902459595630865
0.0,1.0,1.0,1.0,0.6721633548361304,1.3834978219686382,0.13430100674835738,-1.2118584192988318,1.3194263795362113
1.0,1.0,1.0,1.0,-1.8341063527471815,-1.387108776397756,-0.14349105455892994,-0.4014114235676847,-1.9110888368999732
2.0,0.0,0.0,0.0,-1.1657677640582984,1.1237534533717888,-1.5324513610953665,-0.4014114235676847,-0.7276882975457457
1.0,2.0,1.0,2.0,0.0038247661472472732,-1.3005273201988061,0.8982291753433975,-1.2118584192988318,-0.5575627855690717
0.0,1.0,0.0,1.0,0.0038247661472472732,1.0371719971728388,-0.5601791465198609,-0.4014114235676847,0.45197321956723646
2.0,1.0,2.0,1.0,-0.6645138225416359,-0.8676200392040571,-1.740795407075832,1.2194825678946093,-0.8940747872811744
0.0,0.0,1.0,1.0,0.8392480020083513,0.08477597898439089,-1.1157632691344355,1.2194825678946093,0.7978327768824526
2.0,1.0,0.0,2.0,-0.16325988102497352,1.470079278167588,-1.67134739174901,1.2194825678946093,0.45758175292910436
1.0,1.0,0.0,1.0,-0.33034452819719434,1.5566607343665377,-1.67134739174901,-0.4014114235676847,0.30989037439990397
0.0,1.0,1.0,2.0,-0.4974291753694151,-0.08838693341350874,0.34264505272882284,-0.4014114235676847,-0.47717380738229165
1.0,1.0,2.0,2.0,2.3430098265583386,-1.4736902325967058,0.5509890987092884,0.40903557216346226,1.0165655779953195
1.0,1.0,2.0,0.0,-0.33034452819719434,-0.3481313020103582,-1.324107315114901,-0.4014114235676847,-0.4304360293667219
0.0,1.0,2.0,1.0,0.6721633548361304,-1.1273644078009066,0.8287811600165756,-1.2118584192988318,0.018246639582748643
1.0,2.0,2.0,1.0,0.17090941331946807,-1.5602716887956556,-0.14349105455892994,0.40903557216346226,-0.5538237633278261
1.0,1.0,1.0,1.0,-0.8315984697138568,0.8640090847749392,-0.35183510053939543,-1.2118584192988318,-0.464087229537932
2.0,1.0,1.0,1.0,-0.16325988102497352,-0.6944571268061575,0.689885129362932,-0.4014114235676847,-0.4304360293667219
0.0,2.0,0.0,1.0,-1.8341063527471815,1.1237534533717888,-0.21293906988575176,-0.4014114235676847,-1.4231464344174243
2.0,0.0,1.0,1.0,-1.4999370584027398,0.6042647161780897,-1.2546592997880792,-1.2118584192988318,-1.1988050999426894
2.0,2.0,1.0,1.0,-1.4999370584027398,1.0371719971728388,0.48154108338246654,2.029929563625756,-1.0959819883084356
1.0,0.0,2.0,1.0,0.0038247661472472732,1.5566607343665377,0.5509890987092884,-1.2118584192988318,0.6763145540419714
1.0,1.0,2.0,2.0,1.5075865906972346,-0.3481313020103582,-1.1157632691344355,2.029929563625756,1.1324752674739322
2.0,2.0,1.0,2.0,1.173417296352793,0.51768325997914,-0.5601791465198609,2.840376559356903,1.3530775797074217
1.0,1.0,1.0,1.0,0.8392480020083513,0.08477597898439089,-1.0463152538076137,0.40903557216346226,0.7978327768824526
0.0,1.0,0.0,1.0,1.5075865906972346,-1.0407829516019567,-0.35183510053939543,-1.2118584192988318,0.6987486874894451
0.0,1.0,1.0,1.0,0.17090941331946807,-0.7810385830051073,-1.3935553304417228,-0.4014114235676847,-0.20048616153011833
1.0,2.0,1.0,1.0,1.5075865906972346,-0.17496838961245856,-0.6296271618466828,0.40903557216346226,1.2409069124700545
1.0,2.0,0.0,2.0,-0.6645138225416359,-1.387108776397756,0.8982291753433975,-0.4014114235676847,-1.0735478548609623
2.0,1.0,1.0,2.0,0.17090941331946807,0.1713574351833407,-1.0463152538076137,1.2194825678946093,0.23137090733374638
1.0,0.0,1.0,1.0,-1.3328524112305191,1.5566607343665377,-0.8379712078271482,-1.2118584192988318,-0.789382164526298
1.0,2.0,1.0,1.0,0.17090941331946807,-1.2139458639998564,-1.324107315114901,-0.4014114235676847,-0.39678482919551133
0.0,1.0,0.0,2.0,0.17090941331946807,-0.08838693341350874,0.2037490220751792,-0.4014114235676847,0.11359170673451066
1.0,1.0,1.0,1.0,-0.33034452819719434,1.7298236467644375,0.8982291753433975,0.40903557216346226,0.3771927747423244
1.0,1.0,2.0,0.0,0.0038247661472472732,1.5566607343665377,-0.14349105455892994,0.40903557216346226,0.6763145540419714
2.0,1.0,0.0,2.0,0.17090941331946807,-0.2615498458114084,1.453813297957972,0.40903557216346226,0.035072239668353745
0.0,1.0,0.0,1.0,0.17090941331946807,1.2103349095707385,-0.7685231925003264,0.40903557216346226,0.7024877097306899
1.0,2.0,1.0,2.0,2.0088405322138967,0.9505905409738891,-0.6296271618466828,1.2194825678946093,2.4560891408748695
2.0,0.0,1.0,1.0,0.17090941331946807,-0.6078756706072076,-1.0463152538076137,0.40903557216346226,-0.12196669446396109
0.0,2.0,0.0,1.0,1.006332649180572,-0.7810385830051073,0.5509890987092884,-0.4014114235676847,0.463190286290973
1.0,1.0,2.0,0.0,1.6746712378694553,-0.17496838961245856,0.6204371140361101,-0.4014114235676847,1.3867287798786325
2.0,1.0,0.0,2.0,0.0038247661472472732,-1.387108776397756,-0.14349105455892994,1.2194825678946093,-0.5949530079815274
1.0,1.0,1.0,2.0,-0.8315984697138568,0.25793889138229054,1.5232613132847939,0.40903557216346226,-0.6603858972033253
0.0,2.0,0.0,1.0,-0.16325988102497352,-0.3481313020103582,0.2037490220751792,-0.4014114235676847,-0.2883531841993897
2.0,0.0,1.0,2.0,-1.1657677640582984,-1.6468531449946056,0.6204371140361101,-0.4014114235676847,-1.5054049237248273
0.0,1.0,1.0,1.0,1.173417296352793,1.2969163657696883,-0.6296271618466828,1.2194825678946093,1.80736878201876
1.0,0.0,1.0,1.0,0.8392480020083513,-0.6078756706072076,0.273197037402001,-0.4014114235676847,0.42393055275789415
2.0,1.0,2.0,1.0,-0.8315984697138568,-1.0407829516019567,1.3843652826311503,-0.4014114235676847,-1.0810258993434532
1.0,2.0,0.0,2.0,0.17090941331946807,-1.5602716887956556,-1.1852112844612572,0.40903557216346226,-0.5538237633278261
0.0,2.0,2.0,1.0,0.5050787076639097,-0.08838693341350874,-1.4630033457685447,-0.4014114235676847,0.40897446379291214
1.0,2.0,1.0,2.0,0.3379940604916889,-1.7334346011935553,0.9676771906702193,0.40903557216346226,-0.520172563156616
0.0,1.0,2.0,2.0,2.67717912090278,0.8640090847749392,-0.49073113119303907,-0.4014114235676847,3.069288788439145
2.0,1.0,1.0,2.0,0.8392480020083513,0.9505905409738891,-0.0740430392321081,-0.4014114235676847,1.2652105570381507
1.0,1.0,1.0,1.0,-0.6645138225416359,0.8640090847749392,-1.1852112844612572,-0.4014114235676847,-0.2958312286818807
2.0,1.0,2.0,1.0,1.173417296352793,1.2969163657696883,0.8982291753433975,1.2194825678946093,1.80736878201876
1.0,1.0,1.0,2.0,0.3379940604916889,-0.3481313020103582,-0.2823870852125736,-1.2118584192988318,0.13789535130260677
0.0,0.0,1.0,2.0,0.3379940604916889,-1.3005273201988061,1.5232613132847939,0.40903557216346226,-0.3145263398881086
0.0,1.0,0.0,1.0,-1.4999370584027398,0.34452034758124034,-1.1157632691344355,0.40903557216346226,-1.2604989669232414
2.0,0.0,2.0,1.0,0.3379940604916889,0.08477597898439089,-1.740795407075832,2.029929563625756,0.34354157457111417
1.0,1.0,1.0,2.0,-0.16325988102497352,1.0371719971728388,0.689885129362932,-0.4014114235676847,0.27997819646993927
2.0,0.0,2.0,1.0,0.8392480020083513,1.470079278167588,0.689885129362932,1.2194825678946093,1.5456372251315693
2.0,1.0,2.0,1.0,-0.16325988102497352,1.5566607343665377,0.8287811600165756,-0.4014114235676847,0.4931024642209377
2.0,1.0,1.0,1.0,-1.4999370584027398,0.34452034758124034,0.689885129362932,1.2194825678946093,-1.2604989669232414
1.0,1.0,2.0,2.0,-0.16325988102497352,1.6432421905654877,0.6204371140361101,-0.4014114235676847,0.5286231755127703
1.0,1.0,0.0,1.0,-0.6645138225416359,-0.17496838961245856,0.689885129362932,2.029929563625756,-0.6547773638414568
1.0,2.0,1.0,2.0,0.17090941331946807,-0.5212942144082578,1.3149172673043283,-0.4014114235676847,-0.08270696093088263
0.0,1.0,2.0,1.0,-1.3328524112305191,1.2103349095707385,1.106573221323863,1.2194825678946093,-0.879118698316192
1.0,0.0,1.0,1.0,2.0088405322138967,-1.0407829516019567,-1.4630033457685447,-0.4014114235676847,1.0801289560964944
2.0,2.0,2.0,1.0,-1.3328524112305191,-1.1273644078009066,0.06485299142153556,-0.4014114235676847,-1.4848403013979763
1.0,0.0,1.0,1.0,0.5050787076639097,0.1713574351833407,0.7593331446897538,-1.2118584192988318,0.5379707311158843
1.0,0.0,1.0,1.0,-0.6645138225416359,1.6432421905654877,-1.3935553304417228,-0.4014114235676847,-0.026621627312198737
0.0,1.0,0.0,1.0,0.6721633548361304,-1.3005273201988061,-0.7685231925003264,-0.4014114235676847,-0.07148989420714545
0.0,2.0,1.0,0.0,1.3405019435250136,-0.6944571268061575,0.2037490220751792,2.840376559356903,0.7810071767968475
2.0,1.0,1.0,0.0,-0.16325988102497352,-0.17496838961245856,0.06485299142153556,0.40903557216346226,-0.21731176161572344
1.0,1.0,2.0,1.0,0.0038247661472472732,-1.3005273201988061,-1.740795407075832,-1.2118584192988318,-0.5575627855690717
2.0,2.0,1.0,1.0,-0.4974291753694151,-0.6078756706072076,1.037125205997041,-0.4014114235676847,-0.6678639416858163
0.0,2.0,1.0,1.0,-0.4974291753694151,-0.434712758209308,0.41209306805564466,1.2194825678946093,-0.6043005635846415
0.0,1.0,1.0,1.0,0.0038247661472472732,-0.7810385830051073,-0.004595023905286278,-1.2118584192988318,-0.33322145109433676
1.0,2.0,2.0,1.0,-0.33034452819719434,-0.6944571268061575,1.3843652826311503,-0.4014114235676847,-0.565040830051563
1.0,1.0,1.0,1.0,1.3405019435250136,-1.387108776397756,0.13430100674835738,-0.4014114235676847,0.36223668577734236
1.0,1.0,1.0,1.0,0.5050787076639097,-0.5212942144082578,-0.5601791465198609,1.2194825678946093,0.19398068492129067
2.0,2.0,2.0,1.0,-0.16325988102497352,-0.5212942144082578,1.2454692519775066,-0.4014114235676847,-0.3593946067830556
1.0,1.0,1.0,2.0,-1.4999370584027398,-0.9542014954030069,1.2454692519775066,-1.2118584192988318,-1.568968301826002
1.0,1.0,2.0,2.0,0.5050787076639097,-0.5212942144082578,0.06485299142153556,-1.2118584192988318,0.19398068492129067
1.0,1.0,1.0,1.0,-0.8315984697138568,0.6908461723770396,0.689885129362932,2.029929563625756,-0.520172563156616
1.0,1.0,1.0,0.0,-1.1657677640582984,1.3834978219686382,-1.67134739174901,-0.4014114235676847,-0.6547773638414568
0.0,1.0,2.0,2.0,-0.4974291753694151,-0.2615498458114084,1.2454692519775066,1.2194825678946093,-0.5407371854834665
2.0,0.0,2.0,1.0,0.5050787076639097,0.43110180378019014,1.5927093286116158,0.40903557216346226,0.6669669984388573
2.0,0.0,1.0,2.0,-0.16325988102497352,0.25793889138229054,0.2037490220751792,0.40903557216346226,-0.03970820515655834
0.0,1.0,0.0,1.0,-0.4974291753694151,-0.3481313020103582,0.41209306805564466,2.029929563625756,-0.572518874534054
1.0,2.0,1.0,1.0,0.8392480020083513,-0.9542014954030069,1.5927093286116158,-0.4014114235676847,0.23697944069561497
1.0,1.0,0.0,0.0,1.6746712378694553,1.5566607343665377,1.2454692519775066,-0.4014114235676847,2.508435452252307
1.0,2.0,0.0,1.0,-0.4974291753694151,0.7774276285759895,0.273197037402001,-1.2118584192988318,-0.1593569168764168
2.0,1.0,2.0,1.0,-0.8315984697138568,-1.1273644078009066,-0.0740430392321081,-1.2118584192988318,-1.1090685661527953
1.0,0.0,2.0,0.0,-0.33034452819719434,-1.1273644078009066,0.8287811600165756,2.840376559356903,-0.733296830907614
2.0,2.0,1.0,0.0,-2.001190999919402,1.470079278167588,-0.35183510053939543,-1.2118584192988318,-1.5371866127754148
1.0,2.0,2.0,2.0,1.5075865906972346,0.1713574351833407,1.3843652826311503,0.40903557216346226,1.4577702024622978
1.0,0.0,2.0,1.0,0.0038247661472472732,-1.6468531449946056,0.2037490220751792,-1.2118584192988318,-0.7071236752188952
1.0,1.0,2.0,2.0,-0.16325988102497352,-1.387108776397756,1.3149172673043283,1.2194825678946093,-0.7146017197013862
1.0,1.0,1.0,1.0,-1.1657677640582984,0.9505905409738891,-0.0740430392321081,-0.4014114235676847,-0.7762955866819383
1.0,1.0,1.0,1.0,0.6721633548361304,1.6432421905654877,1.6621573439384376,-1.2118584192988318,1.4540311802210522
1.0,0.0,1.0,1.0,0.8392480020083513,1.470079278167588,0.2037490220751792,-1.2118584192988318,1.5456372251315693
1.0,2.0,1.0,1.0,0.8392480020083513,-0.5212942144082578,0.34264505272882284,2.029929563625756,0.470668330773464
1.0,1.0,1.0,2.0,-1.1657677640582984,1.3834978219686382,-0.35183510053939543,-0.4014114235676847,-0.6547773638414568
0.0,2.0,1.0,0.0,0.0038247661472472732,-1.5602716887956556,1.106573221323863,-0.4014114235676847,-0.6697334528064391
0.0,1.0,2.0,1.0,1.6746712378694553,0.08477597898439089,-0.21293906988575176,-1.2118584192988318,1.5549847807346835
1.0,0.0,1.0,1.0,1.006332649180572,1.7298236467644375,-1.0463152538076137,0.40903557216346226,1.872801671240558
1.0,2.0,1.0,1.0,1.006332649180572,1.1237534533717888,0.34264505272882284,2.029929563625756,1.5325506472872097
1.0,1.0,1.0,2.0,0.17090941331946807,-1.2139458639998564,-0.35183510053939543,-0.4014114235676847,-0.39678482919551133
2.0,1.0,2.0,2.0,-0.6645138225416359,-1.1273644078009066,0.8287811600165756,2.840376559356903,-0.9838113210710682
1.0,0.0,1.0,0.0,0.0038247661472472732,-1.2139458639998564,-1.4630033457685447,0.40903557216346226,-0.5201725631566156
0.0,1.0,2.0,0.0,1.5075865906972346,-0.3481313020103582,-0.35183510053939543,-0.4014114235676847,1.1324752674739322
1.0,1.0,1.0,2.0,-0.6645138225416359,-1.3005273201988061,0.13430100674835738,-0.4014114235676847,-1.0436356769309976
1.0,1.0,0.0,1.0,0.5050787076639097,1.1237534533717888,0.8287811600165756,0.40903557216346226,1.010957044633451
1.0,2.0,2.0,2.0,-0.4974291753694151,0.51768325997914,-0.0740430392321081,-0.4014114235676847,-0.2547019840281795
1.0,1.0,1.0,1.0,0.0038247661472472732,-1.7334346011935553,-0.35183510053939543,0.40903557216346226,-0.7445138976313509
1.0,1.0,2.0,1.0,0.6721633548361304,1.1237534533717888,-0.9074192231539701,-0.4014114235676847,1.1848215788513705
1.0,1.0,1.0,1.0,-1.3328524112305191,1.2969163657696883,0.8287811600165756,-1.2118584192988318,-0.8566845648687187
1.0,1.0,1.0,2.0,-0.6645138225416359,1.1237534533717888,-1.1852112844612572,-0.4014114235676847,-0.2060946948919866
1.0,1.0,0.0,2.0,1.006332649180572,0.51768325997914,-0.5601791465198609,0.40903557216346226,1.1922996233338616
0.0,2.0,1.0,2.0,-1.3328524112305191,0.6908461723770396,-1.6018993764221883,-0.4014114235676847,-1.0137234990010329
0.0,0.0,1.0,2.0,0.3379940604916889,-0.08838693341350874,-1.2546592997880792,-0.4014114235676847,0.26128308526371175
1.0,0.0,2.0,1.0,-2.168275647091623,-0.08838693341350874,0.689885129362932,-1.2118584192988318,-1.9540875926742973
1.0,1.0,2.0,0.0,0.3379940604916889,-1.2139458639998564,1.3843652826311503,-0.4014114235676847,-0.27339709523440703
1.0,1.0,2.0,0.0,-0.6645138225416359,-1.387108776397756,-0.35183510053939543,2.840376559356903,-1.0735478548609623
0.0,1.0,0.0,1.0,0.6721633548361304,0.8640090847749392,-1.6018993764221883,-1.2118584192988318,1.0502167781665297
0.0,1.0,1.0,1.0,2.0088405322138967,0.25793889138229054,1.1760212366506848,-0.4014114235676847,1.977494293995434
2.0,2.0,0.0,1.0,-0.8315984697138568,0.6042647161780897,0.34264505272882284,-1.2118584192988318,-0.5482152299659575
2.0,1.0,1.0,1.0,0.6721633548361304,-1.0407829516019567,1.106573221323863,-0.4014114235676847,0.06311490647769535
2.0,1.0,2.0,2.0,-0.6645138225416359,-1.6468531449946056,1.1760212366506848,2.029929563625756,-1.1632843886508564
0.0,1.0,0.0,1.0,0.6721633548361304,-1.4736902325967058,1.6621573439384376,-1.2118584192988318,-0.16122642799703954
0.0,1.0,2.0,2.0,0.0038247661472472732,0.7774276285759895,0.6204371140361101,-0.4014114235676847,0.33980255232986867
0.0,0.0,1.0,1.0,1.5075865906972346,0.08477597898439089,-1.67134739174901,0.40903557216346226,1.4035543799642376
0.0,1.0,1.0,1.0,-1.8341063527471815,-0.434712758209308,-1.4630033457685447,0.40903557216346226,-1.7260072359583167
0.0,0.0,2.0,1.0,-0.6645138225416359,-0.2615498458114084,0.06485299142153556,-0.4014114235676847,-0.6846895417714215
0.0,1.0,1.0,2.0,-0.4974291753694151,-1.3005273201988061,1.453813297957972,0.40903557216346226,-0.9221174540905159
0.0,1.0,1.0,1.0,-2.001190999919402,1.6432421905654877,-1.4630033457685447,0.40903557216346226,-1.50727443484545
2.0,0.0,2.0,1.0,0.6721633548361304,-1.1273644078009066,0.6204371140361101,-1.2118584192988318,0.018246639582748643
0.0,1.0,2.0,1.0,0.0038247661472472732,-0.6944571268061575,-1.324107315114901,-1.2118584192988318,-0.29583122868188105
1.0,2.0,0.0,1.0,0.17090941331946807,1.2103349095707385,0.689885129362932,-0.4014114235676847,0.7024877097306899
0.0,2.0,2.0,2.0,-2.001190999919402,-0.17496838961245856,1.3149172673043283,-0.4014114235676847,-1.8213523031100791
1.0,1.0,0.0,1.0,0.17090941331946807,-0.6944571268061575,-1.324107315114901,-1.2118584192988318,-0.16122642799703987
1.0,2.0,1.0,1.0,0.0038247661472472732,0.8640090847749392,-0.35183510053939543,-1.2118584192988318,0.3771927747423244
2.0,2.0,2.0,1.0,1.3405019435250136,0.34452034758124034,0.06485299142153556,-1.2118584192988318,1.4091629133261054
1.0,1.0,2.0,1.0,0.0038247661472472732,1.0371719971728388,-0.9768672384807918,0.40903557216346226,0.45197321956723646
2.0,2.0,1.0,2.0,0.17090941331946807,1.2969163657696883,-0.6296271618466828,-0.4014114235676847,0.7417474432637687
0.0,1.0,1.0,1.0,-0.6645138225416359,1.1237534533717888,-1.3935553304417228,-1.2118584192988318,-0.2060946948919866
1.0,1.0,2.0,2.0,-1.6670217055749608,0.08477597898439089,1.3843652826311503,2.840376559356903,-1.4736232346742395
0.0,1.0,1.0,1.0,0.0038247661472472732,-1.5602716887956556,-1.1157632691344355,1.2194825678946093,-0.6697334528064391
0.0,1.0,2.0,1.0,-0.33034452819719434,1.470079278167588,-0.6296271618466828,0.40903557216346226,0.27623917422869376
0.0,2.0,1.0,1.0,1.3405019435250136,1.2969163657696883,-0.5601791465198609,0.40903557216346226,1.9849723384779252
1.0,1.0,1.0,1.0,0.0038247661472472732,0.34452034758124034,0.689885129362932,-1.2118584192988318,0.15285144026758946
0.0,1.0,2.0,1.0,-0.33034452819719434,-1.5602716887956556,1.5927093286116158,1.2194825678946093,-0.9015528317636654
2.0,1.0,0.0,1.0,0.5050787076639097,-1.2139458639998564,-0.14349105455892994,0.40903557216346226,-0.1500093612733027
1.0,0.0,1.0,1.0,0.0038247661472472732,0.8640090847749392,-1.324107315114901,1.2194825678946093,0.3771927747423244
1.0,2.0,0.0,1.0,-0.8315984697138568,-1.3005273201988061,-1.324107315114901,1.2194825678946093,-1.165153899771479
1.0,1.0,1.0,1.0,-0.16325988102497352,-0.0018054772145589292,1.7316053592652594,-1.2118584192988318,-0.1462703390320572
1.0,1.0,1.0,1.0,-0.33034452819719434,0.1713574351833407,0.8982291753433975,1.2194825678946093,-0.22852882833946028
1.0,2.0,2.0,1.0,0.6721633548361304,0.9505905409738891,0.06485299142153556,-1.2118584192988318,1.0950850450614764
2.0,1.0,2.0,2.0,1.3405019435250136,1.2103349095707385,-0.6990751771735045,-0.4014114235676847,1.9326260271004874
0.0,2.0,1.0,2.0,0.8392480020083513,0.43110180378019014,0.2037490220751792,0.40903557216346226,0.9847838889447318
0.0,1.0,1.0,1.0,-0.8315984697138568,-0.9542014954030069,-1.5324513610953665,-1.2118584192988318,-1.0529832325341115
2.0,1.0,0.0,0.0,-0.4974291753694151,1.0371719971728388,1.037125205997041,-0.4014114235676847,-0.06401184972465444
1.0,1.0,1.0,1.0,-1.1657677640582984,0.1713574351833407,0.8982291753433975,-1.2118584192988318,-0.995028387794805
0.0,1.0,1.0,1.0,0.5050787076639097,-0.6944571268061575,-0.7685231925003264,-0.4014114235676847,0.10798317337264207
1.0,1.0,1.0,1.0,0.6721633548361304,1.5566607343665377,1.106573221323863,0.40903557216346226,1.4091629133261054
1.0,2.0,1.0,2.0,-2.168275647091623,1.3834978219686382,-0.49073113119303907,0.40903557216346226,-1.731615769320185
1.0,2.0,0.0,1.0,-0.4974291753694151,0.6042647161780897,0.6204371140361101,-1.2118584192988318,-0.22292029497759203
1.0,0.0,0.0,0.0,-0.33034452819719434,1.470079278167588,0.13430100674835738,2.029929563625756,0.27623917422869376
1.0,2.0,1.0,0.0,-0.8315984697138568,-0.5212942144082578,0.06485299142153556,-0.4014114235676847,-0.9127698984874022
2.0,2.0,1.0,2.0,1.006332649180572,1.7298236467644375,0.273197037402001,-0.4014114235676847,1.872801671240558
2.0,1.0,1.0,1.0,0.17090941331946807,-0.9542014954030069,-0.6296271618466828,-0.4014114235676847,-0.2790056285962759
1.0,1.0,1.0,1.0,0.8392480020083513,-0.08838693341350874,-0.7685231925003264,-1.2118584192988318,0.704357220851313
1.0,1.0,1.0,1.0,-0.4974291753694151,-1.387108776397756,-1.0463152538076137,-0.4014114235676847,-0.9538991431411035
0.0,1.0,1.0,2.0,1.5075865906972346,0.9505905409738891,0.34264505272882284,-1.2118584192988318,1.945712604944847
0.0,1.0,0.0,0.0,-0.9986831168860775,0.7774276285759895,-0.5601791465198609,1.2194825678946093,-0.6585163860827022
0.0,1.0,2.0,2.0,1.006332649180572,-1.1273644078009066,-1.67134739174901,0.40903557216346226,0.26876112974620275
1.0,1.0,0.0,2.0,-1.6670217055749608,-0.3481313020103582,0.06485299142153556,-0.4014114235676847,-1.5670987907053795
1.0,1.0,2.0,1.0,-0.9986831168860775,1.2103349095707385,-0.2823870852125736,-1.2118584192988318,-0.527650607639107
2.0,1.0,2.0,1.0,-1.1657677640582984,1.0371719971728388,-0.0740430392321081,0.40903557216346226,-0.7519919421138419
0.0,1.0,1.0,1.0,0.3379940604916889,0.6908461723770396,-1.1852112844612572,1.2194825678946093,0.631446287147024
1.0,0.0,1.0,1.0,0.8392480020083513,-0.2615498458114084,-0.2823870852125736,-1.2118584192988318,0.6108816648201734
1.0,1.0,1.0,1.0,0.0038247661472472732,-0.08838693341350874,0.5509890987092884,1.2194825678946093,-0.03409967179468975
1.0,1.0,2.0,1.0,-0.4974291753694151,1.470079278167588,0.13430100674835738,-1.2118584192988318,0.09489659552828247
1.0,1.0,1.0,1.0,0.17090941331946807,-0.08838693341350874,1.6621573439384376,0.40903557216346226,0.11359170673451066
1.0,2.0,2.0,1.0,1.6746712378694553,1.470079278167588,-0.35183510053939543,-1.2118584192988318,2.452350118633623
1.0,1.0,1.0,2.0,-1.3328524112305191,1.7298236467644375,-0.7685231925003264,-0.4014114235676847,-0.7445138976313509
0.0,1.0,2.0,2.0,-0.16325988102497352,0.9505905409738891,-1.2546592997880792,1.2194825678946093,0.24445748517810598
2.0,0.0,2.0,1.0,-0.4974291753694151,-1.1273644078009066,-0.9074192231539701,1.2194825678946093,-0.8585540759893411
1.0,1.0,1.0,1.0,2.175925179386118,-0.5212942144082578,0.8982291753433975,0.40903557216346226,1.5774189141821564
1.0,0.0,1.0,1.0,0.3379940604916889,-0.2615498458114084,0.6204371140361101,1.2194825678946093,0.17902459595630865
1.0,0.0,2.0,2.0,-0.4974291753694151,-0.0018054772145589292,0.8982291753433975,2.029929563625756,-0.4453921183317039
0.0,2.0,2.0,1.0,0.0038247661472472732,-0.08838693341350874,0.689885129362932,0.40903557216346226,-0.03409967179468975
1.0,0.0,1.0,1.0,-0.16325988102497352,-1.387108776397756,-0.9074192231539701,-1.2118584192988318,-0.7146017197013862
0.0,1.0,2.0,1.0,-0.9986831168860775,1.3834978219686382,1.5232613132847939,0.40903557216346226,-0.47530429626166887
1.0,1.0,2.0,1.0,-2.168275647091623,0.34452034758124034,-0.5601791465198609,-0.4014114235676847,-1.8886547034524994
2.0,2.0,1.0,1.0,0.0038247661472472732,1.2103349095707385,-1.1157632691344355,1.2194825678946093,0.5267536643921472
1.0,1.0,1.0,1.0,-0.8315984697138568,0.1713574351833407,-0.004595023905286278,-0.4014114235676847,-0.6884285640126673
0.0,1.0,1.0,2.0,1.3405019435250136,-0.5212942144082578,1.453813297957972,-1.2118584192988318,0.8856997995517236
1.0,0.0,2.0,1.0,0.6721633548361304,-0.3481313020103582,0.5509890987092884,-0.4014114235676847,0.42206104163727176
0.0,2.0,1.0,2.0,-0.33034452819719434,1.5566607343665377,-0.9074192231539701,1.2194825678946093,0.30989037439990397
0.0,1.0,1.0,0.0,0.5050787076639097,1.6432421905654877,0.34264505272882284,1.2194825678946093,1.2689495792793961
1.0,1.0,2.0,1.0,0.5050787076639097,0.1713574351833407,0.5509890987092884,0.40903557216346226,0.5379707311158843
1.0,1.0,2.0,1.0,0.0038247661472472732,-0.17496838961245856,-0.7685231925003264,0.40903557216346226,-0.07148989420714545
1.0,1.0,1.0,1.0,2.0088405322138967,0.25793889138229054,-0.0740430392321081,1.2194825678946093,1.977494293995434
1.0,1.0,2.0,1.0,0.17090941331946807,1.3834978219686382,-0.8379712078271482,-0.4014114235676847,0.7810071767968475
0.0,1.0,2.0,1.0,-2.001190999919402,0.7774276285759895,0.41209306805564466,2.029929563625756,-1.6568353244952736
0.0,1.0,2.0,1.0,-0.6645138225416359,-0.5212942144082578,0.34264505272882284,-1.2118584192988318,-0.7744260755613156
1.0,0.0,2.0,2.0,-1.3328524112305191,1.3834978219686382,-0.9074192231539701,0.40903557216346226,-0.834250431421245
1.0,1.0,2.0,1.0,1.6746712378694553,-1.1273644078009066,-1.6018993764221883,-0.4014114235676847,0.7697901100731109
1.0,0.0,1.0,1.0,-0.33034452819719434,1.2103349095707385,-1.6018993764221883,-0.4014114235676847,0.17528557371506248
2.0,1.0,2.0,0.0,-0.6645138225416359,-1.1273644078009066,1.037125205997041,-0.4014114235676847,-0.9838113210710682
1.0,1.0,0.0,1.0,-0.9986831168860775,0.43110180378019014,-1.5324513610953665,2.029929563625756,-0.7632090088375787
1.0,1.0,0.0,2.0,0.0038247661472472732,0.51768325997914,-1.5324513610953665,-0.4014114235676847,0.22763188509250087
0.0,1.0,1.0,2.0,0.5050787076639097,1.7298236467644375,-0.6990751771735045,-0.4014114235676847,1.3119483350537204
1.0,1.0,1.0,1.0,0.6721633548361304,1.0371719971728388,-1.3935553304417228,-0.4014114235676847,1.1399533119564238
1.0,2.0,0.0,0.0,0.5050787076639097,-1.5602716887956556,0.8287811600165756,-0.4014114235676847,-0.3220043843705999
1.0,2.0,1.0,1.0,-0.16325988102497352,1.6432421905654877,1.7316053592652594,-0.4014114235676847,0.5286231755127703
1.0,1.0,2.0,2.0,-0.4974291753694151,0.51768325997914,1.5927093286116158,0.40903557216346226,-0.2547019840281795
1.0,2.0,0.0,1.0,-0.16325988102497352,-1.2139458639998564,1.6621573439384376,-0.4014114235676847,-0.6435602971177199
0.0,1.0,2.0,1.0,0.6721633548361304,1.2969163657696883,0.13430100674835738,-0.4014114235676847,1.274558112641264
1.0,1.0,2.0,1.0,0.5050787076639097,0.34452034758124034,-0.14349105455892994,-0.4014114235676847,0.623968242664533
1.0,2.0,2.0,1.0,1.3405019435250136,0.7774276285759895,0.48154108338246654,-1.2118584192988318,1.6708944702132968
1.0,2.0,1.0,1.0,0.0038247661472472732,-1.0407829516019567,0.689885129362932,-0.4014114235676847,-0.4453921183317039
1.0,1.0,2.0,2.0,-0.33034452819719434,0.8640090847749392,-0.42128311586621725,-0.4014114235676847,0.04068077303022167
0.0,1.0,2.0,2.0,-0.9986831168860775,0.1713574351833407,1.3149172673043283,0.40903557216346226,-0.8417284759037363
1.0,2.0,0.0,1.0,1.006332649180572,-1.0407829516019567,-0.35183510053939543,-0.4014114235676847,0.317368418882395
1.0,1.0,0.0,1.0,0.17090941331946807,-0.434712758209308,0.48154108338246654,-0.4014114235676847,-0.04344722739780384
1.0,1.0,2.0,0.0,-0.6645138225416359,-0.17496838961245856,0.5509890987092884,-1.2118584192988318,-0.6547773638414568
0.0,1.0,0.0,1.0,-2.001190999919402,-0.2615498458114084,1.037125205997041,-0.4014114235676847,-1.8363083920750614
2.0,2.0,1.0,2.0,0.17090941331946807,-0.6078756706072076,1.5927093286116158,-1.2118584192988318,-0.12196669446396109
2.0,1.0,1.0,1.0,-1.1657677640582984,0.34452034758124034,-1.67134739174901,-1.2118584192988318,-0.9464210986586125
0.0,1.0,0.0,1.0,-1.4999370584027398,-0.17496838961245856,1.5927093286116158,0.40903557216346226,-1.3838867008843456
0.0,0.0,1.0,1.0,0.17090941331946807,0.7774276285759895,0.689885129362932,-0.4014114235676847,0.5061890420652972
1.0,1.0,0.0,1.0,-2.335360294263844,1.5566607343665377,-0.004595023905286278,-0.4014114235676847,-1.8886547034524994
0.0,0.0,1.0,0.0,-1.6670217055749608,1.7298236467644375,1.2454692519775066,0.40903557216346226,-1.1184161217559092
0.0,2.0,2.0,1.0,-0.16325988102497352,0.6042647161780897,0.13430100674835738,1.2194825678946093,0.10237464001077415
1.0,2.0,1.0,2.0,0.5050787076639097,-1.387108776397756,-0.21293906988575176,-1.2118584192988318,-0.2360068728219513
1.0,0.0,1.0,1.0,-0.4974291753694151,-0.0018054772145589292,-0.7685231925003264,-0.4014114235676847,-0.4453921183317039
1.0,2.0,1.0,1.0,2.175925179386118,-1.6468531449946056,1.1760212366506848,-0.4014114235676847,0.7753986434349789
0.0,2.0,1.0,1.0,-0.4974291753694151,0.25793889138229054,-0.35183510053939543,1.2194825678946093,-0.35004705117994184
1.0,2.0,1.0,1.0,-0.9986831168860775,-1.3005273201988061,-0.8379712078271482,0.40903557216346226,-1.2866721226119606
0.0,1.0,2.0,0.0,0.0038247661472472732,1.470079278167588,-0.42128311586621725,-1.2118584192988318,0.638924331629515
2.0,1.0,1.0,2.0,1.3405019435250136,-0.7810385830051073,-0.42128311586621725,-0.4014114235676847,0.7286608654194091
1.0,2.0,0.0,2.0,0.3379940604916889,-0.8676200392040571,1.6621573439384376,-0.4014114235676847,-0.10888011661960183
2.0,1.0,1.0,1.0,-0.16325988102497352,1.3834978219686382,-1.2546592997880792,-1.2118584192988318,0.4220610416372711
0.0,1.0,2.0,2.0,1.006332649180572,-1.4736902325967058,-0.8379712078271482,-0.4014114235676847,0.07433197320143187
0.0,1.0,1.0,1.0,0.17090941331946807,0.9505905409738891,-0.6296271618466828,-0.4014114235676847,0.5847085091314542
1.0,2.0,0.0,2.0,-0.8315984697138568,-1.6468531449946056,0.48154108338246654,0.40903557216346226,-1.2773245670088464
0.0,0.0,0.0,1.0,1.173417296352793,1.7298236467644375,0.2037490220751792,0.40903557216346226,2.0597527833028373
1.0,1.0,2.0,0.0,0.3379940604916889,1.6432421905654877,1.3843652826311503,0.40903557216346226,1.08386797833774
0.0,2.0,0.0,1.0,0.6721633548361304,-0.3481313020103582,-0.21293906988575176,-0.4014114235676847,0.42206104163727176
0.0,0.0,1.0,2.0,0.17090941331946807,-1.3005273201988061,1.5927093286116158,-0.4014114235676847,-0.4360445627285901
2.0,0.0,2.0,1.0,-0.8315984697138568,-1.5602716887956556,-0.7685231925003264,0.40903557216346226,-1.2492819001995046
2.0,1.0,1.0,1.0,-0.8315984697138568,-1.7334346011935553,-0.6296271618466828,0.40903557216346226,-1.3053672338181885
1.0,1.0,2.0,1.0,-2.001190999919402,-0.6078756706072076,-1.4630033457685447,0.40903557216346226,-1.8961327479349908
2.0,2.0,2.0,2.0,-0.33034452819719434,-1.0407829516019567,-1.6018993764221883,-1.2118584192988318,-0.6996456307364038
0.0,1.0,1.0,1.0,0.6721633548361304,-1.6468531449946056,0.8982291753433975,-0.4014114235676847,-0.25096296178693367
0.0,2.0,1.0,1.0,1.841755885041676,-1.387108776397756,1.5232613132847939,0.40903557216346226,0.7211828209369181
1.0,1.0,0.0,1.0,2.175925179386118,-1.0407829516019567,0.8982291753433975,0.40903557216346226,1.2072557122988443
1.0,2.0,1.0,2.0,-1.6670217055749608,-0.434712758209308,0.41209306805564466,1.2194825678946093,-1.5857939019116072
0.0,2.0,1.0,1.0,-0.33034452819719434,0.8640090847749392,-1.6018993764221883,2.840376559356903,0.04068077303022167
0.0,0.0,1.0,2.0,1.173417296352793,1.5566607343665377,1.2454692519775066,2.840376559356903,1.9587991827892066
0.0,1.0,0.0,1.0,-0.16325988102497352,-0.2615498458114084,-1.4630033457685447,0.40903557216346226,-0.2528324729075564
2.0,1.0,1.0,1.0,-0.16325988102497352,0.34452034758124034,1.5232613132847939,0.40903557216346226,-0.00418749386472538
1.0,2.0,1.0,1.0,0.17090941331946807,0.08477597898439089,-0.14349105455892994,1.2194825678946093,0.19211117380066825
2.0,1.0,2.0,1.0,3.011348415247222,-1.4736902325967058,-1.6018993764221883,-0.4014114235676847,1.4876823803922632
0.0,2.0,2.0,1.0,-1.4999370584027398,-0.17496838961245856,-0.8379712078271482,-0.4014114235676847,-1.3838867008843456
1.0,1.0,2.0,1.0,-0.4974291753694151,1.0371719971728388,-0.6296271618466828,0.40903557216346226,-0.06401184972465444
0.0,2.0,1.0,2.0,0.17090941331946807,0.43110180378019014,-0.004595023905286278,-0.4014114235676847,0.34915010793298207
0.0,1.0,1.0,1.0,0.5050787076639097,-0.17496838961245856,-0.0740430392321081,1.2194825678946093,0.36597570801858786
0.0,1.0,1.0,2.0,0.17090941331946807,-1.4736902325967058,-0.35183510053939543,-0.4014114235676847,-0.5145640297947474
0.0,1.0,1.0,2.0,0.0038247661472472732,1.1237534533717888,0.48154108338246654,-0.4014114235676847,0.48936344197969217
1.0,2.0,1.0,1.0,2.0088405322138967,1.470079278167588,-0.14349105455892994,-1.2118584192988318,2.815035276034445
0.0,1.0,1.0,1.0,0.6721633548361304,-1.0407829516019567,-0.14349105455892994,-0.4014114235676847,0.06311490647769535
1.0,0.0,2.0,1.0,0.8392480020083513,-0.8676200392040571,-0.14349105455892994,0.40903557216346226,0.28371721871118477
1.0,1.0,1.0,1.0,-0.4974291753694151,0.7774276285759895,-0.0740430392321081,-0.4014114235676847,-0.1593569168764168
1.0,0.0,1.0,1.0,-0.16325988102497352,-1.387108776397756,1.6621573439384376,-0.4014114235676847,-0.7146017197013862
1.0,1.0,1.0,1.0,-0.6645138225416359,0.1713574351833407,-1.1157632691344355,-0.4014114235676847,-0.5351286521215983
1.0,2.0,2.0,1.0,-0.33034452819719434,0.6908461723770396,0.2037490220751792,-1.2118584192988318,-0.026621627312198737
0.0,1.0,0.0,2.0,-0.6645138225416359,-0.2615498458114084,-0.42128311586621725,-0.4014114235676847,-0.6846895417714215
0.0,1.0,1.0,2.0,0.6721633548361304,0.9505905409738891,-1.6018993764221883,-1.2118584192988318,1.0950850450614764
2.0,1.0,1.0,2.0,-0.9986831168860775,-0.5212942144082578,0.06485299142153556,-0.4014114235676847,-1.051113721413489
2.0,1.0,1.0,2.0,0.17090941331946807,0.9505905409738891,0.2037490220751792,0.40903557216346226,0.5847085091314542
0.0,1.0,2.0,1.0,-0.33034452819719434,1.6432421905654877,0.41209306805564466,-0.4014114235676847,0.34354157457111417
1.0,1.0,0.0,1.0,1.006332649180572,-1.6468531449946056,-0.35183510053939543,0.40903557216346226,-0.022882605070953233
1.0,1.0,1.0,2.0,1.3405019435250136,0.43110180378019014,-0.0740430392321081,-0.4014114235676847,1.461509224703544
2.0,1.0,2.0,2.0,0.5050787076639097,-1.2139458639998564,1.2454692519775066,-0.4014114235676847,-0.1500093612733027
1.0,2.0,1.0,0.0,-0.4974291753694151,-1.2139458639998564,-1.4630033457685447,0.40903557216346226,-0.8903357650399285
0.0,1.0,1.0,1.0,0.6721633548361304,-1.387108776397756,-0.5601791465198609,-1.2118584192988318,-0.11635816110209284
1.0,1.0,1.0,0.0,0.5050787076639097,-1.0407829516019567,0.34264505272882284,-0.4014114235676847,-0.06401184972465444
1.0,2.0,2.0,2.0,-1.3328524112305191,-1.3005273201988061,-0.6296271618466828,-1.2118584192988318,-1.5297085682929235
0.0,1.0,1.0,1.0,-0.6645138225416359,-1.1273644078009066,1.3843652826311503,0.40903557216346226,-0.9838113210710682
0.0,0.0,1.0,2.0,0.8392480020083513,-1.0407829516019567,-0.9074192231539701,-0.4014114235676847,0.19024166268004516
0.0,1.0,0.0,1.0,0.5050787076639097,0.43110180378019014,-0.5601791465198609,-0.4014114235676847,0.6669669984388573
0.0,2.0,1.0,1.0,-0.9986831168860775,-0.3481313020103582,-0.0740430392321081,-1.2118584192988318,-0.9987674100360505
1.0,1.0,2.0,1.0,-0.4974291753694151,-0.17496838961245856,0.8982291753433975,-1.2118584192988318,-0.5089554964328791
2.0,1.0,0.0,1.0,-0.16325988102497352,-0.8676200392040571,-1.4630033457685447,-1.2118584192988318,-0.5014774519503881
1.0,2.0,0.0,1.0,-0.16325988102497352,-0.2615498458114084,1.1760212366506848,0.40903557216346226,-0.2528324729075564
1.0,2.0,0.0,1.0,-0.33034452819719434,0.1713574351833407,-1.740795407075832,-0.4014114235676847,-0.22852882833946028
1.0,0.0,1.0,1.0,-0.6645138225416359,-1.0407829516019567,1.1760212366506848,-0.4014114235676847,-0.9538991431411035
1.0,1.0,1.0,1.0,0.8392480020083513,1.6432421905654877,0.5509890987092884,-0.4014114235676847,1.639112781162709
0.0,1.0,2.0,1.0,1.3405019435250136,-1.4736902325967058,0.8287811600165756,-1.2118584192988318,0.30989037439990397
1.0,0.0,2.0,1.0,1.006332649180572,1.2969163657696883,0.13430100674835738,-1.2118584192988318,1.629765225559595
1.0,0.0,0.0,1.0,-1.8341063527471815,1.7298236467644375,0.273197037402001,-0.4014114235676847,-1.3053672338181885
1.0,1.0,1.0,1.0,1.006332649180572,1.0371719971728388,-0.7685231925003264,-0.4014114235676847,1.4839433581510175
1.0,0.0,2.0,1.0,1.3405019435250136,-1.0407829516019567,1.6621573439384376,-0.4014114235676847,0.5716219312870953
0.0,1.0,1.0,1.0,-1.4999370584027398,1.2969163657696883,0.2037490220751792,2.029929563625756,-1.0342881213278838
1.0,1.0,0.0,1.0,-1.3328524112305191,-0.3481313020103582,-1.67134739174901,-1.2118584192988318,-1.2829331003707147
1.0,2.0,2.0,1.0,1.006332649180572,-0.9542014954030069,1.037125205997041,1.2194825678946093,0.3659757080185872
0.0,1.0,2.0,2.0,0.0038247661472472732,1.470079278167588,-0.5601791465198609,-0.4014114235676847,0.638924331629515
1.0,0.0,0.0,2.0,0.6721633548361304,-1.7334346011935553,-0.6296271618466828,-0.4014114235676847,-0.29583122868188105
0.0,1.0,2.0,2.0,0.3379940604916889,1.2969163657696883,0.8982291753433975,-1.2118584192988318,0.9193509997229338
2.0,1.0,0.0,2.0,0.0038247661472472732,-0.9542014954030069,1.6621573439384376,-0.4014114235676847,-0.4080018959192485
2.0,2.0,2.0,1.0,0.8392480020083513,0.25793889138229054,0.689885129362932,0.40903557216346226,0.8913083329135921
1.0,0.0,1.0,1.0,0.8392480020083513,-1.4736902325967058,-1.1852112844612572,-0.4014114235676847,-0.04344722739780384
1.0,1.0,2.0,2.0,-1.6670217055749608,-1.2139458639998564,0.13430100674835738,-1.2118584192988318,-1.7540499027676586
2.0,0.0,1.0,2.0,-0.4974291753694151,-1.0407829516019567,1.7316053592652594,-0.4014114235676847,-0.8267723869387537
1.0,1.0,1.0,1.0,0.6721633548361304,0.34452034758124034,0.48154108338246654,-0.4014114235676847,0.7810071767968475
1.0,0.0,1.0,1.0,-0.4974291753694151,-0.7810385830051073,-0.9074192231539701,0.40903557216346226,-0.7314273197869913
0.0,1.0,1.0,1.0,-0.16325988102497352,-1.3005273201988061,-0.6296271618466828,-1.2118584192988318,-0.6790810084095532
2.0,0.0,0.0,1.0,0.3379940604916889,-0.0018054772145589292,0.273197037402001,-1.2118584192988318,0.30241232991741296
2.0,1.0,2.0,2.0,-1.1657677640582984,-0.17496838961245856,0.48154108338246654,-1.2118584192988318,-1.0922429660671902
2.0,1.0,1.0,1.0,0.5050787076639097,-1.4736902325967058,1.3149172673043283,0.40903557216346226,-0.2790056285962756
2.0,2.0,0.0,1.0,0.0038247661472472732,-1.5602716887956556,1.3149172673043283,-0.4014114235676847,-0.6697334528064391
1.0,1.0,1.0,1.0,-0.6645138225416359,0.08477597898439089,-0.0740430392321081,1.2194825678946093,-0.5650408300515627
1.0,0.0,1.0,1.0,0.5050787076639097,0.6908461723770396,-1.1157632691344355,-0.4014114235676847,0.7959632657618295
0.0,0.0,0.0,1.0,0.0038247661472472732,1.6432421905654877,-0.9768672384807918,-0.4014114235676847,0.7137047764544271
1.0,1.0,0.0,0.0,1.5075865906972346,-0.0018054772145589292,1.037125205997041,0.40903557216346226,1.3493385574661767
0.0,1.0,0.0,1.0,0.0038247661472472732,-1.387108776397756,-1.5324513610953665,-0.4014114235676847,-0.5949530079815274
1.0,1.0,1.0,0.0,0.0038247661472472732,-0.7810385830051073,-0.6296271618466828,-0.4014114235676847,-0.33322145109433676
2.0,0.0,0.0,1.0,-1.1657677640582984,-0.08838693341350874,-1.1852112844612572,0.40903557216346226,-1.067939321499094
1.0,1.0,1.0,1.0,0.6721633548361304,-0.2615498458114084,-1.6018993764221883,-1.2118584192988318,0.4669293085322185
1.0,2.0,1.0,1.0,-0.16325988102497352,-1.6468531449946056,-0.7685231925003264,1.2194825678946093,-0.8211638535768854
1.0,1.0,2.0,1.0,-0.8315984697138568,-0.6078756706072076,-1.324107315114901,-0.4014114235676847,-0.9408125652967442
0.0,1.0,0.0,2.0,-1.3328524112305191,0.8640090847749392,0.8287811600165756,0.40903557216346226,-0.9688552321060858
2.0,1.0,1.0,0.0,-1.6670217055749608,1.0371719971728388,-1.0463152538076137,1.2194825678946093,-1.2679770114057325
1.0,0.0,2.0,1.0,0.3379940604916889,-0.08838693341350874,1.453813297957972,-0.4014114235676847,0.26128308526371175
0.0,1.0,1.0,1.0,-0.6645138225416359,-1.2139458639998564,1.3843652826311503,-0.4014114235676847,-1.0137234990010329
0.0,1.0,2.0,1.0,-0.16325988102497352,-1.2139458639998564,1.3149172673043283,-0.4014114235676847,-0.6435602971177199
0.0,0.0,2.0,1.0,-0.8315984697138568,-0.5212942144082578,-0.49073113119303907,1.2194825678946093,-0.9127698984874022
1.0,2.0,2.0,1.0,1.006332649180572,-1.5602716887956556,-0.004595023905286278,0.40903557216346226,0.02572468406523965
1.0,2.0,2.0,2.0,0.6721633548361304,1.2969163657696883,0.2037490220751792,0.40903557216346226,1.274558112641264
1.0,1.0,2.0,1.0,-0.8315984697138568,-0.08838693341350874,-0.6296271618466828,0.40903557216346226,-0.7725565644406924
1.0,1.0,2.0,2.0,0.3379940604916889,0.25793889138229054,0.48154108338246654,0.40903557216346226,0.4258000638785166
0.0,1.0,0.0,1.0,0.5050787076639097,-0.9542014954030069,-0.6296271618466828,-0.4014114235676847,-0.02101309395033048
1.0,0.0,2.0,1.0,-0.33034452819719434,0.9505905409738891,1.453813297957972,0.40903557216346226,0.07433197320143187
0.0,1.0,1.0,1.0,-0.4974291753694151,1.470079278167588,-1.324107315114901,0.40903557216346226,0.09489659552828247
2.0,1.0,1.0,2.0,1.006332649180572,0.6042647161780897,1.5927093286116158,-1.2118584192988318,1.2409069124700545
1.0,1.0,1.0,1.0,0.3379940604916889,0.34452034758124034,1.037125205997041,0.40903557216346226,0.4669293085322185
1.0,1.0,0.0,1.0,0.6721633548361304,-1.387108776397756,0.689885129362932,1.2194825678946093,-0.11635816110209284
1.0,1.0,1.0,0.0,0.6721633548361304,-0.3481313020103582,1.1760212366506848,-0.4014114235676847,0.42206104163727176
0.0,1.0,0.0,1.0,-2.5024449414360648,1.3834978219686382,-0.21293906988575176,1.2194825678946093,-2.0905619044797614
2.0,2.0,2.0,1.0,-0.9986831168860775,-1.0407829516019567,-1.67134739174901,-0.4014114235676847,-1.208152655545803
1.0,2.0,2.0,1.0,0.17090941331946807,-1.6468531449946056,0.41209306805564466,-0.4014114235676847,-0.5930834968609046
0.0,1.0,1.0,2.0,-0.6645138225416359,-0.08838693341350874,-0.5601791465198609,0.40903557216346226,-0.6248651859114921
1.0,0.0,0.0,1.0,-0.16325988102497352,1.2969163657696883,0.7593331446897538,-1.2118584192988318,0.38654033034543844
1.0,1.0,0.0,2.0,0.0038247661472472732,0.25793889138229054,0.689885129362932,-0.4014114235676847,0.11546121785513308
1.0,2.0,0.0,0.0,1.6746712378694553,-0.6078756706072076,-1.0463152538076137,-1.2118584192988318,1.106302111785213
2.0,1.0,2.0,0.0,-0.33034452819719434,0.43110180378019014,1.3843652826311503,0.40903557216346226,-0.12757522782582967
0.0,0.0,1.0,1.0,0.17090941331946807,-0.3481313020103582,-1.740795407075832,0.40903557216346226,-0.004187493864725048
0.0,1.0,0.0,2.0,0.17090941331946807,-0.2615498458114084,1.3149172673043283,-0.4014114235676847,0.035072239668353745
1.0,2.0,1.0,2.0,0.8392480020083513,-1.4736902325967058,-0.42128311586621725,-1.2118584192988318,-0.04344722739780384
2.0,1.0,1.0,2.0,-1.6670217055749608,-0.7810385830051073,-1.3935553304417228,0.40903557216346226,-1.660574346736519
1.0,2.0,0.0,2.0,0.5050787076639097,0.6042647161780897,-1.1157632691344355,2.029929563625756,0.7529645099875059
1.0,0.0,2.0,1.0,0.5050787076639097,-0.2615498458114084,1.3149172673043283,-1.2118584192988318,0.32297695224426354
1.0,1.0,2.0,1.0,-0.6645138225416359,0.34452034758124034,-1.5324513610953665,0.40903557216346226,-0.47530429626166887
1.0,1.0,2.0,0.0,-0.16325988102497352,0.25793889138229054,-1.324107315114901,-0.4014114235676847,-0.03970820515655834
1.0,0.0,1.0,1.0,1.3405019435250136,0.8640090847749392,1.106573221323863,-1.2118584192988318,1.7232407815907345
0.0,1.0,1.0,1.0,0.17090941331946807,-0.2615498458114084,0.8982291753433975,0.40903557216346226,0.035072239668353745
1.0,0.0,0.0,2.0,0.3379940604916889,-0.6944571268061575,0.34264505272882284,0.40903557216346226,-0.026621627312198737
0.0,0.0,2.0,2.0,-0.8315984697138568,-1.5602716887956556,1.453813297957972,-1.2118584192988318,-1.2492819001995046
1.0,2.0,0.0,2.0,0.5050787076639097,0.6042647161780897,-0.49073113119303907,-1.2118584192988318,0.7529645099875059
0.0,1.0,1.0,2.0,0.17090941331946807,0.34452034758124034,-1.6018993764221883,-0.4014114235676847,0.30989037439990397
0.0,2.0,0.0,0.0,1.5075865906972346,0.8640090847749392,0.06485299142153556,-0.4014114235676847,1.891496782446786
1.0,1.0,0.0,1.0,0.6721633548361304,1.2969163657696883,0.8287811600165756,-1.2118584192988318,1.274558112641264
0.0,2.0,1.0,1.0,-1.3328524112305191,-0.9542014954030069,1.1760212366506848,-0.4014114235676847,-1.4399720345030296
1.0,1.0,1.0,1.0,0.8392480020083513,-0.8676200392040571,-1.6018993764221883,-0.4014114235676847,0.28371721871118477
0.0,1.0,2.0,1.0,-1.3328524112305191,-0.7810385830051073,0.2037490220751792,0.40903557216346226,-1.3951037676080826
2.0,1.0,1.0,1.0,0.17090941331946807,0.7774276285759895,-0.0740430392321081,1.2194825678946093,0.5061890420652972
0.0,2.0,1.0,1.0,1.841755885041676,0.9505905409738891,0.6204371140361101,0.40903557216346226,2.285963628898195
1.0,2.0,1.0,1.0,0.3379940604916889,-0.7810385830051073,-1.1852112844612572,0.40903557216346226,-0.06775087196590028
2.0,0.0,1.0,2.0,-0.16325988102497352,-1.387108776397756,0.41209306805564466,-1.2118584192988318,-0.7146017197013862
1.0,1.0,1.0,1.0,0.5050787076639097,1.2969163657696883,0.7593331446897538,1.2194825678946093,1.0969545561820988
1.0,0.0,0.0,1.0,0.5050787076639097,-0.0018054772145589292,-1.2546592997880792,-0.4014114235676847,0.45197321956723646
0.0,0.0,2.0,2.0,0.17090941331946807,1.3834978219686382,0.2037490220751792,0.40903557216346226,0.7810071767968475
2.0,2.0,1.0,1.0,0.5050787076639097,1.2103349095707385,-1.3935553304417228,0.40903557216346226,1.0539558004077747
1.0,0.0,1.0,2.0,-1.8341063527471815,1.470079278167588,-1.2546592997880792,2.029929563625756,-1.3558440340750038
0.0,1.0,2.0,2.0,-2.6695295886082855,0.6908461723770396,0.8287811600165756,-0.4014114235676847,-2.3298593279194786
1.0,2.0,1.0,1.0,-0.6645138225416359,-0.7810385830051073,-0.14349105455892994,-0.4014114235676847,-0.8641626093512097
0.0,1.0,1.0,1.0,0.0038247661472472732,-1.1273644078009066,1.2454692519775066,-0.4014114235676847,-0.4827823407441599
2.0,1.0,0.0,2.0,-0.9986831168860775,1.7298236467644375,1.106573221323863,-1.2118584192988318,-0.37061167350679247
1.0,2.0,2.0,2.0,-0.9986831168860775,0.34452034758124034,1.6621573439384376,1.2194825678946093,-0.789382164526298
1.0,1.0,1.0,2.0,0.5050787076639097,1.7298236467644375,-0.49073113119303907,2.029929563625756,1.3119483350537204
1.0,1.0,1.0,2.0,-0.33034452819719434,0.51768325997914,0.8982291753433975,0.40903557216346226,-0.09392402765461914
1.0,1.0,1.0,2.0,1.173417296352793,0.51768325997914,-0.0740430392321081,0.40903557216346226,1.3530775797074217
2.0,0.0,0.0,1.0,-1.1657677640582984,1.1237534533717888,-0.21293906988575176,0.40903557216346226,-0.7276882975457457
1.0,0.0,2.0,1.0,0.3379940604916889,-0.6078756706072076,1.1760212366506848,-1.2118584192988318,0.014507617341502474
0.0,0.0,1.0,0.0,-0.8315984697138568,-1.1273644078009066,0.5509890987092884,1.2194825678946093,-1.1090685661527953
0.0,1.0,0.0,1.0,0.0038247661472472732,1.2969163657696883,-0.9074192231539701,0.40903557216346226,0.5641438868046036
1.0,1.0,0.0,2.0,-0.33034452819719434,1.2103349095707385,-1.5324513610953665,2.029929563625756,0.17528557371506248
2.0,1.0,1.0,1.0,-1.4999370584027398,0.8640090847749392,-0.21293906988575176,1.2194825678946093,-1.1371112329621371
1.0,1.0,0.0,1.0,-0.16325988102497352,-0.5212942144082578,0.9676771906702193,-1.2118584192988318,-0.3593946067830556
0.0,0.0,1.0,2.0,-2.168275647091623,-0.9542014954030069,0.48154108338246654,-0.4014114235676847,-2.084953371117893
0.0,1.0,2.0,1.0,1.173417296352793,1.3834978219686382,-0.2823870852125736,-1.2118584192988318,1.8578455822755753
0.0,0.0,2.0,0.0,1.3405019435250136,-0.9542014954030069,1.2454692519775066,-1.2118584192988318,0.623968242664533
1.0,1.0,1.0,2.0,0.8392480020083513,1.6432421905654877,0.13430100674835738,-1.2118584192988318,1.639112781162709
0.0,2.0,2.0,2.0,-1.3328524112305191,-0.9542014954030069,-1.5324513610953665,0.40903557216346226,-1.4399720345030296
0.0,1.0,0.0,1.0,0.6721633548361304,0.7774276285759895,1.3149172673043283,0.40903557216346226,1.0053485112715823
0.0,2.0,1.0,1.0,-1.4999370584027398,-0.5212942144082578,-0.49073113119303907,-1.2118584192988318,-1.4661451901917484
0.0,1.0,2.0,2.0,-0.33034452819719434,0.25793889138229054,1.453813297957972,-1.2118584192988318,-0.19487762816825008
2.0,1.0,2.0,1.0,3.1784330624194426,1.2969163657696883,-1.4630033457685447,0.40903557216346226,3.938611459528743
1.0,1.0,1.0,0.0,0.6721633548361304,1.3834978219686382,1.453813297957972,0.40903557216346226,1.3194263795362113
2.0,1.0,0.0,0.0,-0.9986831168860775,1.470079278167588,-0.21293906988575176,-0.4014114235676847,-0.4491311405729497
1.0,1.0,1.0,2.0,1.006332649180572,-0.9542014954030069,0.5509890987092884,2.029929563625756,0.3659757080185872
1.0,2.0,1.0,2.0,1.173417296352793,1.7298236467644375,-0.5601791465198609,-0.4014114235676847,2.0597527833028373
2.0,2.0,0.0,1.0,0.0038247661472472732,-0.5212942144082578,-0.42128311586621725,-0.4014114235676847,-0.22105078385696894
2.0,1.0,0.0,0.0,-0.16325988102497352,-1.7334346011935553,1.3149172673043283,-0.4014114235676847,-0.8566845648687184
2.0,0.0,1.0,1.0,-0.16325988102497352,-1.1273644078009066,1.2454692519775066,-1.2118584192988318,-0.6080395858258869
0.0,1.0,2.0,1.0,0.8392480020083513,1.0371719971728388,0.689885129362932,-0.4014114235676847,1.3119483350537204
1.0,0.0,2.0,1.0,0.0038247661472472732,1.1237534533717888,0.5509890987092884,-1.2118584192988318,0.48936344197969217
1.0,0.0,0.0,1.0,0.0038247661472472732,-1.2139458639998564,0.273197037402001,0.40903557216346226,-0.5201725631566156
1.0,1.0,1.0,1.0,0.17090941331946807,1.470079278167588,-0.8379712078271482,-1.2118584192988318,0.8202669103299263
0.0,2.0,1.0,0.0,0.17090941331946807,-0.17496838961245856,0.6204371140361101,-0.4014114235676847,0.07433197320143187
2.0,0.0,0.0,1.0,-0.8315984697138568,1.2969163657696883,-0.5601791465198609,1.2194825678946093,-0.32387389549122264
1.0,1.0,1.0,1.0,-1.1657677640582984,-0.0018054772145589292,0.06485299142153556,-1.2118584192988318,-1.0436356769309976
0.0,0.0,1.0,1.0,-1.4999370584027398,1.470079278167588,-1.0463152538076137,0.40903557216346226,-0.9931588766741822
0.0,2.0,2.0,1.0,0.17090941331946807,-0.434712758209308,0.5509890987092884,-0.4014114235676847,-0.04344722739780384
2.0,0.0,1.0,1.0,-1.1657677640582984,-0.8676200392040571,1.453813297957972,0.40903557216346226,-1.2866721226119606
2.0,0.0,1.0,2.0,-0.4974291753694151,1.1237534533717888,-1.2546592997880792,1.2194825678946093,-0.032230160674067
0.0,1.0,1.0,1.0,-0.6645138225416359,-1.5602716887956556,-0.14349105455892994,1.2194825678946093,-1.1333722107208917
1.0,1.0,2.0,1.0,0.8392480020083513,0.25793889138229054,-0.7685231925003264,-1.2118584192988318,0.8913083329135921
1.0,1.0,1.0,1.0,1.173417296352793,0.6908461723770396,-0.5601791465198609,1.2194825678946093,1.4540311802210528
2.0,2.0,1.0,1.0,-0.4974291753694151,-1.6468531449946056,-1.3935553304417228,-0.4014114235676847,-1.049244210292866
1.0,0.0,1.0,1.0,1.006332649180572,-1.5602716887956556,0.273197037402001,-0.4014114235676847,0.02572468406523965
1.0,2.0,1.0,0.0,0.8392480020083513,-1.4736902325967058,-0.2823870852125736,-0.4014114235676847,-0.04344722739780384
0.0,2.0,2.0,1.0,-0.9986831168860775,-1.0407829516019567,0.273197037402001,0.40903557216346226,-1.208152655545803
1.0,1.0,2.0,1.0,-0.16325988102497352,1.7298236467644375,-1.2546592997880792,-0.4014114235676847,0.5641438868046036
1.0,2.0,1.0,0.0,-0.4974291753694151,1.5566607343665377,-1.324107315114901,0.40903557216346226,0.12667828457887026
2.0,2.0,1.0,0.0,0.6721633548361304,-1.1273644078009066,-1.3935553304417228,0.40903557216346226,0.018246639582748643
1.0,1.0,2.0,2.0,0.17090941331946807,-0.0018054772145589292,0.2037490220751792,-0.4014114235676847,0.15285144026758946
2.0,1.0,0.0,1.0,-0.9986831168860775,-0.6944571268061575,-0.004595023905286278,2.029929563625756,-1.103460032790927
1.0,2.0,1.0,2.0,-2.168275647091623,-1.0407829516019567,-0.0740430392321081,-0.4014114235676847,-2.0980399489622523
2.0,2.0,0.0,1.0,-0.33034452819719434,0.43110180378019014,1.6621573439384376,-1.2118584192988318,-0.12757522782582967
1.0,0.0,1.0,1.0,-0.4974291753694151,-1.387108776397756,-0.49073113119303907,2.840376559356903,-0.9538991431411035
1.0,2.0,2.0,0.0,1.173417296352793,-0.6944571268061575,-1.5324513610953665,1.2194825678946093,0.646402376112006
0.0,1.0,2.0,1.0,0.0038247661472472732,-0.9542014954030069,-0.8379712078271482,-1.2118584192988318,-0.4080018959192485
0.0,1.0,1.0,1.0,0.3379940604916889,1.5566607343665377,1.7316053592652594,-1.2118584192988318,1.0427387336840381
0.0,0.0,2.0,1.0,-0.16325988102497352,1.6432421905654877,-0.5601791465198609,1.2194825678946093,0.5286231755127703
0.0,2.0,1.0,2.0,-0.9986831168860775,0.08477597898439089,1.3843652826311503,0.40903557216346226,-0.8679016315924551
2.0,1.0,1.0,1.0,1.841755885041676,-0.6944571268061575,1.5927093286116158,-1.2118584192988318,1.1848215788513705
0.0,1.0,1.0,2.0,1.3405019435250136,-1.2139458639998564,-1.6018993764221883,-1.2118584192988318,0.4669293085322185
0.0,1.0,2.0,1.0,-0.6645138225416359,-0.17496838961245856,1.6621573439384376,-1.2118584192988318,-0.6547773638414568
2.0,1.0,1.0,1.0,0.3379940604916889,-0.0018054772145589292,-0.9768672384807918,-0.4014114235676847,0.30241232991741296
1.0,1.0,2.0,2.0,1.006332649180572,0.6908461723770396,0.273197037402001,-0.4014114235676847,1.2895142016062466
1.0,0.0,2.0,1.0,0.17090941331946807,-1.4736902325967058,1.3843652826311503,0.40903557216346226,-0.5145640297947474
1.0,1.0,1.0,1.0,0.3379940604916889,-0.17496838961245856,1.453813297957972,-1.2118584192988318,0.22015384061000987
1.0,2.0,1.0,1.0,0.6721633548361304,1.2969163657696883,1.1760212366506848,0.40903557216346226,1.274558112641264
1.0,0.0,0.0,1.0,0.0038247661472472732,1.1237534533717888,-0.42128311586621725,0.40903557216346226,0.48936344197969217
1.0,1.0,1.0,1.0,-0.8315984697138568,0.08477597898439089,1.7316053592652594,-0.4014114235676847,-0.7164712308220089
1.0,2.0,2.0,0.0,0.0038247661472472732,-1.6468531449946056,-0.49073113119303907,-0.4014114235676847,-0.7071236752188952
1.0,2.0,2.0,1.0,-0.16325988102497352,-1.0407829516019567,-1.67134739174901,-0.4014114235676847,-0.5725188745340537
1.0,1.0,2.0,0.0,2.0088405322138967,-1.4736902325967058,1.106573221323863,0.40903557216346226,0.7810071767968475
2.0,2.0,0.0,2.0,-1.1657677640582984,0.6042647161780897,-1.3935553304417228,-0.4014114235676847,-0.8735101649543234
0.0,2.0,1.0,1.0,-0.9986831168860775,-1.5602716887956556,1.7316053592652594,-0.4014114235676847,-1.365191589678118
1.0,1.0,0.0,1.0,2.0088405322138967,-0.434712758209308,-1.324107315114901,1.2194825678946093,1.4988994471159995
0.0,2.0,2.0,1.0,0.17090941331946807,0.1713574351833407,-1.5324513610953665,-1.2118584192988318,0.23137090733374638
0.0,0.0,1.0,0.0,-0.8315984697138568,1.6432421905654877,-0.004595023905286278,0.40903557216346226,-0.21170322825385518
0.0,0.0,1.0,0.0,1.006332649180572,0.1713574351833407,1.3149172673043283,-1.2118584192988318,0.9978704667890914
0.0,0.0,1.0,2.0,-0.6645138225416359,0.6042647161780897,-1.324107315114901,0.40903557216346226,-0.3855677624717748
2.0,0.0,1.0,1.0,0.0038247661472472732,1.5566607343665377,-0.004595023905286278,2.029929563625756,0.6763145540419714
0.0,1.0,1.0,2.0,0.5050787076639097,0.34452034758124034,-1.1157632691344355,-0.4014114235676847,0.623968242664533
1.0,1.0,2.0,2.0,-1.3328524112305191,1.5566607343665377,-0.49073113119303907,1.2194825678946093,-0.789382164526298
2.0,1.0,2.0,1.0,-0.6645138225416359,-1.2139458639998564,-1.2546592997880792,1.2194825678946093,-1.0137234990010329
1.0,1.0,1.0,1.0,1.173417296352793,-0.3481313020103582,-1.1852112844612572,-0.4014114235676847,0.8483095771392679
2.0,1.0,1.0,1.0,1.173417296352793,0.1713574351833407,-1.67134739174901,1.2194825678946093,1.1511703786801597
0.0,0.0,1.0,1.0,-0.4974291753694151,1.1237534533717888,1.2454692519775066,-1.2118584192988318,-0.032230160674067
0.0,1.0,2.0,0.0,0.5050787076639097,-0.6944571268061575,0.8287811600165756,1.2194825678946093,0.10798317337264207
2.0,2.0,2.0,1.0,-0.33034452819719434,0.8640090847749392,-0.2823870852125736,-1.2118584192988318,0.04068077303022167
1.0,1.0,2.0,1.0,0.17090941331946807,0.9505905409738891,1.1760212366506848,2.840376559356903,0.5847085091314542
2.0,0.0,2.0,1.0,-0.8315984697138568,1.6432421905654877,-1.740795407075832,2.029929563625756,-0.21170322825385518
0.0,2.0,1.0,1.0,-0.9986831168860775,-0.3481313020103582,-1.1157632691344355,1.2194825678946093,-0.9987674100360505
0.0,1.0,0.0,1.0,0.8392480020083513,-0.3481313020103582,0.8982291753433975,-0.4014114235676847,0.5641438868046036
1.0,2.0,2.0,0.0,0.0038247661472472732,-0.2615498458114084,-1.3935553304417228,-0.4014114235676847,-0.1088801166196015
1.0,1.0,0.0,2.0,0.5050787076639097,1.2103349095707385,0.2037490220751792,0.40903557216346226,1.0539558004077747
0.0,1.0,2.0,2.0,-0.9986831168860775,0.08477597898439089,-0.7685231925003264,0.40903557216346226,-0.8679016315924551
1.0,1.0,2.0,1.0,-1.1657677640582984,-0.8676200392040571,-0.6296271618466828,-0.4014114235676847,-1.2866721226119606
0.0,0.0,1.0,2.0,-1.1657677640582984,0.43110180378019014,1.453813297957972,-0.4014114235676847,-0.9221174540905163
2.0,0.0,2.0,1.0,-0.33034452819719434,-0.3481313020103582,0.48154108338246654,-0.4014114235676847,-0.4304360293667219
1.0,1.0,1.0,1.0,-0.33034452819719434,-1.6468531449946056,-1.324107315114901,1.2194825678946093,-0.9352040319348756
0.0,1.0,0.0,1.0,1.3405019435250136,0.7774276285759895,-0.2823870852125736,0.40903557216346226,1.6708944702132968
1.0,1.0,1.0,0.0,-1.4999370584027398,-0.3481313020103582,-0.2823870852125736,-0.4014114235676847,-1.4250159455380473
2.0,1.0,1.0,1.0,1.006332649180572,-1.0407829516019567,-0.9074192231539701,2.029929563625756,0.317368418882395
1.0,1.0,0.0,1.0,0.17090941331946807,0.8640090847749392,-0.35183510053939543,0.40903557216346226,0.545448775598376
1.0,2.0,1.0,1.0,0.3379940604916889,0.7774276285759895,0.06485299142153556,0.40903557216346226,0.6725755318007258
1.0,0.0,0.0,1.0,0.6721633548361304,-0.6078756706072076,0.48154108338246654,-1.2118584192988318,0.2874562409524303
1.0,1.0,2.0,2.0,1.6746712378694553,0.1713574351833407,-0.2823870852125736,1.2194825678946093,1.6110701143533668
1.0,1.0,1.0,1.0,-0.6645138225416359,0.7774276285759895,-0.0740430392321081,-0.4014114235676847,-0.3257434066118454
0.0,1.0,2.0,2.0,0.3379940604916889,-0.434712758209308,-1.4630033457685447,2.029929563625756,0.09676610664890556
0.0,1.0,1.0,1.0,1.173417296352793,-1.0407829516019567,1.5232613132847939,-0.4014114235676847,0.44449517508474545
1.0,0.0,1.0,1.0,-0.4974291753694151,1.5566607343665377,1.1760212366506848,-1.2118584192988318,0.12667828457887026
2.0,0.0,2.0,1.0,0.3379940604916889,-0.17496838961245856,-0.42128311586621725,0.40903557216346226,0.22015384061000987
1.0,0.0,1.0,2.0,0.6721633548361304,-1.6468531449946056,1.3149172673043283,1.2194825678946093,-0.25096296178693367
2.0,1.0,1.0,2.0,1.173417296352793,-1.387108776397756,-1.67134739174901,-0.4014114235676847,0.24258797405748356
1.0,1.0,1.0,2.0,-0.4974291753694151,0.1713574351833407,1.5927093286116158,1.2194825678946093,-0.3818287402305293
1.0,1.0,0.0,0.0,0.3379940604916889,0.25793889138229054,0.7593331446897538,1.2194825678946093,0.4258000638785166
2.0,1.0,0.0,1.0,1.5075865906972346,-0.8676200392040571,-1.1157632691344355,0.40903557216346226,0.807180332485566
1.0,2.0,0.0,1.0,0.3379940604916889,1.1237534533717888,1.5232613132847939,0.40903557216346226,0.8370925104155313
1.0,2.0,2.0,1.0,-0.33034452819719434,-1.1273644078009066,-0.49073113119303907,-1.2118584192988318,-0.733296830907614
0.0,1.0,0.0,1.0,1.3405019435250136,0.43110180378019014,-1.1157632691344355,-0.4014114235676847,1.461509224703544
0.0,1.0,1.0,2.0,-1.1657677640582984,-0.5212942144082578,-0.7685231925003264,2.029929563625756,-1.1894575443395754
1.0,1.0,1.0,1.0,-0.4974291753694151,-1.2139458639998564,0.9676771906702193,-1.2118584192988318,-0.8903357650399285
2.0,1.0,2.0,1.0,-0.16325988102497352,-0.434712758209308,-0.9768672384807918,-1.2118584192988318,-0.32387389549122264
1.0,0.0,2.0,1.0,1.006332649180572,0.51768325997914,0.48154108338246654,0.40903557216346226,1.1922996233338616
2.0,2.0,1.0,1.0,-0.9986831168860775,-1.0407829516019567,1.6621573439384376,-1.2118584192988318,-1.208152655545803
1.0,2.0,1.0,1.0,0.5050787076639097,-1.4736902325967058,1.453813297957972,0.40903557216346226,-0.2790056285962756
2.0,2.0,1.0,2.0,-0.8315984697138568,-1.6468531449946056,0.7593331446897538,0.40903557216346226,-1.2773245670088464
0.0,0.0,0.0,2.0,2.175925179386118,1.2969163657696883,0.13430100674835738,0.40903557216346226,2.872990120773751
1.0,1.0,2.0,1.0,0.0038247661472472732,-0.0018054772145589292,0.06485299142153556,-1.2118584192988318,0.003290550617765961
2.0,1.0,0.0,2.0,-1.3328524112305191,-0.6944571268061575,-0.21293906988575176,0.40903557216346226,-1.3726696341606088
0.0,0.0,0.0,1.0,-0.9986831168860775,0.25793889138229054,0.41209306805564466,-0.4014114235676847,-0.8155553202150171
1.0,1.0,2.0,2.0,0.17090941331946807,0.43110180378019014,1.1760212366506848,-0.4014114235676847,0.34915010793298207
1.0,1.0,0.0,1.0,0.17090941331946807,-0.17496838961245856,0.5509890987092884,0.40903557216346226,0.07433197320143187
2.0,1.0,2.0,1.0,1.841755885041676,-0.6078756706072076,-0.49073113119303907,-0.4014114235676847,1.2427764235906769
1.0,1.0,1.0,1.0,0.0038247661472472732,1.5566607343665377,-0.21293906988575176,-0.4014114235676847,0.6763145540419714
1.0,1.0,1.0,1.0,0.17090941331946807,-1.387108776397756,0.48154108338246654,0.40903557216346226,-0.47530429626166887
1.0,0.0,1.0,1.0,-0.16325988102497352,1.2103349095707385,-0.004595023905286278,-0.4014114235676847,0.3510196190536052
1.0,1.0,1.0,1.0,1.006332649180572,1.3834978219686382,-0.49073113119303907,1.2194825678946093,1.6783725146957877
2.0,1.0,1.0,2.0,0.6721633548361304,1.0371719971728388,0.7593331446897538,1.2194825678946093,1.1399533119564238
1.0,2.0,2.0,1.0,0.8392480020083513,1.1237534533717888,-0.8379712078271482,0.40903557216346226,1.3586861130692902
0.0,1.0,1.0,1.0,-0.16325988102497352,-1.3005273201988061,-1.2546592997880792,-0.4014114235676847,-0.6790810084095532
2.0,1.0,1.0,1.0,-0.9986831168860775,-1.5602716887956556,1.5232613132847939,-1.2118584192988318,-1.365191589678118
1.0,0.0,1.0,1.0,-0.33034452819719434,1.2103349095707385,-1.5324513610953665,1.2194825678946093,0.17528557371506248
0.0,1.0,2.0,2.0,0.0038247661472472732,-0.08838693341350874,0.273197037402001,-1.2118584192988318,-0.03409967179468975
0.0,1.0,1.0,1.0,-0.9986831168860775,1.5566607343665377,0.6204371140361101,1.2194825678946093,-0.42295798488423086
1.0,1.0,0.0,2.0,0.0038247661472472732,1.1237534533717888,-0.8379712078271482,-1.2118584192988318,0.48936344197969217
1.0,2.0,2.0,1.0,0.17090941331946807,0.7774276285759895,0.06485299142153556,-0.4014114235676847,0.5061890420652972
1.0,1.0,1.0,1.0,1.006332649180572,-1.387108776397756,-0.7685231925003264,0.40903557216346226,0.12293926233762476
2.0,0.0,1.0,1.0,-2.001190999919402,-0.6078756706072076,-0.6990751771735045,-0.4014114235676847,-1.8961327479349908
1.0,0.0,1.0,2.0,0.6721633548361304,0.34452034758124034,-1.6018993764221883,-1.2118584192988318,0.7810071767968475
1.0,1.0,0.0,1.0,0.3379940604916889,0.6908461723770396,-0.35183510053939543,1.2194825678946093,0.631446287147024
1.0,0.0,2.0,1.0,-0.6645138225416359,-1.2139458639998564,1.6621573439384376,-0.4014114235676847,-1.0137234990010329
0.0,0.0,1.0,1.0,1.173417296352793,1.0371719971728388,-1.5324513610953665,0.40903557216346226,1.6559383812483142
1.0,0.0,2.0,1.0,0.3379940604916889,-1.6468531449946056,0.06485299142153556,-0.4014114235676847,-0.4790433185029144
1.0,2.0,1.0,1.0,0.6721633548361304,-0.2615498458114084,-0.14349105455892994,1.2194825678946093,0.4669293085322185
1.0,0.0,2.0,1.0,-0.33034452819719434,-0.0018054772145589292,-0.004595023905286278,0.40903557216346226,-0.2958312286818807
0.0,0.0,1.0,1.0,-1.6670217055749608,1.2103349095707385,-1.1157632691344355,-1.2118584192988318,-1.2305867889932771
1.0,2.0,0.0,0.0,0.17090941331946807,1.0371719971728388,-0.9074192231539701,-0.4014114235676847,0.623968242664533
0.0,2.0,1.0,1.0,-0.6645138225416359,-1.6468531449946056,0.41209306805564466,0.40903557216346226,-1.1632843886508564
1.0,1.0,1.0,1.0,-1.4999370584027398,1.2103349095707385,-0.5601791465198609,0.40903557216346226,-1.0548527436547344
1.0,1.0,1.0,1.0,0.17090941331946807,-1.0407829516019567,0.689885129362932,1.2194825678946093,-0.3182653621293541
1.0,1.0,2.0,2.0,1.3405019435250136,-1.5602716887956556,1.453813297957972,2.029929563625756,0.2575440630224656
2.0,0.0,1.0,1.0,-0.4974291753694151,1.0371719971728388,0.8982291753433975,-0.4014114235676847,-0.06401184972465444
1.0,2.0,0.0,1.0,-0.4974291753694151,0.08477597898439089,-0.9768672384807918,0.40903557216346226,-0.4136104292811164
1.0,1.0,1.0,0.0,0.17090941331946807,-0.17496838961245856,-1.3935553304417228,-0.4014114235676847,0.07433197320143187
0.0,1.0,0.0,0.0,0.0038247661472472732,0.8640090847749392,1.5232613132847939,-0.4014114235676847,0.3771927747423244
0.0,1.0,2.0,1.0,-0.16325988102497352,-0.08838693341350874,-0.6296271618466828,1.2194825678946093,-0.18179105032389015
1.0,1.0,1.0,1.0,1.006332649180572,0.08477597898439089,-0.5601791465198609,1.2194825678946093,0.9492631776528991
0.0,1.0,2.0,2.0,0.0038247661472472732,-0.3481313020103582,1.6621573439384376,1.2194825678946093,-0.14627033903205752
0.0,1.0,1.0,1.0,1.173417296352793,-0.2615498458114084,0.7593331446897538,-0.4014114235676847,0.8987863773960831
2.0,2.0,1.0,1.0,-0.4974291753694151,-1.0407829516019567,-0.6990751771735045,-1.2118584192988318,-0.8267723869387537
0.0,0.0,1.0,1.0,0.3379940604916889,-0.9542014954030069,1.5927093286116158,-1.2118584192988318,-0.15000936127330303
0.0,1.0,0.0,2.0,2.175925179386118,-1.387108776397756,0.06485299142153556,0.40903557216346226,0.9604802443766357
2.0,1.0,2.0,1.0,0.5050787076639097,1.1237534533717888,0.41209306805564466,0.40903557216346226,1.010957044633451
1.0,0.0,0.0,1.0,1.5075865906972346,-0.6078756706072076,-0.8379712078271482,-0.4014114235676847,0.9698277999797491
2.0,0.0,1.0,1.0,0.3379940604916889,0.1713574351833407,1.3149172673043283,-1.2118584192988318,0.3846708192248154
1.0,2.0,1.0,1.0,-1.4999370584027398,0.9505905409738891,-0.42128311586621725,0.40903557216346226,-1.1165466106352866
1.0,1.0,1.0,1.0,-0.9986831168860775,0.34452034758124034,0.41209306805564466,-1.2118584192988318,-0.789382164526298
0.0,1.0,0.0,1.0,0.17090941331946807,-1.0407829516019567,1.7316053592652594,-1.2118584192988318,-0.3182653621293541
1.0,1.0,2.0,1.0,-0.16325988102497352,-1.3005273201988061,0.06485299142153556,-1.2118584192988318,-0.6790810084095532
1.0,2.0,1.0,2.0,0.3379940604916889,0.34452034758124034,-0.42128311586621725,1.2194825678946093,0.4669293085322185
2.0,1.0,1.0,1.0,0.5050787076639097,-0.434712758209308,-0.7685231925003264,-0.4014114235676847,0.23697944069561497
0.0,1.0,1.0,2.0,-2.168275647091623,-0.434712758209308,1.5927093286116158,-0.4014114235676847,-2.0064339040517356
1.0,1.0,1.0,1.0,0.17090941331946807,1.2103349095707385,-0.14349105455892994,-0.4014114235676847,0.7024877097306899
1.0,2.0,2.0,1.0,1.173417296352793,-0.17496838961245856,0.689885129362932,-1.2118584192988318,0.9492631776528991
1.0,0.0,1.0,1.0,-1.3328524112305191,-1.3005273201988061,-0.6990751771735045,0.40903557216346226,-1.5297085682929235
1.0,0.0,0.0,1.0,-1.1657677640582984,-1.387108776397756,0.8982291753433975,-0.4014114235676847,-1.4324939900205382
0.0,2.0,1.0,1.0,0.17090941331946807,0.7774276285759895,-1.67134739174901,-0.4014114235676847,0.5061890420652972
1.0,0.0,2.0,2.0,2.0088405322138967,-0.08838693341350874,-0.9768672384807918,-1.2118584192988318,1.7381968705557171
1.0,0.0,1.0,1.0,1.173417296352793,-0.6078756706072076,1.106573221323863,0.40903557216346226,0.696879176368822
2.0,1.0,1.0,1.0,-0.4974291753694151,-1.6468531449946056,-0.0740430392321081,-1.2118584192988318,-1.049244210292866
1.0,1.0,2.0,1.0,1.3405019435250136,0.08477597898439089,1.453813297957972,-1.2118584192988318,1.252123979193791
1.0,1.0,1.0,1.0,-0.4974291753694151,0.6042647161780897,1.6621573439384376,0.40903557216346226,-0.22292029497759203
1.0,1.0,1.0,1.0,-1.4999370584027398,0.9505905409738891,1.3149172673043283,1.2194825678946093,-1.1165466106352866
1.0,2.0,2.0,1.0,0.17090941331946807,-0.6078756706072076,1.037125205997041,-1.2118584192988318,-0.12196669446396109
1.0,1.0,1.0,0.0,-0.16325988102497352,0.34452034758124034,-0.42128311586621725,0.40903557216346226,-0.00418749386472538
0.0,1.0,1.0,1.0,0.0038247661472472732,-0.08838693341350874,-0.21293906988575176,-0.4014114235676847,-0.03409967179468975
1.0,0.0,2.0,1.0,1.5075865906972346,1.2103349095707385,1.3843652826311503,-0.4014114235676847,2.1083600724390292
2.0,2.0,1.0,2.0,-2.001190999919402,-0.7810385830051073,-1.3935553304417228,-0.4014114235676847,-1.9260449258649555
1.0,2.0,1.0,2.0,0.3379940604916889,-1.387108776397756,0.13430100674835738,-0.4014114235676847,-0.3556555845418101
1.0,1.0,2.0,1.0,-0.9986831168860775,-0.17496838961245856,0.689885129362932,0.40903557216346226,-0.9464210986586125
0.0,2.0,2.0,2.0,-0.33034452819719434,0.8640090847749392,-1.4630033457685447,-0.4014114235676847,0.04068077303022167
0.0,1.0,1.0,1.0,1.006332649180572,1.5566607343665377,0.41209306805564466,-0.4014114235676847,1.775587092968173
0.0,1.0,1.0,2.0,0.3379940604916889,-1.4736902325967058,0.8287811600165756,-1.2118584192988318,-0.39678482919551167
1.0,1.0,2.0,1.0,-1.4999370584027398,-1.0407829516019567,1.6621573439384376,-0.4014114235676847,-1.5895329241528529
1.0,2.0,1.0,1.0,-0.16325988102497352,-1.6468531449946056,-0.5601791465198609,-1.2118584192988318,-0.8211638535768854
0.0,1.0,2.0,2.0,-0.33034452819719434,-1.3005273201988061,0.5509890987092884,-0.4014114235676847,-0.8005992312500344
0.0,2.0,1.0,2.0,-0.9986831168860775,0.08477597898439089,0.689885129362932,1.2194825678946093,-0.8679016315924551
1.0,1.0,1.0,1.0,0.3379940604916889,-0.3481313020103582,-1.1157632691344355,-0.4014114235676847,0.13789535130260677
1.0,1.0,0.0,2.0,0.5050787076639097,1.5566607343665377,-1.3935553304417228,1.2194825678946093,1.2259508235050718
1.0,1.0,2.0,1.0,1.006332649180572,0.51768325997914,0.5509890987092884,0.40903557216346226,1.1922996233338616
0.0,1.0,2.0,0.0,1.5075865906972346,0.6908461723770396,1.453813297957972,0.40903557216346226,1.7830651374506639
0.0,2.0,0.0,1.0,-0.9986831168860775,1.0371719971728388,-1.324107315114901,-0.4014114235676847,-0.579996919016545
0.0,1.0,2.0,1.0,1.3405019435250136,-1.387108776397756,0.6204371140361101,0.40903557216346226,0.36223668577734236
2.0,2.0,2.0,1.0,0.8392480020083513,-1.3005273201988061,0.06485299142153556,-0.4014114235676847,0.05002832863333576
1.0,2.0,0.0,1.0,-0.9986831168860775,-1.1273644078009066,0.8287811600165756,-0.4014114235676847,-1.2343258112345221
1.0,2.0,1.0,1.0,-1.1657677640582984,-1.4736902325967058,-0.6990751771735045,0.40903557216346226,-1.4567976345886346
1.0,1.0,1.0,1.0,0.5050787076639097,1.2969163657696883,-0.004595023905286278,0.40903557216346226,1.0969545561820988
1.0,2.0,2.0,1.0,0.5050787076639097,-0.2615498458114084,-1.4630033457685447,-0.4014114235676847,0.32297695224426354
1.0,2.0,1.0,1.0,1.5075865906972346,-0.17496838961245856,1.1760212366506848,0.40903557216346226,1.2409069124700545
1.0,1.0,1.0,2.0,0.6721633548361304,0.34452034758124034,-0.0740430392321081,0.40903557216346226,0.7810071767968475
2.0,1.0,1.0,2.0,-1.4999370584027398,-1.6468531449946056,1.5927093286116158,-1.2118584192988318,-1.733485280440808
2.0,2.0,1.0,0.0,-0.6645138225416359,-0.6944571268061575,0.06485299142153556,3.65082355508805,-0.834250431421245
2.0,2.0,1.0,1.0,-0.9986831168860775,0.34452034758124034,0.7593331446897538,-0.4014114235676847,-0.789382164526298
1.0,0.0,1.0,1.0,-0.6645138225416359,-1.2139458639998564,1.2454692519775066,4.461270550819197,-1.0137234990010329
1.0,2.0,2.0,0.0,-0.4974291753694151,-1.1273644078009066,1.3149172673043283,0.40903557216346226,-0.8585540759893411
1.0,0.0,0.0,1.0,-0.4974291753694151,0.6042647161780897,-0.2823870852125736,0.40903557216346226,-0.22292029497759203
1.0,2.0,2.0,1.0,-0.6645138225416359,-0.5212942144082578,1.037125205997041,-0.4014114235676847,-0.7744260755613156
2.0,2.0,1.0,2.0,-0.33034452819719434,-0.5212942144082578,-0.004595023905286278,-0.4014114235676847,-0.4977384297091422
1.0,2.0,2.0,1.0,0.5050787076639097,0.6042647161780897,0.8287811600165756,-0.4014114235676847,0.7529645099875059
0.0,0.0,1.0,1.0,1.006332649180572,0.08477597898439089,-0.6990751771735045,-0.4014114235676847,0.9492631776528991
1.0,1.0,2.0,1.0,-0.9986831168860775,1.3834978219686382,-0.6296271618466828,1.2194825678946093,-0.47530429626166887
1.0,0.0,1.0,0.0,0.6721633548361304,-1.5602716887956556,1.3843652826311503,-0.4014114235676847,-0.20609469489198692
1.0,2.0,1.0,2.0,-0.6645138225416359,-1.1273644078009066,-0.0740430392321081,-0.4014114235676847,-0.9838113210710682
0.0,1.0,1.0,1.0,0.3379940604916889,-0.434712758209308,0.8982291753433975,-1.2118584192988318,0.09676610664890556
0.0,2.0,0.0,2.0,-0.4974291753694151,-1.5602716887956556,-1.4630033457685447,0.40903557216346226,-1.0174625212422788
1.0,2.0,0.0,1.0,0.8392480020083513,-0.0018054772145589292,-1.5324513610953665,-0.4014114235676847,0.7510949988668828
0.0,1.0,1.0,1.0,0.3379940604916889,0.25793889138229054,-1.0463152538076137,2.029929563625756,0.4258000638785166
1.0,2.0,0.0,1.0,0.0038247661472472732,0.25793889138229054,1.3149172673043283,-0.4014114235676847,0.11546121785513308
2.0,1.0,1.0,2.0,0.8392480020083513,0.6042647161780897,1.3149172673043283,-1.2118584192988318,1.0782594449758713
2.0,1.0,0.0,0.0,-0.4974291753694151,0.1713574351833407,0.6204371140361101,0.40903557216346226,-0.3818287402305293
1.0,0.0,0.0,1.0,-1.8341063527471815,-0.2615498458114084,0.34264505272882284,1.2194825678946093,-1.6923560357871066
0.0,1.0,0.0,1.0,-1.6670217055749608,-0.7810385830051073,-1.5324513610953665,2.029929563625756,-1.660574346736519
1.0,0.0,1.0,2.0,1.3405019435250136,-0.6078756706072076,-0.14349105455892994,0.40903557216346226,0.8333534881742852
1.0,1.0,2.0,0.0,-0.16325988102497352,1.470079278167588,-1.5324513610953665,0.40903557216346226,0.45758175292910436
2.0,1.0,2.0,1.0,0.5050787076639097,-0.8676200392040571,-0.14349105455892994,-0.4014114235676847,0.02198566182399348
1.0,0.0,1.0,1.0,0.0038247661472472732,0.6908461723770396,0.689885129362932,0.40903557216346226,0.30241232991741296
1.0,2.0,1.0,1.0,1.006332649180572,-0.2615498458114084,1.037125205997041,-0.4014114235676847,0.7548340211081283
1.0,2.0,1.0,1.0,-0.4974291753694151,1.3834978219686382,-1.0463152538076137,-0.4014114235676847,0.06311490647769535
1.0,1.0,1.0,0.0,1.841755885041676,-0.9542014954030069,-1.6018993764221883,0.40903557216346226,1.0109570446334504
0.0,1.0,1.0,1.0,0.5050787076639097,0.8640090847749392,0.9676771906702193,0.40903557216346226,0.8819607773104781
1.0,0.0,1.0,1.0,-0.4974291753694151,0.43110180378019014,0.6204371140361101,1.2194825678946093,-0.28648367307876693
0.0,2.0,0.0,1.0,0.5050787076639097,0.9505905409738891,1.5232613132847939,0.40903557216346226,0.9249595330848024
1.0,1.0,1.0,1.0,0.17090941331946807,-0.6944571268061575,-1.2546592997880792,-0.4014114235676847,-0.16122642799703987
0.0,0.0,0.0,2.0,-0.33034452819719434,0.51768325997914,-0.7685231925003264,1.2194825678946093,-0.09392402765461914
1.0,0.0,1.0,2.0,-0.16325988102497352,1.3834978219686382,-0.2823870852125736,0.40903557216346226,0.4220610416372711
1.0,2.0,1.0,2.0,-0.16325988102497352,-0.7810385830051073,0.41209306805564466,0.40903557216346226,-0.46595674065855514
1.0,1.0,0.0,1.0,1.3405019435250136,0.08477597898439089,-0.6990751771735045,-0.4014114235676847,1.252123979193791
2.0,1.0,1.0,2.0,-1.3328524112305191,1.2969163657696883,-0.9768672384807918,2.029929563625756,-0.8566845648687187
1.0,1.0,1.0,1.0,0.17090941331946807,1.3834978219686382,0.8287811600165756,-1.2118584192988318,0.7810071767968475
0.0,2.0,0.0,1.0,-0.16325988102497352,1.7298236467644375,-1.3935553304417228,0.40903557216346226,0.5641438868046036
1.0,1.0,0.0,0.0,0.6721633548361304,1.2969163657696883,1.037125205997041,1.2194825678946093,1.274558112641264
1.0,1.0,2.0,2.0,-1.6670217055749608,-0.2615498458114084,1.6621573439384376,-1.2118584192988318,-1.5484036794991511
1.0,0.0,1.0,2.0,1.5075865906972346,0.6908461723770396,1.5232613132847939,2.029929563625756,1.7830651374506639
1.0,1.0,2.0,1.0,-0.8315984697138568,-0.0018054772145589292,-0.7685231925003264,-0.4014114235676847,-0.7445138976313509
1.0,1.0,2.0,1.0,1.3405019435250136,0.08477597898439089,1.1760212366506848,-0.4014114235676847,1.252123979193791
2.0,1.0,1.0,1.0,-0.16325988102497352,0.43110180378019014,-1.5324513610953665,-0.4014114235676847,0.031333217427107575
0.0,1.0,1.0,1.0,0.3379940604916889,-1.387108776397756,-0.6990751771735045,0.40903557216346226,-0.3556555845418101
1.0,2.0,2.0,1.0,-2.168275647091623,0.1713574351833407,-1.324107315114901,-1.2118584192988318,-1.9148278591412187
0.0,1.0,1.0,1.0,-0.8315984697138568,0.34452034758124034,1.1760212366506848,0.40903557216346226,-0.6323432303939834
1.0,2.0,1.0,1.0,-0.4974291753694151,0.43110180378019014,-0.6296271618466828,-0.4014114235676847,-0.28648367307876693
0.0,1.0,1.0,0.0,0.3379940604916889,-1.2139458639998564,1.5232613132847939,-1.2118584192988318,-0.27339709523440703
2.0,0.0,1.0,1.0,0.5050787076639097,1.2969163657696883,0.34264505272882284,0.40903557216346226,1.0969545561820988
2.0,1.0,1.0,1.0,-0.33034452819719434,0.6042647161780897,-0.9768672384807918,0.40903557216346226,-0.06027282748340894
1.0,2.0,1.0,1.0,0.0038247661472472732,-0.08838693341350874,-1.5324513610953665,0.40903557216346226,-0.03409967179468975
1.0,1.0,2.0,1.0,1.006332649180572,0.51768325997914,1.106573221323863,1.2194825678946093,1.1922996233338616
0.0,0.0,1.0,1.0,0.6721633548361304,-0.6944571268061575,-0.14349105455892994,-0.4014114235676847,0.24258797405748356
2.0,2.0,1.0,0.0,0.6721633548361304,1.470079278167588,-0.0740430392321081,-1.2118584192988318,1.3642946464311587
2.0,0.0,1.0,2.0,0.5050787076639097,0.6042647161780897,0.8982291753433975,0.40903557216346226,0.7529645099875059
0.0,1.0,1.0,1.0,-0.16325988102497352,-1.6468531449946056,-0.5601791465198609,-0.4014114235676847,-0.8211638535768854
1.0,2.0,2.0,1.0,-2.5024449414360648,-0.8676200392040571,-1.3935553304417228,1.2194825678946093,-2.3335983501607243
0.0,1.0,1.0,1.0,0.0038247661472472732,-1.4736902325967058,0.7593331446897538,-1.2118584192988318,-0.6323432303939834
1.0,1.0,1.0,0.0,-0.6645138225416359,0.1713574351833407,0.48154108338246654,-0.4014114235676847,-0.5351286521215983
1.0,0.0,1.0,1.0,0.6721633548361304,-0.434712758209308,-0.6990751771735045,-1.2118584192988318,0.3771927747423244
1.0,1.0,2.0,1.0,0.17090941331946807,0.9505905409738891,-0.21293906988575176,1.2194825678946093,0.5847085091314542
0.0,1.0,1.0,1.0,-1.1657677640582984,1.2103349095707385,1.106573221323863,1.2194825678946093,-0.7033846529776496
2.0,1.0,1.0,2.0,0.3379940604916889,1.470079278167588,0.273197037402001,0.40903557216346226,1.0016094890303369
1.0,1.0,2.0,1.0,1.6746712378694553,-0.08838693341350874,-1.0463152538076137,-0.4014114235676847,1.4428141134973165
1.0,0.0,1.0,2.0,-1.4999370584027398,-0.434712758209308,1.1760212366506848,0.40903557216346226,-1.4455805678648979
0.0,1.0,1.0,1.0,-0.33034452819719434,-0.2615498458114084,-0.9074192231539701,0.40903557216346226,-0.39678482919551167
1.0,1.0,2.0,1.0,0.6721633548361304,1.0371719971728388,0.06485299142153556,0.40903557216346226,1.1399533119564238
1.0,0.0,1.0,0.0,0.8392480020083513,-1.4736902325967058,-1.4630033457685447,1.2194825678946093,-0.04344722739780384
1.0,1.0,0.0,1.0,-0.9986831168860775,0.25793889138229054,0.48154108338246654,-1.2118584192988318,-0.8155553202150171
1.0,2.0,1.0,1.0,0.17090941331946807,1.2969163657696883,0.41209306805564466,-1.2118584192988318,0.7417474432637687
0.0,0.0,1.0,2.0,0.0038247661472472732,0.8640090847749392,-0.6990751771735045,2.029929563625756,0.3771927747423244
1.0,1.0,0.0,1.0,0.17090941331946807,1.1237534533717888,-0.7685231925003264,0.40903557216346226,0.6632279761976118
2.0,0.0,2.0,1.0,-0.4974291753694151,1.5566607343665377,0.8287811600165756,1.2194825678946093,0.12667828457887026
0.0,1.0,0.0,1.0,1.173417296352793,-0.434712758209308,-1.4630033457685447,0.40903557216346226,0.7978327768824526
0.0,1.0,1.0,1.0,-1.4999370584027398,0.43110180378019014,1.1760212366506848,0.40903557216346226,-1.2399343445963908
0.0,1.0,0.0,1.0,-0.8315984697138568,-0.5212942144082578,-1.0463152538076137,0.40903557216346226,-0.9127698984874022
1.0,2.0,1.0,1.0,0.5050787076639097,0.08477597898439089,-0.42128311586621725,2.840376559356903,0.49497197534156073
2.0,1.0,1.0,2.0,-0.33034452819719434,-0.2615498458114084,1.3843652826311503,-1.2118584192988318,-0.39678482919551167
0.0,0.0,2.0,1.0,1.006332649180572,-1.7334346011935553,-1.4630033457685447,-0.4014114235676847,-0.07148989420714578
1.0,2.0,1.0,1.0,0.8392480020083513,-0.2615498458114084,-0.35183510053939543,-1.2118584192988318,0.6108816648201734
0.0,0.0,2.0,0.0,0.17090941331946807,1.1237534533717888,0.2037490220751792,-0.4014114235676847,0.6632279761976118
1.0,2.0,1.0,1.0,0.5050787076639097,0.6042647161780897,1.453813297957972,0.40903557216346226,0.7529645099875059
0.0,1.0,0.0,1.0,-1.8341063527471815,-0.0018054772145589292,-1.6018993764221883,-0.4014114235676847,-1.641879235530291
1.0,2.0,2.0,2.0,-0.16325988102497352,-0.0018054772145589292,-0.5601791465198609,0.40903557216346226,-0.1462703390320572
1.0,0.0,1.0,0.0,-0.9986831168860775,1.2103349095707385,0.06485299142153556,-1.2118584192988318,-0.527650607639107
0.0,1.0,0.0,2.0,0.0038247661472472732,1.5566607343665377,-1.740795407075832,-0.4014114235676847,0.6763145540419714
1.0,2.0,2.0,0.0,-1.3328524112305191,-1.0407829516019567,-0.004595023905286278,-0.4014114235676847,-1.462406167950503
1.0,1.0,1.0,0.0,0.3379940604916889,-1.1273644078009066,0.273197037402001,-0.4014114235676847,-0.2322678505807058
0.0,1.0,1.0,1.0,-0.16325988102497352,0.8640090847749392,-0.49073113119303907,-1.2118584192988318,0.20893677388627335
0.0,1.0,2.0,1.0,1.173417296352793,-0.5212942144082578,0.6204371140361101,1.2194825678946093,0.7473559766256372
0.0,1.0,1.0,0.0,0.0038247661472472732,-1.2139458639998564,1.3149172673043283,-1.2118584192988318,-0.5201725631566156
0.0,1.0,2.0,2.0,0.6721633548361304,-1.0407829516019567,1.1760212366506848,-0.4014114235676847,0.06311490647769535
0.0,0.0,2.0,1.0,-1.1657677640582984,-0.2615498458114084,0.689885129362932,0.40903557216346226,-1.1165466106352866
1.0,0.0,1.0,1.0,-0.8315984697138568,-0.2615498458114084,-0.8379712078271482,-1.2118584192988318,-0.8286418980593764
1.0,2.0,2.0,2.0,0.5050787076639097,1.5566607343665377,0.13430100674835738,-0.4014114235676847,1.2259508235050718
1.0,0.0,2.0,1.0,1.173417296352793,1.470079278167588,0.41209306805564466,-1.2118584192988318,1.9083223825323907
0.0,1.0,1.0,1.0,-0.33034452819719434,1.2103349095707385,-0.2823870852125736,0.40903557216346226,0.17528557371506248
1.0,0.0,1.0,1.0,1.5075865906972346,0.7774276285759895,1.5927093286116158,-0.4014114235676847,1.8372809599487248
1.0,1.0,2.0,2.0,0.3379940604916889,0.7774276285759895,-1.1852112844612572,2.029929563625756,0.6725755318007258
1.0,0.0,1.0,1.0,-0.9986831168860775,-1.3005273201988061,0.41209306805564466,-0.4014114235676847,-1.2866721226119606
1.0,1.0,1.0,1.0,-0.16325988102497352,0.6908461723770396,0.9676771906702193,1.2194825678946093,0.13789535130260677
1.0,1.0,1.0,1.0,-0.16325988102497352,0.1713574351833407,1.037125205997041,-0.4014114235676847,-0.07522891644839162
0.0,1.0,1.0,1.0,0.0038247661472472732,-1.5602716887956556,1.3843652826311503,-1.2118584192988318,-0.6697334528064391
1.0,0.0,1.0,2.0,0.5050787076639097,-0.3481313020103582,1.5927093286116158,-0.4014114235676847,0.27997819646993927
1.0,1.0,2.0,2.0,1.3405019435250136,1.5566607343665377,-0.21293906988575176,-0.4014114235676847,2.14201127261024
1.0,0.0,2.0,2.0,-0.9986831168860775,-0.2615498458114084,-0.004595023905286278,-0.4014114235676847,-0.9725942543473313
1.0,1.0,2.0,1.0,-0.33034452819719434,1.3834978219686382,-0.5601791465198609,-0.4014114235676847,0.24258797405748356
1.0,0.0,1.0,1.0,-0.33034452819719434,1.0371719971728388,-1.4630033457685447,-0.4014114235676847,0.10798317337264274
2.0,1.0,1.0,1.0,0.0038247661472472732,0.9505905409738891,1.2454692519775066,-0.4014114235676847,0.4145829971547801
0.0,0.0,1.0,1.0,-0.6645138225416359,-0.5212942144082578,0.7593331446897538,-0.4014114235676847,-0.7744260755613156
2.0,2.0,1.0,1.0,2.0088405322138967,-0.434712758209308,1.5232613132847939,-0.4014114235676847,1.4988994471159995
0.0,2.0,1.0,1.0,0.3379940604916889,-0.6078756706072076,-1.1157632691344355,-1.2118584192988318,0.014507617341502474
2.0,2.0,1.0,2.0,-0.8315984697138568,-0.7810385830051073,-0.42128311586621725,1.2194825678946093,-0.996897898915428
1.0,2.0,1.0,1.0,-0.9986831168860775,0.8640090847749392,0.6204371140361101,-1.2118584192988318,-0.6323432303939834
0.0,1.0,1.0,2.0,1.3405019435250136,-0.3481313020103582,-0.004595023905286278,-1.2118584192988318,0.9903924223066004
0.0,1.0,2.0,0.0,-0.6645138225416359,-0.434712758209308,1.106573221323863,0.40903557216346226,-0.7445138976313509
0.0,2.0,2.0,1.0,-0.9986831168860775,-0.17496838961245856,0.34264505272882284,-0.4014114235676847,-0.9464210986586125
2.0,1.0,1.0,2.0,0.6721633548361304,0.08477597898439089,-0.2823870852125736,-0.4014114235676847,0.6464023761120067
1.0,0.0,1.0,1.0,0.8392480020083513,0.9505905409738891,1.453813297957972,1.2194825678946093,1.2652105570381507
1.0,0.0,2.0,1.0,-1.8341063527471815,-0.7810385830051073,0.9676771906702193,-1.2118584192988318,-1.7933096363007375
0.0,2.0,1.0,2.0,-1.6670217055749608,-1.4736902325967058,-1.1157632691344355,-1.2118584192988318,-1.8101352363863425
1.0,1.0,1.0,1.0,-0.9986831168860775,0.9505905409738891,1.2454692519775066,-1.2118584192988318,-0.6061700747052642
2.0,0.0,0.0,1.0,0.3379940604916889,-0.6944571268061575,-0.5601791465198609,0.40903557216346226,-0.026621627312198737
1.0,1.0,0.0,0.0,0.8392480020083513,-1.387108776397756,1.106573221323863,-0.4014114235676847,0.003290550617765961
1.0,1.0,1.0,1.0,1.841755885041676,1.2969163657696883,1.6621573439384376,-0.4014114235676847,2.5177830078554213
2.0,1.0,1.0,1.0,0.3379940604916889,0.25793889138229054,-0.14349105455892994,-1.2118584192988318,0.4258000638785166
1.0,1.0,0.0,0.0,1.173417296352793,-0.434712758209308,-1.2546592997880792,1.2194825678946093,0.7978327768824526
1.0,2.0,1.0,2.0,0.5050787076639097,-0.6944571268061575,-1.1852112844612572,0.40903557216346226,0.10798317337264207
1.0,0.0,0.0,2.0,-0.16325988102497352,0.1713574351833407,-0.0740430392321081,-0.4014114235676847,-0.07522891644839162
1.0,1.0,2.0,1.0,1.173417296352793,1.5566607343665377,0.48154108338246654,-1.2118584192988318,1.9587991827892066
1.0,0.0,1.0,2.0,-0.33034452819719434,-0.2615498458114084,1.7316053592652594,0.40903557216346226,-0.39678482919551167
2.0,1.0,0.0,1.0,0.0038247661472472732,1.6432421905654877,-0.7685231925003264,-1.2118584192988318,0.7137047764544271
1.0,1.0,0.0,1.0,-0.9986831168860775,-0.9542014954030069,0.273197037402001,-0.4014114235676847,-1.181979499857084
0.0,2.0,1.0,0.0,-2.6695295886082855,0.25793889138229054,1.6621573439384376,-0.4014114235676847,-2.3672495503319344
0.0,0.0,1.0,1.0,1.3405019435250136,-0.6078756706072076,-0.8379712078271482,-1.2118584192988318,0.8333534881742852
2.0,1.0,0.0,2.0,-0.8315984697138568,-1.7334346011935553,-0.21293906988575176,0.40903557216346226,-1.3053672338181885
0.0,2.0,2.0,1.0,-2.001190999919402,0.6042647161780897,1.5232613132847939,0.40903557216346226,-1.6867475024252383
1.0,0.0,1.0,2.0,-0.9986831168860775,0.08477597898439089,0.9676771906702193,3.65082355508805,-0.8679016315924551
0.0,1.0,1.0,1.0,-0.6645138225416359,1.1237534533717888,0.48154108338246654,2.840376559356903,-0.2060946948919866
1.0,0.0,0.0,0.0,0.8392480020083513,1.5566607343665377,1.106573221323863,0.40903557216346226,1.592375003147139
2.0,1.0,1.0,2.0,2.175925179386118,-1.6468531449946056,1.6621573439384376,0.40903557216346226,0.7753986434349789
2.0,0.0,2.0,2.0,1.006332649180572,-0.434712758209308,0.41209306805564466,1.2194825678946093,0.6576194428357431
0.0,2.0,1.0,2.0,1.3405019435250136,0.08477597898439089,-0.14349105455892994,-1.2118584192988318,1.252123979193791
0.0,1.0,1.0,0.0,0.17090941331946807,1.7298236467644375,1.1760212366506848,1.2194825678946093,0.938046110929162
1.0,1.0,1.0,1.0,1.6746712378694553,0.7774276285759895,0.9676771906702193,1.2194825678946093,2.003667449684153
1.0,1.0,2.0,2.0,-0.16325988102497352,-0.08838693341350874,-0.8379712078271482,2.029929563625756,-0.18179105032389015
1.0,1.0,1.0,2.0,-0.9986831168860775,1.5566607343665377,0.06485299142153556,-1.2118584192988318,-0.42295798488423086
1.0,2.0,1.0,2.0,1.173417296352793,-1.4736902325967058,0.34264505272882284,-0.4014114235676847,0.19211117380066825
1.0,2.0,1.0,1.0,1.006332649180572,-1.6468531449946056,1.3843652826311503,-1.2118584192988318,-0.022882605070953233
1.0,1.0,1.0,1.0,0.0038247661472472732,-0.7810385830051073,-0.6990751771735045,0.40903557216346226,-0.33322145109433676
2.0,1.0,2.0,1.0,0.5050787076639097,1.6432421905654877,0.9676771906702193,-0.4014114235676847,1.2689495792793961
1.0,2.0,2.0,1.0,1.6746712378694553,-0.0018054772145589292,0.34264505272882284,-1.2118584192988318,1.4988994471159995
2.0,2.0,1.0,0.0,-1.6670217055749608,-0.08838693341350874,-0.14349105455892994,-0.4014114235676847,-1.5110134570866955
1.0,2.0,1.0,1.0,0.3379940604916889,-1.387108776397756,0.13430100674835738,-0.4014114235676847,-0.3556555845418101
0.0,2.0,1.0,1.0,-0.8315984697138568,-0.2615498458114084,-0.6990751771735045,0.40903557216346226,-0.8286418980593764
1.0,2.0,1.0,0.0,-0.6645138225416359,0.7774276285759895,1.453813297957972,0.40903557216346226,-0.3257434066118454
2.0,1.0,0.0,1.0,0.3379940604916889,-0.6944571268061575,-0.6990751771735045,-1.2118584192988318,-0.026621627312198737
1.0,1.0,0.0,1.0,-1.3328524112305191,-1.3005273201988061,0.7593331446897538,-0.4014114235676847,-1.5297085682929235
1.0,1.0,1.0,2.0,-2.335360294263844,1.0371719971728388,0.13430100674835738,-0.4014114235676847,-1.95595710379492
2.0,1.0,1.0,2.0,-2.168275647091623,1.5566607343665377,-1.4630033457685447,-1.2118584192988318,-1.705442613631466
1.0,1.0,2.0,1.0,1.5075865906972346,0.8640090847749392,0.06485299142153556,-1.2118584192988318,1.891496782446786
1.0,1.0,1.0,2.0,1.841755885041676,0.7774276285759895,-0.35183510053939543,0.40903557216346226,2.170053939419582
1.0,2.0,2.0,1.0,1.006332649180572,-1.4736902325967058,0.41209306805564466,-1.2118584192988318,0.07433197320143187
1.0,1.0,1.0,1.0,-0.9986831168860775,-1.3005273201988061,1.3149172673043283,2.840376559356903,-1.2866721226119606
0.0,1.0,0.0,1.0,-0.4974291753694151,1.3834978219686382,0.273197037402001,1.2194825678946093,0.06311490647769535
0.0,0.0,2.0,1.0,1.6746712378694553,-0.7810385830051073,1.5927093286116158,0.40903557216346226,0.9941314445478452
1.0,0.0,1.0,2.0,1.173417296352793,-1.0407829516019567,0.273197037402001,0.40903557216346226,0.44449517508474545
1.0,1.0,1.0,0.0,0.0038247661472472732,-1.6468531449946056,0.41209306805564466,-0.4014114235676847,-0.7071236752188952
1.0,1.0,2.0,2.0,0.6721633548361304,-0.9542014954030069,-0.5601791465198609,0.40903557216346226,0.10798317337264207
0.0,2.0,1.0,2.0,-0.16325988102497352,0.43110180378019014,-1.1157632691344355,-1.2118584192988318,0.031333217427107575
1.0,1.0,0.0,1.0,0.0038247661472472732,-0.6944571268061575,0.273197037402001,-0.4014114235676847,-0.29583122868188105
2.0,1.0,0.0,2.0,-0.33034452819719434,-0.2615498458114084,-0.6296271618466828,1.2194825678946093,-0.39678482919551167
1.0,1.0,2.0,1.0,-0.4974291753694151,1.6432421905654877,-1.1157632691344355,-1.2118584192988318,0.15845997362945738
0.0,1.0,0.0,1.0,0.0038247661472472732,1.6432421905654877,-0.7685231925003264,-0.4014114235676847,0.7137047764544271
0.0,1.0,2.0,2.0,-0.8315984697138568,0.25793889138229054,0.9676771906702193,-0.4014114235676847,-0.6603858972033253
0.0,2.0,2.0,1.0,-0.16325988102497352,0.08477597898439089,-0.9768672384807918,1.2194825678946093,-0.11074962774022425
1.0,1.0,1.0,1.0,1.3405019435250136,1.6432421905654877,-0.9768672384807918,-0.4014114235676847,2.194357583987678
0.0,1.0,2.0,0.0,-1.1657677640582984,1.3834978219686382,-0.2823870852125736,-0.4014114235676847,-0.6547773638414568
2.0,1.0,1.0,0.0,-0.9986831168860775,-0.9542014954030069,1.1760212366506848,1.2194825678946093,-1.181979499857084
0.0,0.0,0.0,2.0,0.5050787076639097,0.34452034758124034,-1.324107315114901,-0.4014114235676847,0.623968242664533
1.0,1.0,0.0,2.0,0.6721633548361304,0.6908461723770396,0.8982291753433975,0.40903557216346226,0.9604802443766357
1.0,1.0,1.0,0.0,0.3379940604916889,0.51768325997914,1.3843652826311503,2.029929563625756,0.5491877978396209
0.0,1.0,2.0,1.0,-1.6670217055749608,-1.4736902325967058,0.13430100674835738,1.2194825678946093,-1.8101352363863425
1.0,0.0,1.0,1.0,-0.9986831168860775,1.470079278167588,0.8982291753433975,0.40903557216346226,-0.4491311405729497
0.0,2.0,0.0,2.0,-0.4974291753694151,0.43110180378019014,1.2454692519775066,0.40903557216346226,-0.28648367307876693
2.0,1.0,1.0,1.0,-0.8315984697138568,-0.6078756706072076,-1.0463152538076137,1.2194825678946093,-0.9408125652967442
0.0,1.0,1.0,1.0,1.3405019435250136,-0.8676200392040571,0.8287811600165756,-1.2118584192988318,0.6763145540419707
0.0,1.0,0.0,1.0,0.0038247661472472732,-0.08838693341350874,-1.3935553304417228,1.2194825678946093,-0.03409967179468975
0.0,2.0,1.0,1.0,0.17090941331946807,-0.7810385830051073,0.2037490220751792,0.40903557216346226,-0.20048616153011833
0.0,2.0,1.0,1.0,-1.6670217055749608,0.8640090847749392,0.34264505272882284,-1.2118584192988318,-1.3053672338181885
1.0,2.0,0.0,1.0,0.6721633548361304,-0.434712758209308,-1.2546592997880792,-1.2118584192988318,0.3771927747423244
1.0,0.0,1.0,1.0,-1.8341063527471815,-1.3005273201988061,0.9676771906702193,0.40903557216346226,-1.894263236814368
0.0,2.0,0.0,1.0,-1.3328524112305191,-0.5212942144082578,-0.6296271618466828,-0.4014114235676847,-1.3278013672656621
0.0,0.0,2.0,1.0,-0.16325988102497352,1.6432421905654877,-0.42128311586621725,-1.2118584192988318,0.5286231755127703
1.0,1.0,2.0,1.0,0.8392480020083513,1.2969163657696883,-0.004595023905286278,-0.4014114235676847,1.4521616691004298
1.0,1.0,1.0,2.0,0.0038247661472472732,-1.387108776397756,-1.2546592997880792,1.2194825678946093,-0.5949530079815274
0.0,1.0,0.0,1.0,-1.8341063527471815,-1.387108776397756,-0.49073113119303907,-1.2118584192988318,-1.9110888368999732
2.0,0.0,1.0,2.0,-0.9986831168860775,0.9505905409738891,1.5927093286116158,-1.2118584192988318,-0.6061700747052642
1.0,2.0,1.0,2.0,-1.3328524112305191,0.08477597898439089,0.7593331446897538,0.40903557216346226,-1.1707624331333473
0.0,0.0,0.0,2.0,-0.33034452819719434,-1.1273644078009066,-0.49073113119303907,0.40903557216346226,-0.733296830907614
1.0,1.0,1.0,1.0,0.5050787076639097,-0.17496838961245856,0.5509890987092884,-0.4014114235676847,0.36597570801858786
1.0,2.0,1.0,1.0,0.0038247661472472732,0.34452034758124034,-0.49073113119303907,-1.2118584192988318,0.15285144026758946
2.0,1.0,1.0,2.0,0.17090941331946807,0.25793889138229054,1.3843652826311503,2.029929563625756,0.27063064086682515
0.0,1.0,1.0,2.0,0.6721633548361304,-1.3005273201988061,1.1760212366506848,1.2194825678946093,-0.07148989420714545
1.0,2.0,1.0,1.0,-2.001190999919402,-0.7810385830051073,1.5232613132847939,1.2194825678946093,-1.9260449258649555
1.0,1.0,1.0,1.0,-0.8315984697138568,-0.2615498458114084,-1.6018993764221883,-0.4014114235676847,-0.8286418980593764
0.0,1.0,1.0,2.0,-1.8341063527471815,1.2103349095707385,0.41209306805564466,-1.2118584192988318,-1.4063208343318194
1.0,2.0,1.0,1.0,-0.33034452819719434,-1.2139458639998564,1.1760212366506848,0.40903557216346226,-0.7669480310788243
1.0,1.0,2.0,1.0,-1.1657677640582984,-1.4736902325967058,-1.6018993764221883,0.40903557216346226,-1.4567976345886346
2.0,1.0,0.0,2.0,-0.33034452819719434,-0.5212942144082578,-0.5601791465198609,0.40903557216346226,-0.4977384297091422
2.0,1.0,1.0,2.0,-0.33034452819719434,0.6908461723770396,-0.21293906988575176,0.40903557216346226,-0.026621627312198737
0.0,2.0,1.0,1.0,-2.168275647091623,-0.0018054772145589292,0.5509890987092884,1.2194825678946093,-1.941001014829938
0.0,2.0,1.0,1.0,1.173417296352793,1.6432421905654877,1.453813297957972,-1.2118584192988318,2.009275983046022
1.0,2.0,1.0,1.0,2.175925179386118,-1.5602716887956556,0.2037490220751792,-1.2118584192988318,0.8370925104155313
1.0,2.0,0.0,2.0,0.0038247661472472732,-1.1273644078009066,0.48154108338246654,1.2194825678946093,-0.4827823407441599
2.0,1.0,1.0,1.0,-0.6645138225416359,0.1713574351833407,-0.6990751771735045,0.40903557216346226,-0.5351286521215983
1.0,0.0,1.0,1.0,-0.33034452819719434,1.5566607343665377,-1.5324513610953665,-1.2118584192988318,0.30989037439990397
1.0,2.0,1.0,2.0,-2.168275647091623,-0.2615498458114084,0.06485299142153556,0.40903557216346226,-1.9802607483630164
1.0,1.0,2.0,1.0,-0.8315984697138568,-0.17496838961245856,1.5232613132847939,-0.4014114235676847,-0.8005992312500344
1.0,0.0,1.0,1.0,0.5050787076639097,-0.2615498458114084,1.453813297957972,-0.4014114235676847,0.32297695224426354
0.0,1.0,1.0,1.0,1.173417296352793,1.1237534533717888,0.2037490220751792,-0.4014114235676847,1.70641518150513
0.0,2.0,0.0,1.0,-0.8315984697138568,-1.387108776397756,0.9676771906702193,-1.2118584192988318,-1.193196566580821
0.0,2.0,1.0,1.0,-0.16325988102497352,-1.2139458639998564,0.13430100674835738,1.2194825678946093,-0.6435602971177199
2.0,2.0,0.0,2.0,0.3379940604916889,-1.387108776397756,-1.1157632691344355,-1.2118584192988318,-0.3556555845418101
0.0,1.0,2.0,2.0,-0.8315984697138568,-0.6078756706072076,-0.9768672384807918,-0.4014114235676847,-0.9408125652967442
2.0,1.0,2.0,2.0,-0.8315984697138568,1.470079278167588,1.037125205997041,0.40903557216346226,-0.2677885618725391
0.0,2.0,1.0,1.0,0.3379940604916889,-0.6944571268061575,-0.5601791465198609,0.40903557216346226,-0.026621627312198737
1.0,1.0,0.0,1.0,0.6721633548361304,1.1237534533717888,0.13430100674835738,-1.2118584192988318,1.1848215788513705
1.0,1.0,1.0,2.0,-0.9986831168860775,1.2103349095707385,-1.67134739174901,-1.2118584192988318,-0.527650607639107
1.0,0.0,0.0,0.0,-0.16325988102497352,0.43110180378019014,1.5927093286116158,0.40903557216346226,0.031333217427107575
1.0,0.0,1.0,1.0,0.8392480020083513,1.5566607343665377,1.5927093286116158,-0.4014114235676847,1.592375003147139
1.0,1.0,1.0,0.0,1.3405019435250136,-0.8676200392040571,-0.42128311586621725,0.40903557216346226,0.6763145540419707
1.0,1.0,1.0,1.0,1.006332649180572,-1.1273644078009066,-1.324107315114901,-0.4014114235676847,0.26876112974620275
1.0,2.0,1.0,1.0,-1.1657677640582984,0.43110180378019014,0.9676771906702193,-1.2118584192988318,-0.9221174540905163
0.0,2.0,1.0,1.0,-1.3328524112305191,-1.1273644078009066,-1.2546592997880792,-1.2118584192988318,-1.4848403013979763
0.0,1.0,2.0,1.0,0.17090941331946807,0.6042647161780897,1.7316053592652594,-0.4014114235676847,0.42766957499913966
1.0,1.0,1.0,1.0,0.5050787076639097,0.6908461723770396,0.48154108338246654,-1.2118584192988318,0.7959632657618295
1.0,2.0,0.0,1.0,1.5075865906972346,-1.1273644078009066,-0.004595023905286278,1.2194825678946093,0.6445328649913836
0.0,1.0,1.0,1.0,-1.6670217055749608,-1.2139458639998564,-0.0740430392321081,0.40903557216346226,-1.7540499027676586
1.0,2.0,1.0,1.0,-0.16325988102497352,-0.0018054772145589292,-1.4630033457685447,-1.2118584192988318,-0.1462703390320572
0.0,0.0,2.0,2.0,0.6721633548361304,-0.6944571268061575,-0.14349105455892994,0.40903557216346226,0.24258797405748356
1.0,1.0,1.0,1.0,-1.4999370584027398,-0.08838693341350874,1.5927093286116158,0.40903557216346226,-1.3633220785574949
0.0,0.0,2.0,1.0,-0.16325988102497352,1.1237534533717888,-0.6296271618466828,-0.4014114235676847,0.31549890776177253
2.0,2.0,1.0,1.0,-0.9986831168860775,1.0371719971728388,-0.9768672384807918,-1.2118584192988318,-0.579996919016545
0.0,2.0,2.0,1.0,-0.6645138225416359,-0.2615498458114084,1.1760212366506848,0.40903557216346226,-0.6846895417714215
2.0,2.0,1.0,2.0,1.5075865906972346,-0.5212942144082578,1.106573221323863,1.2194825678946093,1.0240436224778107
2.0,1.0,1.0,0.0,-0.16325988102497352,-1.7334346011935553,-0.14349105455892994,1.2194825678946093,-0.8566845648687184
1.0,1.0,2.0,1.0,0.0038247661472472732,-0.5212942144082578,-1.0463152538076137,-0.4014114235676847,-0.22105078385696894
0.0,1.0,2.0,1.0,0.5050787076639097,-1.3005273201988061,-1.1852112844612572,-0.4014114235676847,-0.193008117047627
1.0,1.0,1.0,2.0,-0.4974291753694151,-0.5212942144082578,-1.324107315114901,-0.4014114235676847,-0.6360822526352289
2.0,1.0,2.0,1.0,1.3405019435250136,0.08477597898439089,1.037125205997041,1.2194825678946093,1.252123979193791
2.0,1.0,0.0,1.0,1.006332649180572,-1.1273644078009066,-0.2823870852125736,1.2194825678946093,0.26876112974620275
2.0,0.0,1.0,2.0,-0.6645138225416359,0.1713574351833407,-0.35183510053939543,2.029929563625756,-0.5351286521215983
2.0,1.0,1.0,1.0,-0.6645138225416359,1.0371719971728388,1.037125205997041,3.65082355508805,-0.2360068728219513
1.0,0.0,1.0,1.0,0.8392480020083513,-0.2615498458114084,-1.4630033457685447,0.40903557216346226,0.6108816648201734
1.0,2.0,1.0,0.0,-0.9986831168860775,1.2969163657696883,0.8982291753433975,0.40903557216346226,-0.5014774519503881
1.0,2.0,1.0,1.0,-0.16325988102497352,-0.3481313020103582,-1.5324513610953665,-0.4014114235676847,-0.2883531841993897
0.0,1.0,0.0,1.0,1.5075865906972346,0.25793889138229054,-0.9074192231539701,2.029929563625756,1.5119860249603592
1.0,1.0,0.0,1.0,0.8392480020083513,-0.8676200392040571,-0.2823870852125736,0.40903557216346226,0.28371721871118477
1.0,1.0,1.0,1.0,1.841755885041676,-1.5602716887956556,-1.67134739174901,0.40903557216346226,0.6052731314583047
2.0,1.0,2.0,1.0,-0.8315984697138568,-1.1273644078009066,1.3149172673043283,-0.4014114235676847,-1.1090685661527953
2.0,1.0,2.0,2.0,-0.8315984697138568,1.3834978219686382,-1.1157632691344355,0.40903557216346226,-0.29583122868188105
2.0,1.0,2.0,1.0,-0.4974291753694151,1.5566607343665377,-0.21293906988575176,-1.2118584192988318,0.12667828457887026
1.0,1.0,0.0,1.0,-0.6645138225416359,-1.3005273201988061,-0.49073113119303907,-0.4014114235676847,-1.0436356769309976
0.0,1.0,0.0,2.0,-0.4974291753694151,-0.08838693341350874,-0.004595023905286278,-0.4014114235676847,-0.47717380738229165
0.0,1.0,1.0,1.0,0.17090941331946807,1.2103349095707385,1.453813297957972,-1.2118584192988318,0.7024877097306899
1.0,1.0,1.0,1.0,0.6721633548361304,-1.4736902325967058,1.1760212366506848,2.029929563625756,-0.16122642799703954
0.0,1.0,2.0,2.0,-0.8315984697138568,0.7774276285759895,-0.0740430392321081,0.40903557216346226,-0.492129896347274
1.0,1.0,2.0,1.0,-1.1657677640582984,1.2969163657696883,-0.8379712078271482,1.2194825678946093,-0.6790810084095532
0.0,1.0,1.0,1.0,0.0038247661472472732,1.0371719971728388,1.2454692519775066,1.2194825678946093,0.45197321956723646
0.0,2.0,2.0,1.0,1.006332649180572,1.3834978219686382,-0.7685231925003264,0.40903557216346226,1.6783725146957877
1.0,1.0,1.0,1.0,1.6746712378694553,-0.434712758209308,0.13430100674835738,-1.2118584192988318,1.2184727790225809
1.0,2.0,1.0,1.0,-0.8315984697138568,1.1237534533717888,1.453813297957972,-0.4014114235676847,-0.3799592291099062
1.0,2.0,2.0,1.0,-1.3328524112305191,1.6432421905654877,0.34264505272882284,-1.2118584192988318,-0.7669480310788246
1.0,0.0,1.0,1.0,2.175925179386118,-0.7810385830051073,0.6204371140361101,-0.4014114235676847,1.3923373132405004
0.0,1.0,0.0,1.0,-0.33034452819719434,0.7774276285759895,1.037125205997041,-0.4014114235676847,0.007029572859011466
1.0,2.0,0.0,2.0,0.8392480020083513,-1.4736902325967058,-0.8379712078271482,-1.2118584192988318,-0.04344722739780384
0.0,0.0,1.0,1.0,-0.6645138225416359,-0.3481313020103582,-0.6296271618466828,-0.4014114235676847,-0.7146017197013862
2.0,0.0,1.0,1.0,0.0038247661472472732,-0.434712758209308,-0.5601791465198609,-1.2118584192988318,-0.18366056144451323
0.0,0.0,2.0,1.0,-0.16325988102497352,1.2969163657696883,1.5232613132847939,-1.2118584192988318,0.38654033034543844
1.0,0.0,1.0,2.0,0.0038247661472472732,0.51768325997914,-1.2546592997880792,-1.2118584192988318,0.22763188509250087
1.0,2.0,0.0,1.0,1.3405019435250136,1.6432421905654877,1.7316053592652594,3.65082355508805,2.194357583987678
1.0,2.0,1.0,1.0,-1.3328524112305191,-1.1273644078009066,-1.1852112844612572,-1.2118584192988318,-1.4848403013979763
1.0,2.0,1.0,2.0,-0.6645138225416359,0.08477597898439089,-0.6296271618466828,1.2194825678946093,-0.5650408300515627
2.0,1.0,0.0,2.0,-0.8315984697138568,1.3834978219686382,-0.35183510053939543,2.029929563625756,-0.29583122868188105
0.0,2.0,0.0,1.0,-0.8315984697138568,-0.7810385830051073,-0.49073113119303907,2.840376559356903,-0.996897898915428
0.0,1.0,1.0,1.0,0.0038247661472472732,-0.6078756706072076,1.6621573439384376,-0.4014114235676847,-0.258441006269425
0.0,1.0,1.0,1.0,-1.1657677640582984,-1.2139458639998564,-0.6296271618466828,1.2194825678946093,-1.3838867008843456
0.0,1.0,1.0,2.0,-0.16325988102497352,-1.1273644078009066,-1.1157632691344355,1.2194825678946093,-0.6080395858258869
2.0,1.0,1.0,1.0,-1.3328524112305191,0.43110180378019014,0.2037490220751792,1.2194825678946093,-1.0810258993434536
1.0,2.0,1.0,1.0,-0.33034452819719434,-1.2139458639998564,1.453813297957972,-1.2118584192988318,-0.7669480310788243
2.0,1.0,1.0,2.0,-0.4974291753694151,-1.1273644078009066,0.6204371140361101,-0.4014114235676847,-0.8585540759893411
1.0,2.0,1.0,1.0,1.841755885041676,-1.6468531449946056,0.6204371140361101,0.40903557216346226,0.5473182867189985
0.0,2.0,2.0,1.0,1.841755885041676,0.8640090847749392,-0.9768672384807918,-1.2118584192988318,2.228008784158889
1.0,1.0,2.0,1.0,-1.1657677640582984,-1.1273644078009066,0.8982291753433975,-1.2118584192988318,-1.3595830563162492
1.0,1.0,2.0,0.0,0.17090941331946807,1.6432421905654877,-1.5324513610953665,-1.2118584192988318,0.8987863773960831
1.0,1.0,1.0,1.0,-3.170783530124948,0.08477597898439089,-0.6296271618466828,-0.4014114235676847,-2.836496841608255
0.0,1.0,1.0,1.0,1.006332649180572,1.470079278167588,0.5509890987092884,0.40903557216346226,1.72697980383198
0.0,0.0,1.0,1.0,0.3379940604916889,0.6042647161780897,0.5509890987092884,-0.4014114235676847,0.5903170424933227
1.0,0.0,1.0,1.0,0.5050787076639097,1.2103349095707385,1.7316053592652594,-1.2118584192988318,1.0539558004077747
2.0,1.0,1.0,1.0,1.3405019435250136,-0.9542014954030069,0.48154108338246654,-1.2118584192988318,0.623968242664533
0.0,0.0,0.0,2.0,0.8392480020083513,-0.6944571268061575,0.2037490220751792,5.271717546550344,0.3771927747423244
0.0,1.0,1.0,0.0,0.17090941331946807,-1.6468531449946056,1.037125205997041,0.40903557216346226,-0.5930834968609046
1.0,1.0,1.0,1.0,1.173417296352793,1.3834978219686382,-0.2823870852125736,0.40903557216346226,1.8578455822755753
2.0,2.0,1.0,2.0,0.0038247661472472732,-1.1273644078009066,1.453813297957972,-0.4014114235676847,-0.4827823407441599
0.0,1.0,2.0,2.0,0.5050787076639097,-0.5212942144082578,-1.2546592997880792,-0.4014114235676847,0.19398068492129067
1.0,1.0,0.0,0.0,-0.9986831168860775,-1.6468531449946056,-0.2823870852125736,-1.2118584192988318,-1.391364745366837
1.0,0.0,1.0,2.0,0.0038247661472472732,0.7774276285759895,0.689885129362932,0.40903557216346226,0.33980255232986867
1.0,1.0,0.0,2.0,-1.3328524112305191,0.7774276285759895,-0.21293906988575176,-0.4014114235676847,-0.9912893655535595
1.0,2.0,2.0,1.0,-0.4974291753694151,1.5566607343665377,-0.49073113119303907,0.40903557216346226,0.12667828457887026
1.0,1.0,1.0,1.0,-0.9986831168860775,-1.2139458639998564,1.2454692519775066,-0.4014114235676847,-1.2604989669232414
0.0,0.0,2.0,1.0,1.173417296352793,1.5566607343665377,-1.324107315114901,-0.4014114235676847,1.9587991827892066
1.0,2.0,0.0,2.0,-0.6645138225416359,1.2969163657696883,0.7593331446897538,-1.2118584192988318,-0.14627033903205752
0.0,1.0,1.0,2.0,0.5050787076639097,0.43110180378019014,1.106573221323863,-0.4014114235676847,0.6669669984388573
2.0,1.0,1.0,1.0,-0.4974291753694151,0.25793889138229054,0.9676771906702193,-1.2118584192988318,-0.35004705117994184
0.0,0.0,2.0,0.0,-0.4974291753694151,1.470079278167588,1.037125205997041,0.40903557216346226,0.09489659552828247
1.0,2.0,1.0,1.0,1.006332649180572,-0.0018054772145589292,0.7593331446897538,-1.2118584192988318,0.9006558885167063
1.0,1.0,0.0,2.0,-0.8315984697138568,-0.6944571268061575,0.34264505272882284,2.029929563625756,-0.9688552321060862
1.0,1.0,1.0,2.0,-0.16325988102497352,1.0371719971728388,1.037125205997041,-0.4014114235676847,0.27997819646993927
0.0,1.0,1.0,1.0,-0.4974291753694151,1.2103349095707385,1.1760212366506848,0.40903557216346226,-0.0004484716234798755
0.0,1.0,1.0,1.0,0.8392480020083513,-0.8676200392040571,-0.2823870852125736,-1.2118584192988318,0.28371721871118477
1.0,1.0,1.0,2.0,0.5050787076639097,1.5566607343665377,-0.2823870852125736,-1.2118584192988318,1.2259508235050718
0.0,1.0,0.0,1.0,0.8392480020083513,1.6432421905654877,0.273197037402001,0.40903557216346226,1.639112781162709
2.0,1.0,1.0,0.0,-1.4999370584027398,1.2969163657696883,0.41209306805564466,0.40903557216346226,-1.0342881213278838
0.0,1.0,1.0,1.0,1.5075865906972346,-0.6944571268061575,-0.49073113119303907,-1.2118584192988318,0.9156119774816883
0.0,0.0,0.0,0.0,0.5050787076639097,0.7774276285759895,-1.324107315114901,2.029929563625756,0.8389620215361538
1.0,1.0,1.0,0.0,-1.1657677640582984,-1.0407829516019567,1.3843652826311503,0.40903557216346226,-1.3352794117481532
1.0,0.0,2.0,1.0,-1.3328524112305191,-1.2139458639998564,0.5509890987092884,-0.4014114235676847,-1.50727443484545
0.0,0.0,1.0,1.0,1.3405019435250136,1.6432421905654877,1.7316053592652594,-1.2118584192988318,2.194357583987678
2.0,1.0,1.0,2.0,0.3379940604916889,-1.1273644078009066,-1.1157632691344355,0.40903557216346226,-0.2322678505807058
1.0,1.0,0.0,1.0,0.5050787076639097,1.2103349095707385,-0.9074192231539701,0.40903557216346226,1.0539558004077747
1.0,0.0,2.0,1.0,1.5075865906972346,-1.7334346011935553,-0.8379712078271482,-1.2118584192988318,0.2650221075049566
1.0,2.0,2.0,2.0,-0.4974291753694151,0.6042647161780897,0.5509890987092884,-1.2118584192988318,-0.22292029497759203
0.0,1.0,0.0,2.0,-0.33034452819719434,-0.9542014954030069,-0.14349105455892994,-0.4014114235676847,-0.6659944305651939
2.0,1.0,1.0,1.0,0.6721633548361304,1.1237534533717888,0.06485299142153556,0.40903557216346226,1.1848215788513705
2.0,1.0,2.0,2.0,-1.3328524112305191,0.34452034758124034,0.8982291753433975,0.40903557216346226,-1.103460032790927
0.0,2.0,0.0,1.0,-0.33034452819719434,1.3834978219686382,-1.6018993764221883,-0.4014114235676847,0.24258797405748356
1.0,0.0,1.0,2.0,-0.9986831168860775,0.8640090847749392,-1.740795407075832,-1.2118584192988318,-0.6323432303939834
1.0,1.0,1.0,2.0,-0.6645138225416359,-1.4736902325967058,0.273197037402001,0.40903557216346226,-1.103460032790927
1.0,1.0,1.0,1.0,-0.6645138225416359,-1.0407829516019567,0.689885129362932,-0.4014114235676847,-0.9538991431411035
1.0,1.0,2.0,2.0,0.3379940604916889,1.470079278167588,-1.4630033457685447,-0.4014114235676847,1.0016094890303369
0.0,2.0,1.0,1.0,-1.4999370584027398,0.34452034758124034,0.41209306805564466,-0.4014114235676847,-1.2604989669232414
0.0,0.0,2.0,1.0,0.17090941331946807,-1.5602716887956556,-1.740795407075832,-0.4014114235676847,-0.5538237633278261
1.0,2.0,1.0,1.0,1.006332649180572,-0.17496838961245856,-0.6990751771735045,1.2194825678946093,0.8034413102443212
1.0,1.0,1.0,2.0,-0.9986831168860775,-0.434712758209308,-0.004595023905286278,-1.2118584192988318,-1.0249405657247697
2.0,2.0,1.0,2.0,-0.6645138225416359,-1.2139458639998564,0.273197037402001,-1.2118584192988318,-1.0137234990010329
1.0,0.0,2.0,1.0,-0.33034452819719434,1.5566607343665377,0.8287811600165756,-1.2118584192988318,0.30989037439990397
1.0,1.0,2.0,0.0,0.0038247661472472732,-1.2139458639998564,-0.14349105455892994,-1.2118584192988318,-0.5201725631566156
0.0,1.0,0.0,1.0,1.173417296352793,-0.08838693341350874,-0.6990751771735045,-1.2118584192988318,0.9997399779097145
2.0,1.0,1.0,1.0,0.6721633548361304,0.43110180378019014,0.8287811600165756,0.40903557216346226,0.8258754436917942
0.0,0.0,1.0,1.0,0.3379940604916889,-1.1273644078009066,0.7593331446897538,-0.4014114235676847,-0.2322678505807058
1.0,0.0,2.0,2.0,0.6721633548361304,0.51768325997914,-1.0463152538076137,-1.2118584192988318,0.8707437105867416
0.0,2.0,0.0,1.0,1.006332649180572,-1.5602716887956556,-0.21293906988575176,-0.4014114235676847,0.02572468406523965
2.0,1.0,2.0,0.0,-2.168275647091623,-1.387108776397756,-0.35183510053939543,2.029929563625756,-2.1503862603396904
0.0,1.0,2.0,2.0,1.5075865906972346,0.51768325997914,0.6204371140361101,-0.4014114235676847,1.6746334924545423
2.0,1.0,2.0,1.0,-0.6645138225416359,-0.08838693341350874,-0.6296271618466828,0.40903557216346226,-0.6248651859114921
1.0,0.0,1.0,2.0,-0.8315984697138568,1.470079278167588,-0.5601791465198609,-0.4014114235676847,-0.2677885618725391
1.0,2.0,1.0,1.0,0.3379940604916889,0.51768325997914,-1.324107315114901,-0.4014114235676847,0.5491877978396209
1.0,1.0,1.0,1.0,-0.4974291753694151,-1.7334346011935553,1.5232613132847939,-0.4014114235676847,-1.0810258993434536
1.0,0.0,2.0,1.0,0.17090941331946807,0.34452034758124034,1.5927093286116158,-0.4014114235676847,0.30989037439990397
0.0,2.0,1.0,1.0,1.6746712378694553,1.7298236467644375,-0.49073113119303907,0.40903557216346226,2.620606119489675
1.0,0.0,2.0,0.0,0.0038247661472472732,0.51768325997914,1.453813297957972,-0.4014114235676847,0.22763188509250087
0.0,1.0,1.0,1.0,-0.16325988102497352,-0.08838693341350874,-1.0463152538076137,-0.4014114235676847,-0.18179105032389015
1.0,2.0,0.0,1.0,0.17090941331946807,-0.0018054772145589292,-1.6018993764221883,-0.4014114235676847,0.15285144026758946
1.0,0.0,1.0,0.0,3.011348415247222,1.5566607343665377,1.3149172673043283,0.40903557216346226,3.974132170820577
2.0,1.0,1.0,1.0,-0.16325988102497352,0.1713574351833407,0.48154108338246654,0.40903557216346226,-0.07522891644839162
2.0,1.0,1.0,1.0,0.0038247661472472732,-0.9542014954030069,0.41209306805564466,0.40903557216346226,-0.4080018959192485
2.0,0.0,1.0,1.0,0.3379940604916889,0.25793889138229054,-0.35183510053939543,0.40903557216346226,0.4258000638785166
0.0,0.0,1.0,1.0,0.6721633548361304,1.2103349095707385,-1.0463152538076137,-1.2118584192988318,1.2296898457463172
0.0,0.0,1.0,2.0,-0.6645138225416359,1.6432421905654877,0.5509890987092884,-1.2118584192988318,-0.026621627312198737
0.0,1.0,2.0,1.0,1.6746712378694553,-0.5212942144082578,1.3149172673043283,-1.2118584192988318,1.162387445403897
1.0,2.0,1.0,1.0,-0.9986831168860775,1.6432421905654877,-0.0740430392321081,0.40903557216346226,-0.39678482919551167
2.0,2.0,2.0,1.0,-2.001190999919402,-0.6944571268061575,1.2454692519775066,2.029929563625756,-1.9110888368999732
1.0,1.0,1.0,2.0,-0.16325988102497352,-1.1273644078009066,1.106573221323863,-0.4014114235676847,-0.6080395858258869
2.0,0.0,2.0,1.0,0.17090941331946807,0.6042647161780897,0.2037490220751792,-0.4014114235676847,0.42766957499913966
2.0,1.0,2.0,2.0,0.17090941331946807,-0.17496838961245856,-1.0463152538076137,-0.4014114235676847,0.07433197320143187
1.0,1.0,1.0,1.0,-0.33034452819719434,-0.17496838961245856,-0.42128311586621725,-0.4014114235676847,-0.36313362902430113
0.0,2.0,2.0,2.0,0.17090941331946807,0.34452034758124034,-0.9768672384807918,-0.4014114235676847,0.30989037439990397
2.0,0.0,2.0,2.0,-2.001190999919402,1.6432421905654877,0.5509890987092884,0.40903557216346226,-1.50727443484545
1.0,0.0,2.0,1.0,-0.16325988102497352,0.08477597898439089,1.037125205997041,0.40903557216346226,-0.11074962774022425
1.0,1.0,2.0,0.0,0.5050787076639097,-0.17496838961245856,0.9676771906702193,-0.4014114235676847,0.36597570801858786
0.0,2.0,2.0,2.0,-0.16325988102497352,0.43110180378019014,0.2037490220751792,0.40903557216346226,0.031333217427107575
0.0,1.0,2.0,1.0,1.5075865906972346,-1.6468531449946056,-1.6018993764221883,1.2194825678946093,0.31923793000301803
0.0,1.0,2.0,1.0,0.6721633548361304,-0.8676200392040571,-1.4630033457685447,-0.4014114235676847,0.1528514402675888
1.0,1.0,1.0,2.0,0.8392480020083513,-0.3481313020103582,-1.5324513610953665,-1.2118584192988318,0.5641438868046036
1.0,1.0,2.0,1.0,-0.16325988102497352,-1.4736902325967058,-1.324107315114901,0.40903557216346226,-0.7501224309932191
1.0,1.0,2.0,1.0,1.5075865906972346,-0.0018054772145589292,-1.6018993764221883,2.029929563625756,1.3493385574661767
1.0,0.0,2.0,2.0,0.5050787076639097,-0.6944571268061575,0.6204371140361101,-0.4014114235676847,0.10798317337264207
2.0,1.0,2.0,2.0,-0.9986831168860775,-0.5212942144082578,1.3843652826311503,-0.4014114235676847,-1.051113721413489
0.0,1.0,2.0,1.0,-0.9986831168860775,-0.9542014954030069,1.2454692519775066,0.40903557216346226,-1.181979499857084
1.0,2.0,1.0,1.0,0.17090941331946807,0.1713574351833407,-1.6018993764221883,2.029929563625756,0.23137090733374638
1.0,1.0,2.0,2.0,-2.168275647091623,0.1713574351833407,1.6621573439384376,0.40903557216346226,-1.9148278591412187
2.0,0.0,1.0,1.0,1.5075865906972346,-1.6468531449946056,-0.0740430392321081,-0.4014114235676847,0.31923793000301803
0.0,2.0,1.0,2.0,1.006332649180572,-1.387108776397756,1.1760212366506848,0.40903557216346226,0.12293926233762476
2.0,0.0,1.0,2.0,0.17090941331946807,-0.2615498458114084,1.6621573439384376,1.2194825678946093,0.035072239668353745
1.0,2.0,1.0,0.0,0.5050787076639097,0.9505905409738891,1.2454692519775066,1.2194825678946093,0.9249595330848024
1.0,1.0,1.0,1.0,1.5075865906972346,0.51768325997914,-0.9768672384807918,-1.2118584192988318,1.6746334924545423
0.0,2.0,0.0,1.0,-0.33034452819719434,1.7298236467644375,0.06485299142153556,-0.4014114235676847,0.3771927747423244
1.0,0.0,1.0,2.0,-0.4974291753694151,0.25793889138229054,0.34264505272882284,2.029929563625756,-0.35004705117994184
1.0,1.0,1.0,1.0,0.5050787076639097,-0.5212942144082578,0.06485299142153556,-0.4014114235676847,0.19398068492129067
2.0,1.0,1.0,1.0,-0.6645138225416359,0.43110180378019014,0.8287811600165756,2.029929563625756,-0.4453921183317042
2.0,1.0,0.0,2.0,1.173417296352793,-1.4736902325967058,0.34264505272882284,-0.4014114235676847,0.19211117380066825
2.0,0.0,2.0,2.0,0.17090941331946807,-1.1273644078009066,-1.3935553304417228,0.40903557216346226,-0.35752509566243285
0.0,1.0,1.0,2.0,0.8392480020083513,0.08477597898439089,0.8287811600165756,-0.4014114235676847,0.7978327768824526
1.0,0.0,1.0,2.0,0.17090941331946807,1.1237534533717888,0.48154108338246654,0.40903557216346226,0.6632279761976118
0.0,1.0,2.0,2.0,0.17090941331946807,1.2103349095707385,-0.14349105455892994,-1.2118584192988318,0.7024877097306899
1.0,1.0,1.0,1.0,-0.16325988102497352,-0.5212942144082578,0.689885129362932,-0.4014114235676847,-0.3593946067830556
1.0,1.0,2.0,1.0,1.006332649180572,1.0371719971728388,-1.4630033457685447,0.40903557216346226,1.4839433581510175
2.0,1.0,0.0,0.0,1.006332649180572,1.5566607343665377,-0.14349105455892994,-0.4014114235676847,1.775587092968173
1.0,1.0,1.0,1.0,-0.33034452819719434,-1.5602716887956556,-0.9074192231539701,-0.4014114235676847,-0.9015528317636654
0.0,2.0,0.0,1.0,-0.8315984697138568,0.7774276285759895,-1.1852112844612572,0.40903557216346226,-0.492129896347274
0.0,2.0,1.0,2.0,-0.33034452819719434,0.51768325997914,-1.5324513610953665,2.840376559356903,-0.09392402765461914
2.0,0.0,0.0,1.0,0.5050787076639097,-0.434712758209308,-0.9768672384807918,0.40903557216346226,0.23697944069561497
1.0,2.0,0.0,2.0,-0.16325988102497352,-0.3481313020103582,0.06485299142153556,-1.2118584192988318,-0.2883531841993897
1.0,1.0,1.0,1.0,0.17090941331946807,-1.4736902325967058,-0.7685231925003264,-1.2118584192988318,-0.5145640297947474
0.0,1.0,1.0,2.0,0.6721633548361304,-0.2615498458114084,0.2037490220751792,0.40903557216346226,0.4669293085322185
0.0,0.0,0.0,0.0,-0.33034452819719434,-1.387108776397756,1.5232613132847939,0.40903557216346226,-0.834250431421245
2.0,2.0,1.0,2.0,0.17090941331946807,0.8640090847749392,-1.3935553304417228,-0.4014114235676847,0.545448775598376
2.0,1.0,2.0,1.0,-0.6645138225416359,0.43110180378019014,1.106573221323863,-1.2118584192988318,-0.4453921183317042
2.0,1.0,2.0,0.0,-1.4999370584027398,-1.4736902325967058,-1.67134739174901,-1.2118584192988318,-1.6923560357871066
0.0,1.0,0.0,0.0,-0.8315984697138568,-1.4736902325967058,-1.3935553304417228,-1.2118584192988318,-1.221239233390163
0.0,2.0,1.0,1.0,0.0038247661472472732,0.43110180378019014,0.5509890987092884,1.2194825678946093,0.19024166268004516
0.0,1.0,0.0,2.0,-0.8315984697138568,0.8640090847749392,1.5232613132847939,0.40903557216346226,-0.464087229537932
0.0,2.0,0.0,1.0,0.17090941331946807,1.5566607343665377,-1.3935553304417228,-0.4014114235676847,0.8595266438630044
0.0,1.0,0.0,2.0,2.0088405322138967,0.6908461723770396,0.5509890987092884,-0.4014114235676847,2.2766160732950813
2.0,0.0,1.0,2.0,0.17090941331946807,-1.1273644078009066,1.2454692519775066,-0.4014114235676847,-0.35752509566243285
0.0,2.0,0.0,2.0,-0.8315984697138568,1.0371719971728388,-0.5601791465198609,-0.4014114235676847,-0.4080018959192482
1.0,1.0,2.0,2.0,-0.4974291753694151,-1.387108776397756,0.34264505272882284,-1.2118584192988318,-0.9538991431411035
1.0,2.0,0.0,2.0,2.3430098265583386,-0.5212942144082578,0.06485299142153556,0.40903557216346226,1.7157627371082436
0.0,1.0,0.0,1.0,-0.6645138225416359,0.51768325997914,1.3149172673043283,-1.2118584192988318,-0.4154799404017395
0.0,2.0,0.0,1.0,0.5050787076639097,-0.6944571268061575,0.6204371140361101,0.40903557216346226,0.10798317337264207
0.0,1.0,0.0,1.0,-0.16325988102497352,-0.17496838961245856,-1.324107315114901,1.2194825678946093,-0.21731176161572344
2.0,2.0,0.0,2.0,-0.16325988102497352,1.5566607343665377,-0.9074192231539701,-0.4014114235676847,0.4931024642209377
0.0,0.0,2.0,2.0,-0.33034452819719434,0.08477597898439089,0.13430100674835738,-0.4014114235676847,-0.2621800285106702
1.0,1.0,1.0,1.0,-0.16325988102497352,0.8640090847749392,0.2037490220751792,-0.4014114235676847,0.20893677388627335
1.0,1.0,1.0,1.0,1.006332649180572,0.25793889138229054,0.273197037402001,-0.4014114235676847,1.0464777559252836
1.0,0.0,2.0,1.0,0.5050787076639097,-1.5602716887956556,0.689885129362932,-0.4014114235676847,-0.3220043843705999
1.0,1.0,1.0,1.0,-2.335360294263844,-0.3481313020103582,-0.8379712078271482,2.840376559356903,-2.135430171374708
1.0,2.0,2.0,2.0,-0.6645138225416359,-0.08838693341350874,-0.2823870852125736,0.40903557216346226,-0.6248651859114921
2.0,2.0,1.0,1.0,-0.6645138225416359,1.6432421905654877,-1.2546592997880792,2.029929563625756,-0.026621627312198737
2.0,1.0,2.0,0.0,0.6721633548361304,0.08477597898439089,-0.7685231925003264,0.40903557216346226,0.6464023761120067
1.0,0.0,1.0,1.0,0.3379940604916889,0.6908461723770396,-0.9074192231539701,-0.4014114235676847,0.631446287147024
2.0,1.0,1.0,0.0,0.0038247661472472732,-0.6944571268061575,1.037125205997041,0.40903557216346226,-0.29583122868188105
1.0,1.0,1.0,1.0,-0.4974291753694151,-0.5212942144082578,-0.9074192231539701,0.40903557216346226,-0.6360822526352289
2.0,1.0,1.0,1.0,0.8392480020083513,-1.1273644078009066,1.5927093286116158,-1.2118584192988318,0.14350388466447536
1.0,2.0,1.0,1.0,-0.4974291753694151,0.1713574351833407,-1.67134739174901,-0.4014114235676847,-0.3818287402305293
2.0,2.0,1.0,2.0,-0.6645138225416359,0.9505905409738891,-0.21293906988575176,-1.2118584192988318,-0.265919050751916
2.0,1.0,1.0,1.0,0.5050787076639097,-0.3481313020103582,0.6204371140361101,0.40903557216346226,0.27997819646993927
2.0,1.0,2.0,1.0,-0.8315984697138568,-0.17496838961245856,1.3149172673043283,-1.2118584192988318,-0.8005992312500344
1.0,2.0,1.0,1.0,-0.8315984697138568,1.7298236467644375,-0.0740430392321081,0.40903557216346226,-0.18366056144451323
1.0,1.0,1.0,2.0,1.173417296352793,0.7774276285759895,1.6621573439384376,-1.2118584192988318,1.5045079804778683
0.0,2.0,1.0,2.0,-0.16325988102497352,0.6042647161780897,-1.740795407075832,-1.2118584192988318,0.10237464001077415
2.0,2.0,2.0,0.0,-2.168275647091623,1.1237534533717888,-1.6018993764221883,-0.4014114235676847,-1.7708755028532637
0.0,1.0,2.0,2.0,0.6721633548361304,0.51768325997914,1.106573221323863,-1.2118584192988318,0.8707437105867416
1.0,1.0,1.0,2.0,0.6721633548361304,-0.0018054772145589292,0.9676771906702193,-0.4014114235676847,0.60153410921706
1.0,1.0,1.0,2.0,0.0038247661472472732,1.1237534533717888,-1.740795407075832,-0.4014114235676847,0.48936344197969217
0.0,2.0,0.0,2.0,-0.33034452819719434,0.51768325997914,-0.42128311586621725,0.40903557216346226,-0.09392402765461914
0.0,0.0,1.0,1.0,0.5050787076639097,-1.3005273201988061,0.41209306805564466,0.40903557216346226,-0.193008117047627
1.0,1.0,1.0,1.0,0.8392480020083513,0.6042647161780897,-0.004595023905286278,-1.2118584192988318,1.0782594449758713
0.0,1.0,1.0,1.0,-0.16325988102497352,-0.6078756706072076,-0.7685231925003264,2.029929563625756,-0.3949153180748889
0.0,1.0,1.0,1.0,-0.6645138225416359,1.6432421905654877,1.6621573439384376,-1.2118584192988318,-0.026621627312198737
1.0,2.0,0.0,1.0,0.6721633548361304,-1.5602716887956556,-1.5324513610953665,-1.2118584192988318,-0.20609469489198692
2.0,2.0,1.0,0.0,0.3379940604916889,1.1237534533717888,1.453813297957972,-0.4014114235676847,0.8370925104155313
2.0,0.0,1.0,1.0,0.0038247661472472732,0.6042647161780897,-0.004595023905286278,-0.4014114235676847,0.2650221075049566
2.0,1.0,2.0,2.0,0.8392480020083513,-0.6078756706072076,-1.5324513610953665,-1.2118584192988318,0.42393055275789415
2.0,1.0,1.0,2.0,0.3379940604916889,-1.3005273201988061,-0.7685231925003264,-0.4014114235676847,-0.3145263398881086
1.0,0.0,2.0,1.0,-0.8315984697138568,-1.3005273201988061,-1.6018993764221883,2.029929563625756,-1.165153899771479
1.0,1.0,2.0,1.0,-1.4999370584027398,-0.6078756706072076,-1.1852112844612572,-1.2118584192988318,-1.4867098125185993
2.0,2.0,0.0,1.0,-2.168275647091623,-1.2139458639998564,-0.49073113119303907,-1.2118584192988318,-2.1242131046509716
2.0,1.0,0.0,1.0,0.0038247661472472732,-0.7810385830051073,0.8287811600165756,-0.4014114235676847,-0.33322145109433676
0.0,2.0,0.0,1.0,0.5050787076639097,1.1237534533717888,-0.42128311586621725,-1.2118584192988318,1.010957044633451
1.0,2.0,1.0,1.0,0.0038247661472472732,-0.5212942144082578,0.689885129362932,0.40903557216346226,-0.22105078385696894
2.0,0.0,2.0,1.0,0.3379940604916889,1.2969163657696883,-0.42128311586621725,1.2194825678946093,0.9193509997229338
0.0,2.0,1.0,2.0,-0.33034452819719434,-1.2139458639998564,-0.49073113119303907,-0.4014114235676847,-0.7669480310788243
1.0,0.0,2.0,1.0,-0.4974291753694151,-0.2615498458114084,-1.5324513610953665,0.40903557216346226,-0.5407371854834665
1.0,1.0,1.0,1.0,-2.335360294263844,0.25793889138229054,0.9676771906702193,-0.4014114235676847,-2.0569107043085513
2.0,0.0,1.0,2.0,0.0038247661472472732,1.6432421905654877,0.34264505272882284,-1.2118584192988318,0.7137047764544271
2.0,2.0,1.0,1.0,1.6746712378694553,0.6042647161780897,-1.1852112844612572,-0.4014114235676847,1.891496782446786
2.0,2.0,0.0,2.0,0.5050787076639097,0.08477597898439089,1.3149172673043283,-0.4014114235676847,0.49497197534156073
0.0,1.0,1.0,1.0,0.8392480020083513,0.08477597898439089,0.273197037402001,-0.4014114235676847,0.7978327768824526
2.0,1.0,2.0,1.0,2.5100944737305593,0.43110180378019014,-0.14349105455892994,-0.4014114235676847,2.573868341474105
1.0,1.0,1.0,2.0,-0.33034452819719434,-1.387108776397756,0.06485299142153556,0.40903557216346226,-0.834250431421245
1.0,2.0,2.0,2.0,1.173417296352793,1.0371719971728388,-0.9768672384807918,-1.2118584192988318,1.6559383812483142
2.0,2.0,1.0,1.0,-0.33034452819719434,-0.6944571268061575,-0.42128311586621725,0.40903557216346226,-0.565040830051563
1.0,1.0,1.0,1.0,-0.4974291753694151,-0.0018054772145589292,-0.49073113119303907,-1.2118584192988318,-0.4453921183317039
2.0,0.0,1.0,1.0,0.8392480020083513,-0.5212942144082578,-0.6990751771735045,-1.2118584192988318,0.470668330773464
0.0,1.0,1.0,1.0,-0.4974291753694151,1.6432421905654877,0.7593331446897538,-0.4014114235676847,0.15845997362945738
2.0,1.0,2.0,1.0,0.6721633548361304,-0.6944571268061575,0.06485299142153556,-0.4014114235676847,0.24258797405748356
1.0,1.0,1.0,1.0,1.006332649180572,1.1237534533717888,0.2037490220751792,0.40903557216346226,1.5325506472872097
2.0,2.0,2.0,1.0,-2.001190999919402,0.8640090847749392,0.273197037402001,0.40903557216346226,-1.641879235530291
0.0,0.0,0.0,1.0,-0.9986831168860775,0.51768325997914,1.037125205997041,-1.2118584192988318,-0.7370358531488599
1.0,1.0,2.0,1.0,1.5075865906972346,-0.17496838961245856,0.34264505272882284,0.40903557216346226,1.2409069124700545
2.0,2.0,0.0,2.0,-0.33034452819719434,0.08477597898439089,-0.14349105455892994,-0.4014114235676847,-0.2621800285106702
0.0,2.0,2.0,1.0,1.3405019435250136,-0.9542014954030069,-1.4630033457685447,-0.4014114235676847,0.623968242664533
1.0,0.0,2.0,1.0,-0.8315984697138568,0.51768325997914,-1.0463152538076137,0.40903557216346226,-0.5762578967752995
1.0,1.0,1.0,1.0,-0.8315984697138568,-1.6468531449946056,1.5927093286116158,-0.4014114235676847,-1.2773245670088464
0.0,1.0,0.0,2.0,-1.8341063527471815,1.3834978219686382,-0.004595023905286278,-0.4014114235676847,-1.3726696341606088
0.0,2.0,1.0,2.0,0.6721633548361304,0.6908461723770396,0.8982291753433975,0.40903557216346226,0.9604802443766357
0.0,0.0,2.0,2.0,-2.6695295886082855,-1.2139458639998564,0.6204371140361101,0.40903557216346226,-2.494376306534284
1.0,1.0,2.0,1.0,1.6746712378694553,-1.4736902325967058,1.453813297957972,2.029929563625756,0.5454487755983753
2.0,1.0,2.0,2.0,-2.168275647091623,-0.9542014954030069,-1.4630033457685447,-0.4014114235676847,-2.084953371117893
2.0,1.0,1.0,1.0,1.006332649180572,-1.2139458639998564,-0.5601791465198609,1.2194825678946093,0.22015384061000987
0.0,1.0,2.0,2.0,-0.16325988102497352,0.34452034758124034,0.8287811600165756,0.40903557216346226,-0.00418749386472538
1.0,1.0,2.0,1.0,-0.4974291753694151,0.6042647161780897,0.273197037402001,1.2194825678946093,-0.22292029497759203
2.0,0.0,0.0,1.0,-0.16325988102497352,0.8640090847749392,-1.67134739174901,-0.4014114235676847,0.20893677388627335
0.0,2.0,0.0,0.0,0.5050787076639097,-0.5212942144082578,1.7316053592652594,0.40903557216346226,0.19398068492129067
0.0,0.0,0.0,2.0,1.006332649180572,-0.5212942144082578,0.9676771906702193,1.2194825678946093,0.6090121536995503
0.0,1.0,1.0,1.0,-0.6645138225416359,-0.3481313020103582,-1.1157632691344355,-1.2118584192988318,-0.7146017197013862
2.0,1.0,1.0,1.0,0.0038247661472472732,0.25793889138229054,-0.49073113119303907,-0.4014114235676847,0.11546121785513308
0.0,0.0,1.0,2.0,1.173417296352793,1.7298236467644375,1.5232613132847939,2.029929563625756,2.0597527833028373
2.0,2.0,0.0,1.0,-0.8315984697138568,-0.0018054772145589292,-1.324107315114901,1.2194825678946093,-0.7445138976313509
0.0,0.0,1.0,1.0,-0.4974291753694151,-0.6944571268061575,1.3149172673043283,2.029929563625756,-0.6996456307364038
1.0,2.0,0.0,1.0,-0.8315984697138568,-1.6468531449946056,-1.1157632691344355,-0.4014114235676847,-1.2773245670088464
2.0,1.0,0.0,1.0,0.0038247661472472732,-1.3005273201988061,-0.9074192231539701,-1.2118584192988318,-0.5575627855690717
1.0,2.0,2.0,2.0,0.3379940604916889,0.7774276285759895,0.34264505272882284,-0.4014114235676847,0.6725755318007258
2.0,0.0,0.0,2.0,1.006332649180572,0.25793889138229054,-0.35183510053939543,0.40903557216346226,1.0464777559252836
0.0,2.0,2.0,0.0,-0.8315984697138568,-0.7810385830051073,1.7316053592652594,0.40903557216346226,-0.996897898915428
2.0,1.0,1.0,1.0,-0.4974291753694151,-1.0407829516019567,1.3149172673043283,-0.4014114235676847,-0.8267723869387537
1.0,2.0,2.0,1.0,0.6721633548361304,-0.17496838961245856,0.8287811600165756,0.40903557216346226,0.5117975754271652
1.0,2.0,1.0,1.0,1.6746712378694553,0.6908461723770396,-0.7685231925003264,-0.4014114235676847,1.9475821160654694
1.0,1.0,0.0,2.0,-1.8341063527471815,-1.7334346011935553,1.2454692519775066,1.2194825678946093,-1.9783912372423935
1.0,0.0,2.0,0.0,-0.16325988102497352,0.08477597898439089,-0.9074192231539701,-0.4014114235676847,-0.11074962774022425
0.0,2.0,2.0,1.0,-0.33034452819719434,1.5566607343665377,0.34264505272882284,1.2194825678946093,0.30989037439990397
1.0,0.0,2.0,2.0,-1.3328524112305191,1.2103349095707385,-0.9768672384807918,1.2194825678946093,-0.879118698316192
1.0,1.0,2.0,2.0,1.006332649180572,-0.08838693341350874,0.8982291753433975,-0.4014114235676847,0.8520485993805134
2.0,1.0,1.0,2.0,-0.33034452819719434,0.51768325997914,-0.004595023905286278,-1.2118584192988318,-0.09392402765461914
1.0,0.0,0.0,0.0,2.0088405322138967,-1.387108776397756,1.5232613132847939,-0.4014114235676847,0.8408315326567769
2.0,0.0,2.0,1.0,1.173417296352793,1.2969163657696883,1.3149172673043283,0.40903557216346226,1.80736878201876
0.0,2.0,2.0,1.0,2.175925179386118,1.0371719971728388,-0.5601791465198609,3.65082355508805,2.6879085198320958
1.0,1.0,1.0,1.0,0.5050787076639097,-0.6078756706072076,-0.8379712078271482,-0.4014114235676847,0.15098192914696637
1.0,2.0,2.0,1.0,0.8392480020083513,0.43110180378019014,-1.1157632691344355,1.2194825678946093,0.9847838889447318
0.0,2.0,2.0,2.0,-0.16325988102497352,0.08477597898439089,-0.14349105455892994,-0.4014114235676847,-0.11074962774022425
0.0,1.0,0.0,1.0,0.3379940604916889,-0.8676200392040571,-1.1852112844612572,2.029929563625756,-0.10888011661960183
1.0,2.0,0.0,2.0,0.0038247661472472732,-0.8676200392040571,0.48154108338246654,0.40903557216346226,-0.37061167350679247
2.0,1.0,1.0,2.0,-0.16325988102497352,-0.5212942144082578,0.06485299142153556,2.840376559356903,-0.3593946067830556
0.0,0.0,1.0,0.0,0.0038247661472472732,0.08477597898439089,-1.4630033457685447,-1.2118584192988318,0.040680773030222335
1.0,0.0,1.0,1.0,1.6746712378694553,1.6432421905654877,-1.4630033457685447,-1.2118584192988318,2.564520785870991
2.0,1.0,1.0,1.0,0.0038247661472472732,1.2103349095707385,-0.35183510053939543,-0.4014114235676847,0.5267536643921472
1.0,2.0,0.0,1.0,-0.16325988102497352,-0.2615498458114084,-1.5324513610953665,-0.4014114235676847,-0.2528324729075564
2.0,0.0,1.0,1.0,0.5050787076639097,-0.6944571268061575,-0.9768672384807918,-0.4014114235676847,0.10798317337264207
1.0,1.0,1.0,1.0,0.8392480020083513,0.43110180378019014,0.06485299142153556,0.40903557216346226,0.9847838889447318
1.0,2.0,1.0,1.0,0.0038247661472472732,-1.387108776397756,0.7593331446897538,-0.4014114235676847,-0.5949530079815274
0.0,1.0,2.0,1.0,-0.16325988102497352,0.34452034758124034,-0.004595023905286278,-0.4014114235676847,-0.00418749386472538
2.0,2.0,2.0,2.0,0.17090941331946807,-0.434712758209308,-0.35183510053939543,-0.4014114235676847,-0.04344722739780384
1.0,0.0,2.0,1.0,-0.16325988102497352,1.470079278167588,0.2037490220751792,-1.2118584192988318,0.45758175292910436
2.0,0.0,2.0,0.0,-2.6695295886082855,-1.6468531449946056,-0.2823870852125736,-1.2118584192988318,-2.53176652894674
1.0,0.0,1.0,0.0,0.6721633548361304,0.7774276285759895,0.5509890987092884,-0.4014114235676847,1.0053485112715823
1.0,0.0,2.0,1.0,0.8392480020083513,1.0371719971728388,-0.21293906988575176,-0.4014114235676847,1.3119483350537204
1.0,2.0,1.0,2.0,0.0038247661472472732,0.7774276285759895,-0.0740430392321081,-0.4014114235676847,0.33980255232986867
1.0,0.0,2.0,1.0,-1.1657677640582984,-1.7334346011935553,1.3843652826311503,-0.4014114235676847,-1.5297085682929237
1.0,1.0,1.0,1.0,-0.8315984697138568,-1.1273644078009066,-0.0740430392321081,-1.2118584192988318,-1.1090685661527953
1.0,1.0,1.0,2.0,-0.4974291753694151,-1.2139458639998564,0.9676771906702193,-0.4014114235676847,-0.8903357650399285
1.0,1.0,1.0,0.0,-1.4999370584027398,0.51768325997914,-0.004595023905286278,-0.4014114235676847,-1.21936972226954
1.0,2.0,2.0,1.0,-1.1657677640582984,-1.1273644078009066,0.06485299142153556,0.40903557216346226,-1.3595830563162492
1.0,2.0,2.0,2.0,1.173417296352793,-1.6468531449946056,0.7593331446897538,1.2194825678946093,0.09115757328703697
1.0,1.0,1.0,1.0,1.173417296352793,0.7774276285759895,-0.6990751771735045,-0.4014114235676847,1.5045079804778683
1.0,1.0,2.0,2.0,0.6721633548361304,-1.2139458639998564,0.9676771906702193,-1.2118584192988318,-0.026621627312198737
0.0,1.0,1.0,1.0,0.8392480020083513,0.51768325997914,1.5232613132847939,-0.4014114235676847,1.0315216669603016
0.0,2.0,0.0,1.0,0.3379940604916889,-0.3481313020103582,0.5509890987092884,-1.2118584192988318,0.13789535130260677
1.0,1.0,1.0,2.0,-0.8315984697138568,0.9505905409738891,-0.9768672384807918,-0.4014114235676847,-0.4360445627285901
0.0,2.0,2.0,1.0,0.17090941331946807,-0.0018054772145589292,0.689885129362932,-0.4014114235676847,0.15285144026758946
2.0,0.0,0.0,2.0,1.006332649180572,-0.3481313020103582,1.3843652826311503,-0.4014114235676847,0.7062267319719361
1.0,2.0,1.0,1.0,-0.16325988102497352,0.34452034758124034,-0.8379712078271482,-1.2118584192988318,-0.00418749386472538
2.0,2.0,0.0,2.0,1.6746712378694553,-1.4736902325967058,1.5232613132847939,0.40903557216346226,0.5454487755983753
1.0,1.0,1.0,1.0,-0.8315984697138568,-0.2615498458114084,-1.1852112844612572,-0.4014114235676847,-0.8286418980593764
0.0,1.0,1.0,1.0,-0.16325988102497352,0.34452034758124034,-1.324107315114901,0.40903557216346226,-0.00418749386472538
0.0,1.0,2.0,1.0,-0.9986831168860775,0.7774276285759895,1.3149172673043283,-1.2118584192988318,-0.6585163860827022
1.0,1.0,1.0,2.0,-0.6645138225416359,0.25793889138229054,0.7593331446897538,2.840376559356903,-0.5052164741916336
1.0,2.0,1.0,2.0,0.0038247661472472732,-0.6078756706072076,0.9676771906702193,0.40903557216346226,-0.258441006269425
1.0,1.0,2.0,0.0,-2.168275647091623,-0.434712758209308,0.06485299142153556,-1.2118584192988318,-2.0064339040517356
0.0,2.0,1.0,1.0,-0.4974291753694151,-0.3481313020103582,1.7316053592652594,-1.2118584192988318,-0.572518874534054
1.0,2.0,2.0,1.0,1.173417296352793,0.08477597898439089,-0.35183510053939543,-1.2118584192988318,1.1006935784233451
1.0,2.0,2.0,1.0,-0.16325988102497352,-0.08838693341350874,0.689885129362932,-1.2118584192988318,-0.18179105032389015
1.0,2.0,0.0,1.0,-1.8341063527471815,0.25793889138229054,0.7593331446897538,-1.2118584192988318,-1.5914024352734755
1.0,2.0,1.0,1.0,-0.9986831168860775,1.2103349095707385,0.9676771906702193,-1.2118584192988318,-0.527650607639107
0.0,2.0,2.0,1.0,0.5050787076639097,-1.5602716887956556,-1.4630033457685447,1.2194825678946093,-0.3220043843705999
1.0,0.0,1.0,2.0,2.175925179386118,0.8640090847749392,0.13430100674835738,1.2194825678946093,2.564520785870991
2.0,1.0,1.0,1.0,1.3405019435250136,1.3834978219686382,1.5927093286116158,2.840376559356903,2.0373186498553637
1.0,1.0,1.0,0.0,1.173417296352793,-1.6468531449946056,-0.35183510053939543,0.40903557216346226,0.09115757328703697
0.0,1.0,2.0,1.0,0.6721633548361304,-0.0018054772145589292,1.6621573439384376,0.40903557216346226,0.60153410921706
2.0,0.0,1.0,2.0,-0.33034452819719434,1.2969163657696883,-0.6990751771735045,-0.4014114235676847,0.2089367738862727
0.0,2.0,0.0,1.0,0.3379940604916889,-0.5212942144082578,0.273197037402001,1.2194825678946093,0.05563686199520435
2.0,0.0,2.0,1.0,-2.168275647091623,-1.6468531449946056,0.06485299142153556,-0.4014114235676847,-2.189645993872769
1.0,1.0,1.0,1.0,0.3379940604916889,1.0371719971728388,-1.5324513610953665,2.029929563625756,0.7959632657618302
1.0,2.0,2.0,1.0,0.8392480020083513,1.2969163657696883,-1.2546592997880792,0.40903557216346226,1.4521616691004298
1.0,2.0,1.0,1.0,-0.6645138225416359,0.25793889138229054,-0.8379712078271482,-1.2118584192988318,-0.5052164741916336
1.0,1.0,2.0,1.0,-0.16325988102497352,-0.9542014954030069,-0.21293906988575176,-0.4014114235676847,-0.536998163242221
1.0,1.0,1.0,1.0,0.8392480020083513,0.1713574351833407,1.453813297957972,-0.4014114235676847,0.8445705548980224
1.0,1.0,1.0,1.0,1.5075865906972346,1.1237534533717888,0.6204371140361101,-1.2118584192988318,2.0541442499409692
2.0,2.0,1.0,1.0,1.5075865906972346,0.43110180378019014,-0.6990751771735045,2.029929563625756,1.6204176699564807
1.0,2.0,0.0,1.0,-0.4974291753694151,1.1237534533717888,1.3843652826311503,-0.4014114235676847,-0.032230160674067
1.0,1.0,1.0,2.0,-1.1657677640582984,-0.2615498458114084,-0.35183510053939543,1.2194825678946093,-1.1165466106352866
0.0,0.0,1.0,1.0,-0.6645138225416359,-1.6468531449946056,-1.67134739174901,-0.4014114235676847,-1.1632843886508564
1.0,1.0,2.0,1.0,-0.33034452819719434,-0.7810385830051073,0.41209306805564466,-1.2118584192988318,-0.5986920302227732
2.0,2.0,1.0,2.0,1.6746712378694553,0.6042647161780897,-0.9768672384807918,0.40903557216346226,1.891496782446786
1.0,2.0,2.0,1.0,1.006332649180572,0.8640090847749392,-1.5324513610953665,-0.4014114235676847,1.3867287798786325
0.0,2.0,2.0,1.0,-0.16325988102497352,0.8640090847749392,-1.1157632691344355,1.2194825678946093,0.20893677388627335
1.0,0.0,1.0,2.0,-1.3328524112305191,0.6908461723770396,-1.324107315114901,-1.2118584192988318,-1.0137234990010329
1.0,1.0,2.0,2.0,-1.1657677640582984,1.5566607343665377,-0.2823870852125736,-0.4014114235676847,-0.6061700747052642
1.0,1.0,2.0,1.0,0.8392480020083513,0.1713574351833407,0.41209306805564466,0.40903557216346226,0.8445705548980224
1.0,2.0,2.0,0.0,1.006332649180572,-0.8676200392040571,-1.1852112844612572,-0.4014114235676847,0.4145829971547801
2.0,2.0,2.0,2.0,0.17090941331946807,0.8640090847749392,0.06485299142153556,0.40903557216346226,0.545448775598376
1.0,1.0,0.0,0.0,0.5050787076639097,-0.434712758209308,-0.6296271618466828,2.840376559356903,0.23697944069561497
1.0,2.0,1.0,1.0,-1.6670217055749608,0.08477597898439089,1.6621573439384376,0.40903557216346226,-1.4736232346742395
1.0,2.0,2.0,2.0,-0.4974291753694151,0.43110180378019014,-0.42128311586621725,2.029929563625756,-0.28648367307876693
1.0,1.0,1.0,1.0,0.3379940604916889,-0.08838693341350874,0.06485299142153556,-0.4014114235676847,0.26128308526371175
0.0,2.0,0.0,0.0,1.173417296352793,-1.1273644078009066,0.9676771906702193,-0.4014114235676847,0.39401837482792945
1.0,0.0,2.0,2.0,-0.4974291753694151,-0.08838693341350874,0.48154108338246654,-1.2118584192988318,-0.47717380738229165
1.0,1.0,1.0,1.0,-0.16325988102497352,0.1713574351833407,1.3149172673043283,-0.4014114235676847,-0.07522891644839162
2.0,1.0,1.0,1.0,0.5050787076639097,-0.3481313020103582,-1.2546592997880792,-0.4014114235676847,0.27997819646993927
1.0,0.0,1.0,1.0,1.006332649180572,1.1237534533717888,-0.42128311586621725,0.40903557216346226,1.5325506472872097
1.0,1.0,1.0,2.0,-1.1657677640582984,0.34452034758124034,0.2037490220751792,-0.4014114235676847,-0.9464210986586125
1.0,2.0,2.0,2.0,-0.6645138225416359,0.51768325997914,1.6621573439384376,2.029929563625756,-0.4154799404017395
2.0,0.0,1.0,2.0,0.17090941331946807,1.470079278167588,1.453813297957972,0.40903557216346226,0.8202669103299263
0.0,1.0,0.0,1.0,-0.16325988102497352,-1.0407829516019567,-0.004595023905286278,-0.4014114235676847,-0.5725188745340537
1.0,2.0,1.0,1.0,0.5050787076639097,-0.17496838961245856,1.3149172673043283,-0.4014114235676847,0.36597570801858786
1.0,2.0,1.0,1.0,-1.3328524112305191,1.3834978219686382,1.3843652826311503,1.2194825678946093,-0.834250431421245
0.0,1.0,0.0,2.0,-1.4999370584027398,0.43110180378019014,1.1760212366506848,-1.2118584192988318,-1.2399343445963908
2.0,2.0,1.0,2.0,0.8392480020083513,-1.1273644078009066,1.2454692519775066,0.40903557216346226,0.14350388466447536
1.0,1.0,1.0,2.0,1.006332649180572,0.1713574351833407,0.7593331446897538,-1.2118584192988318,0.9978704667890914
1.0,1.0,1.0,1.0,-0.6645138225416359,-0.434712758209308,1.3149172673043283,-1.2118584192988318,-0.7445138976313509
1.0,1.0,2.0,1.0,-0.6645138225416359,0.34452034758124034,1.2454692519775066,-1.2118584192988318,-0.47530429626166887
1.0,0.0,1.0,2.0,-0.33034452819719434,0.9505905409738891,1.3843652826311503,0.40903557216346226,0.07433197320143187
0.0,2.0,2.0,1.0,0.0038247661472472732,-0.3481313020103582,0.8287811600165756,-0.4014114235676847,-0.14627033903205752
0.0,1.0,1.0,0.0,-0.33034452819719434,0.6908461723770396,-0.7685231925003264,-1.2118584192988318,-0.026621627312198737
0.0,0.0,2.0,2.0,1.006332649180572,-0.7810385830051073,1.7316053592652594,-0.4014114235676847,0.463190286290973
1.0,0.0,2.0,1.0,1.006332649180572,-1.5602716887956556,0.7593331446897538,0.40903557216346226,0.02572468406523965
0.0,2.0,1.0,2.0,-1.6670217055749608,0.1713574351833407,0.48154108338246654,0.40903557216346226,-1.454928123468012
0.0,0.0,0.0,1.0,-0.33034452819719434,-0.7810385830051073,-0.9768672384807918,0.40903557216346226,-0.5986920302227732
1.0,1.0,1.0,1.0,1.6746712378694553,-0.8676200392040571,-1.2546592997880792,-0.4014114235676847,0.938046110929162
1.0,1.0,1.0,1.0,-0.9986831168860775,0.34452034758124034,1.453813297957972,0.40903557216346226,-0.789382164526298
1.0,0.0,0.0,1.0,-0.4974291753694151,-1.7334346011935553,-0.9768672384807918,-0.4014114235676847,-1.0810258993434536
1.0,1.0,1.0,2.0,-0.16325988102497352,1.0371719971728388,-0.6990751771735045,1.2194825678946093,0.27997819646993927
1.0,0.0,2.0,1.0,0.17090941331946807,1.5566607343665377,-1.67134739174901,-1.2118584192988318,0.8595266438630044
2.0,0.0,1.0,1.0,-1.4999370584027398,0.6042647161780897,-1.5324513610953665,-0.4014114235676847,-1.1988050999426894
2.0,1.0,1.0,2.0,1.841755885041676,-1.5602716887956556,1.106573221323863,2.029929563625756,0.6052731314583047
1.0,0.0,2.0,2.0,-0.16325988102497352,0.9505905409738891,1.106573221323863,-0.4014114235676847,0.24445748517810598
1.0,0.0,1.0,1.0,0.0038247661472472732,-0.8676200392040571,-0.14349105455892994,-1.2118584192988318,-0.37061167350679247
1.0,2.0,1.0,2.0,-0.33034452819719434,-0.9542014954030069,1.7316053592652594,1.2194825678946093,-0.6659944305651939
2.0,2.0,1.0,1.0,2.0088405322138967,0.08477597898439089,-1.1157632691344355,0.40903557216346226,1.857845582275576
0.0,1.0,1.0,2.0,0.3379940604916889,0.6908461723770396,0.8287811600165756,-0.4014114235676847,0.631446287147024
1.0,1.0,0.0,2.0,-0.16325988102497352,-0.6944571268061575,-0.6296271618466828,-1.2118584192988318,-0.4304360293667219
0.0,2.0,2.0,2.0,-1.3328524112305191,0.08477597898439089,0.48154108338246654,-0.4014114235676847,-1.1707624331333473
2.0,1.0,2.0,1.0,0.5050787076639097,1.0371719971728388,-1.6018993764221883,-0.4014114235676847,0.9679582888591267
0.0,2.0,1.0,1.0,-0.6645138225416359,-1.6468531449946056,-1.4630033457685447,-0.4014114235676847,-1.1632843886508564
2.0,1.0,1.0,2.0,0.0038247661472472732,0.8640090847749392,-1.1852112844612572,-0.4014114235676847,0.3771927747423244
1.0,1.0,1.0,1.0,-0.16325988102497352,-0.3481313020103582,-1.5324513610953665,0.40903557216346226,-0.2883531841993897
0.0,0.0,1.0,2.0,1.6746712378694553,0.1713574351833407,0.7593331446897538,0.40903557216346226,1.6110701143533668
1.0,1.0,1.0,2.0,1.5075865906972346,0.8640090847749392,0.5509890987092884,-1.2118584192988318,1.891496782446786
1.0,1.0,0.0,2.0,0.6721633548361304,-0.6944571268061575,-1.5324513610953665,-1.2118584192988318,0.24258797405748356
1.0,1.0,2.0,0.0,-0.33034452819719434,1.6432421905654877,-1.67134739174901,-0.4014114235676847,0.34354157457111417
0.0,1.0,2.0,1.0,-2.168275647091623,0.34452034758124034,1.7316053592652594,1.2194825678946093,-1.8886547034524994
0.0,0.0,1.0,1.0,-0.8315984697138568,-1.1273644078009066,-1.1157632691344355,-1.2118584192988318,-1.1090685661527953
2.0,0.0,1.0,1.0,1.006332649180572,1.2103349095707385,-1.1157632691344355,2.029929563625756,1.581157936423402
0.0,1.0,1.0,1.0,0.3379940604916889,0.6908461723770396,-0.21293906988575176,2.029929563625756,0.631446287147024
0.0,1.0,1.0,1.0,0.8392480020083513,-1.5602716887956556,0.6204371140361101,0.40903557216346226,-0.09018500541337364
1.0,1.0,1.0,1.0,1.006332649180572,-0.0018054772145589292,1.3149172673043283,-0.4014114235676847,0.9006558885167063
1.0,2.0,1.0,1.0,-1.8341063527471815,0.6042647161780897,0.48154108338246654,-1.2118584192988318,-1.5241000349310552
1.0,1.0,2.0,2.0,-1.6670217055749608,0.43110180378019014,1.1760212366506848,-1.2118584192988318,-1.398842789849328
1.0,1.0,1.0,2.0,1.6746712378694553,-0.3481313020103582,0.7593331446897538,-0.4014114235676847,1.2745581126412646
0.0,2.0,0.0,2.0,0.0038247661472472732,1.2969163657696883,1.2454692519775066,-1.2118584192988318,0.5641438868046036
1.0,0.0,1.0,2.0,-0.8315984697138568,-1.1273644078009066,-0.0740430392321081,-0.4014114235676847,-1.1090685661527953
1.0,1.0,0.0,1.0,1.6746712378694553,-0.2615498458114084,-0.0740430392321081,1.2194825678946093,1.3306434462599486
1.0,2.0,2.0,1.0,-1.3328524112305191,0.6042647161780897,-0.004595023905286278,-0.4014114235676847,-1.0361576324485064
1.0,2.0,1.0,1.0,1.6746712378694553,-0.08838693341350874,-0.6990751771735045,-0.4014114235676847,1.4428141134973165
1.0,0.0,2.0,2.0,-1.6670217055749608,-1.3005273201988061,-1.3935553304417228,-1.2118584192988318,-1.7727450139738865
0.0,0.0,1.0,1.0,1.006332649180572,-1.3005273201988061,-1.5324513610953665,1.2194825678946093,0.17154655147381764
1.0,1.0,1.0,1.0,-0.33034452819719434,0.9505905409738891,-0.8379712078271482,-0.4014114235676847,0.07433197320143187
1.0,1.0,2.0,1.0,0.5050787076639097,-1.0407829516019567,-0.35183510053939543,2.029929563625756,-0.06401184972465444
0.0,1.0,1.0,2.0,0.17090941331946807,1.2103349095707385,-0.6990751771735045,2.840376559356903,0.7024877097306899
0.0,2.0,2.0,2.0,-0.16325988102497352,-0.3481313020103582,-0.6296271618466828,-1.2118584192988318,-0.2883531841993897
2.0,2.0,0.0,0.0,-0.33034452819719434,-0.17496838961245856,0.689885129362932,1.2194825678946093,-0.36313362902430113
1.0,2.0,2.0,2.0,-0.4974291753694151,0.43110180378019014,-0.6296271618466828,-1.2118584192988318,-0.28648367307876693
2.0,2.0,1.0,1.0,-0.33034452819719434,0.1713574351833407,-0.9074192231539701,1.2194825678946093,-0.22852882833946028
1.0,1.0,1.0,1.0,0.8392480020083513,0.1713574351833407,-0.6990751771735045,-1.2118584192988318,0.8445705548980224
2.0,1.0,2.0,1.0,-0.6645138225416359,0.08477597898439089,0.689885129362932,0.40903557216346226,-0.5650408300515627
2.0,2.0,1.0,1.0,-1.4999370584027398,-1.4736902325967058,-1.324107315114901,0.40903557216346226,-1.6923560357871066
1.0,1.0,1.0,1.0,-1.4999370584027398,0.9505905409738891,-1.5324513610953665,-1.2118584192988318,-1.1165466106352866
0.0,1.0,0.0,2.0,-0.4974291753694151,1.2969163657696883,0.689885129362932,-0.4014114235676847,0.031333217427107575
1.0,1.0,2.0,2.0,-0.4974291753694151,-0.3481313020103582,-0.2823870852125736,-1.2118584192988318,-0.572518874534054
1.0,1.0,1.0,2.0,1.841755885041676,1.0371719971728388,0.06485299142153556,0.40903557216346226,2.3439184736375016
0.0,1.0,1.0,2.0,0.3379940604916889,1.2103349095707385,-0.004595023905286278,-1.2118584192988318,0.8782217550692326
1.0,0.0,2.0,1.0,1.006332649180572,0.1713574351833407,-1.0463152538076137,1.2194825678946093,0.9978704667890914
0.0,1.0,1.0,1.0,-1.3328524112305191,-0.8676200392040571,0.41209306805564466,-0.4014114235676847,-1.4175379010555562
2.0,1.0,1.0,1.0,-0.9986831168860775,1.470079278167588,-0.004595023905286278,-0.4014114235676847,-0.4491311405729497
1.0,2.0,2.0,2.0,0.6721633548361304,0.6908461723770396,-0.2823870852125736,0.40903557216346226,0.9604802443766357
1.0,0.0,2.0,1.0,-0.33034452819719434,-0.17496838961245856,0.5509890987092884,0.40903557216346226,-0.36313362902430113
2.0,1.0,2.0,1.0,-0.33034452819719434,-0.17496838961245856,-1.3935553304417228,-1.2118584192988318,-0.36313362902430113
1.0,1.0,1.0,2.0,0.5050787076639097,-0.2615498458114084,-0.21293906988575176,0.40903557216346226,0.32297695224426354
1.0,0.0,1.0,2.0,2.175925179386118,0.51768325997914,0.34264505272882284,-1.2118584192988318,2.3177453179487824
1.0,1.0,0.0,1.0,0.17090941331946807,-0.2615498458114084,-1.2546592997880792,2.029929563625756,0.035072239668353745
1.0,0.0,0.0,1.0,2.67717912090278,0.1713574351833407,-0.8379712078271482,-1.2118584192988318,2.5308695856997807
2.0,2.0,1.0,2.0,-0.6645138225416359,-1.387108776397756,-1.67134739174901,2.029929563625756,-1.0735478548609623
2.0,1.0,0.0,0.0,-1.4999370584027398,-1.6468531449946056,0.41209306805564466,2.840376559356903,-1.733485280440808
0.0,0.0,1.0,1.0,-0.4974291753694151,1.2103349095707385,-0.6990751771735045,2.029929563625756,-0.0004484716234798755
1.0,0.0,2.0,1.0,-0.8315984697138568,0.9505905409738891,-0.004595023905286278,2.029929563625756,-0.4360445627285901
0.0,0.0,1.0,2.0,-0.8315984697138568,0.9505905409738891,0.2037490220751792,0.40903557216346226,-0.4360445627285901
0.0,0.0,2.0,2.0,0.3379940604916889,-0.3481313020103582,-0.6990751771735045,-1.2118584192988318,0.13789535130260677
1.0,2.0,0.0,1.0,1.173417296352793,-1.5602716887956556,1.453813297957972,0.40903557216346226,0.14163437354385228
0.0,2.0,2.0,2.0,-0.33034452819719434,-1.0407829516019567,0.48154108338246654,-1.2118584192988318,-0.6996456307364038
1.0,2.0,0.0,1.0,0.3379940604916889,-0.2615498458114084,-0.35183510053939543,0.40903557216346226,0.17902459595630865
2.0,1.0,1.0,0.0,0.17090941331946807,1.2969163657696883,-0.9074192231539701,-0.4014114235676847,0.7417474432637687
2.0,1.0,1.0,1.0,1.006332649180572,-0.6078756706072076,-0.49073113119303907,2.029929563625756,0.560404864563358
1.0,0.0,1.0,0.0,1.3405019435250136,0.9505905409738891,1.037125205997041,0.40903557216346226,1.775587092968173
1.0,1.0,2.0,1.0,-0.16325988102497352,-0.08838693341350874,1.037125205997041,-0.4014114235676847,-0.18179105032389015
2.0,1.0,1.0,0.0,-0.16325988102497352,1.1237534533717888,0.6204371140361101,-1.2118584192988318,0.31549890776177253
1.0,1.0,2.0,2.0,-0.16325988102497352,1.1237534533717888,-0.6990751771735045,-1.2118584192988318,0.31549890776177253
2.0,0.0,0.0,1.0,1.3405019435250136,-0.6944571268061575,0.689885129362932,2.029929563625756,0.7810071767968475
0.0,1.0,1.0,1.0,0.17090941331946807,0.34452034758124034,-0.004595023905286278,-0.4014114235676847,0.30989037439990397
0.0,0.0,0.0,1.0,-0.9986831168860775,-1.1273644078009066,-0.6296271618466828,-1.2118584192988318,-1.2343258112345221
2.0,1.0,0.0,2.0,0.6721633548361304,-0.2615498458114084,-0.6990751771735045,0.40903557216346226,0.4669293085322185
0.0,0.0,1.0,1.0,1.173417296352793,0.51768325997914,-1.1157632691344355,-0.4014114235676847,1.3530775797074217
1.0,1.0,1.0,1.0,0.0038247661472472732,-0.6944571268061575,-1.324107315114901,2.029929563625756,-0.29583122868188105
0.0,1.0,1.0,2.0,-1.1657677640582984,-1.5602716887956556,-1.324107315114901,-0.4014114235676847,-1.4811012791567308
2.0,1.0,2.0,2.0,-1.1657677640582984,-0.5212942144082578,1.5927093286116158,-0.4014114235676847,-1.1894575443395754
1.0,1.0,0.0,1.0,0.5050787076639097,1.470079278167588,-0.9074192231539701,-1.2118584192988318,1.1829520677307475
2.0,1.0,0.0,2.0,0.6721633548361304,1.5566607343665377,1.6621573439384376,0.40903557216346226,1.4091629133261054
0.0,1.0,2.0,2.0,-0.4974291753694151,-1.6468531449946056,-0.21293906988575176,-0.4014114235676847,-1.049244210292866
0.0,1.0,2.0,1.0,0.8392480020083513,1.1237534533717888,1.037125205997041,-0.4014114235676847,1.3586861130692902
0.0,1.0,0.0,1.0,-0.9986831168860775,-1.7334346011935553,-0.6990751771735045,-1.2118584192988318,-1.417537901055556
2.0,0.0,2.0,1.0,0.0038247661472472732,-1.2139458639998564,1.3843652826311503,0.40903557216346226,-0.5201725631566156
1.0,1.0,0.0,1.0,0.17090941331946807,-0.0018054772145589292,-0.9768672384807918,0.40903557216346226,0.15285144026758946
1.0,1.0,2.0,2.0,0.6721633548361304,1.5566607343665377,-0.9768672384807918,3.65082355508805,1.4091629133261054
0.0,2.0,0.0,1.0,1.3405019435250136,1.470079278167588,-1.5324513610953665,-1.2118584192988318,2.0896649612328018
2.0,0.0,0.0,2.0,0.3379940604916889,-1.6468531449946056,0.06485299142153556,-0.4014114235676847,-0.4790433185029144
0.0,1.0,0.0,1.0,0.8392480020083513,-0.2615498458114084,-0.7685231925003264,1.2194825678946093,0.6108816648201734
1.0,1.0,0.0,0.0,1.006332649180572,-0.6944571268061575,0.48154108338246654,0.40903557216346226,0.5117975754271652
0.0,0.0,1.0,1.0,0.5050787076639097,-0.6944571268061575,-0.6296271618466828,1.2194825678946093,0.10798317337264207
1.0,1.0,2.0,1.0,-0.33034452819719434,1.2969163657696883,-1.4630033457685447,0.40903557216346226,0.2089367738862727
0.0,2.0,0.0,1.0,0.6721633548361304,-0.2615498458114084,0.48154108338246654,-0.4014114235676847,0.4669293085322185
1.0,1.0,1.0,1.0,-0.9986831168860775,-1.387108776397756,0.689885129362932,-1.2118584192988318,-1.3128452783006794
2.0,1.0,2.0,1.0,-1.3328524112305191,-1.3005273201988061,-0.004595023905286278,-1.2118584192988318,-1.5297085682929235
1.0,1.0,2.0,1.0,-0.6645138225416359,1.2969163657696883,-1.6018993764221883,-1.2118584192988318,-0.14627033903205752
1.0,2.0,2.0,1.0,1.5075865906972346,-1.2139458639998564,-0.6296271618466828,-1.2118584192988318,0.5903170424933227
2.0,1.0,1.0,1.0,0.8392480020083513,0.7774276285759895,0.41209306805564466,1.2194825678946093,1.171735001007011
1.0,0.0,2.0,1.0,0.17090941331946807,1.7298236467644375,1.3149172673043283,-0.4014114235676847,0.938046110929162
1.0,0.0,1.0,1.0,1.006332649180572,0.08477597898439089,0.48154108338246654,-1.2118584192988318,0.9492631776528991
2.0,1.0,1.0,1.0,-0.16325988102497352,-1.387108776397756,0.8287811600165756,0.40903557216346226,-0.7146017197013862
1.0,1.0,1.0,1.0,-0.33034452819719434,1.6432421905654877,0.7593331446897538,-0.4014114235676847,0.34354157457111417
2.0,1.0,1.0,1.0,0.17090941331946807,-1.1273644078009066,1.3843652826311503,-0.4014114235676847,-0.35752509566243285
1.0,2.0,1.0,1.0,0.17090941331946807,-1.7334346011935553,-0.9074192231539701,0.40903557216346226,-0.6323432303939834
2.0,2.0,1.0,1.0,-0.9986831168860775,-0.6078756706072076,-1.2546592997880792,0.40903557216346226,-1.0772868771022082
0.0,2.0,0.0,1.0,-0.9986831168860775,-0.3481313020103582,0.13430100674835738,0.40903557216346226,-0.9987674100360505
0.0,1.0,2.0,1.0,1.006332649180572,0.6042647161780897,-0.35183510053939543,-0.4014114235676847,1.2409069124700545
1.0,1.0,0.0,2.0,0.6721633548361304,-0.9542014954030069,-0.42128311586621725,-1.2118584192988318,0.10798317337264207
1.0,1.0,1.0,1.0,2.175925179386118,-0.17496838961245856,-0.21293906988575176,2.029929563625756,1.8241943821043658
2.0,1.0,1.0,0.0,-0.8315984697138568,-1.0407829516019567,-1.740795407075832,0.40903557216346226,-1.0810258993434532
0.0,1.0,2.0,1.0,-0.4974291753694151,1.7298236467644375,-0.2823870852125736,0.40903557216346226,0.19024166268004516
1.0,2.0,0.0,2.0,-2.168275647091623,0.7774276285759895,-1.5324513610953665,1.2194825678946093,-1.8232218142307017
1.0,0.0,2.0,2.0,-0.16325988102497352,0.1713574351833407,1.3843652826311503,0.40903557216346226,-0.07522891644839162
2.0,1.0,0.0,1.0,0.17090941331946807,-0.08838693341350874,-1.4630033457685447,1.2194825678946093,0.11359170673451066
1.0,2.0,2.0,2.0,-1.1657677640582984,-0.2615498458114084,-0.42128311586621725,0.40903557216346226,-1.1165466106352866
1.0,2.0,0.0,0.0,0.17090941331946807,-0.0018054772145589292,-0.14349105455892994,-1.2118584192988318,0.15285144026758946
0.0,2.0,1.0,1.0,-1.8341063527471815,-1.6468531449946056,0.13430100674835738,-0.4014114235676847,-1.9615656371567884
0.0,2.0,2.0,1.0,-0.6645138225416359,0.34452034758124034,0.8982291753433975,-0.4014114235676847,-0.47530429626166887
2.0,2.0,1.0,1.0,-2.5024449414360648,-1.6468531449946056,0.6204371140361101,-0.4014114235676847,-2.41772635058875
0.0,1.0,1.0,2.0,1.173417296352793,0.51768325997914,-0.21293906988575176,-0.4014114235676847,1.3530775797074217
2.0,1.0,1.0,1.0,-2.836614235780506,-0.17496838961245856,-1.4630033457685447,0.40903557216346226,-2.550461640152968
1.0,2.0,0.0,1.0,-0.9986831168860775,-1.4736902325967058,0.273197037402001,-0.4014114235676847,-1.3390184339893987
2.0,1.0,1.0,1.0,-0.16325988102497352,0.25793889138229054,0.13430100674835738,-0.4014114235676847,-0.03970820515655834
2.0,0.0,0.0,2.0,-0.33034452819719434,0.6042647161780897,0.273197037402001,-0.4014114235676847,-0.06027282748340894
2.0,0.0,1.0,1.0,-0.4974291753694151,-0.6078756706072076,0.689885129362932,1.2194825678946093,-0.6678639416858163
1.0,1.0,2.0,1.0,-1.3328524112305191,0.8640090847749392,0.13430100674835738,1.2194825678946093,-0.9688552321060858
1.0,2.0,0.0,2.0,-0.6645138225416359,-0.434712758209308,0.5509890987092884,-0.4014114235676847,-0.7445138976313509
2.0,2.0,1.0,2.0,0.0038247661472472732,1.1237534533717888,-1.0463152538076137,-1.2118584192988318,0.48936344197969217
1.0,0.0,2.0,1.0,0.6721633548361304,1.1237534533717888,0.2037490220751792,-0.4014114235676847,1.1848215788513705
0.0,2.0,2.0,2.0,0.5050787076639097,0.08477597898439089,1.106573221323863,-1.2118584192988318,0.49497197534156073
1.0,1.0,1.0,1.0,0.3379940604916889,-1.387108776397756,-0.9074192231539701,1.2194825678946093,-0.3556555845418101
1.0,1.0,1.0,2.0,0.0038247661472472732,-1.2139458639998564,1.2454692519775066,0.40903557216346226,-0.5201725631566156
2.0,0.0,1.0,1.0,0.5050787076639097,-1.387108776397756,-0.42128311586621725,2.029929563625756,-0.2360068728219513
2.0,0.0,1.0,1.0,-0.16325988102497352,-1.1273644078009066,1.1760212366506848,-1.2118584192988318,-0.6080395858258869
1.0,1.0,2.0,1.0,1.5075865906972346,1.1237534533717888,0.48154108338246654,2.840376559356903,2.0541442499409692
0.0,1.0,0.0,1.0,0.0038247661472472732,1.470079278167588,0.6204371140361101,2.029929563625756,0.638924331629515
1.0,1.0,2.0,2.0,1.6746712378694553,-1.5602716887956556,-0.8379712078271482,0.40903557216346226,0.48936344197969217
2.0,2.0,1.0,1.0,1.3405019435250136,-0.17496838961245856,-0.14349105455892994,0.40903557216346226,1.0950850450614764
1.0,1.0,0.0,0.0,-0.16325988102497352,-0.6944571268061575,-1.1852112844612572,-1.2118584192988318,-0.4304360293667219
0.0,1.0,0.0,1.0,2.0088405322138967,0.43110180378019014,-0.8379712078271482,0.40903557216346226,2.097143005715293
1.0,1.0,2.0,0.0,-0.8315984697138568,1.0371719971728388,0.6204371140361101,-1.2118584192988318,-0.4080018959192482
1.0,1.0,1.0,2.0,0.5050787076639097,0.6908461723770396,-0.42128311586621725,1.2194825678946093,0.7959632657618295
1.0,1.0,0.0,1.0,-0.9986831168860775,-1.1273644078009066,-0.2823870852125736,-1.2118584192988318,-1.2343258112345221
0.0,2.0,0.0,1.0,-0.6645138225416359,-0.7810385830051073,0.13430100674835738,2.029929563625756,-0.8641626093512097
2.0,1.0,2.0,1.0,-0.8315984697138568,0.1713574351833407,1.037125205997041,0.40903557216346226,-0.6884285640126673
1.0,2.0,1.0,2.0,1.6746712378694553,0.34452034758124034,1.3149172673043283,-0.4014114235676847,1.7232407815907345
1.0,2.0,1.0,2.0,1.6746712378694553,1.3834978219686382,-1.6018993764221883,-1.2118584192988318,2.3962647850149392
1.0,0.0,0.0,1.0,1.173417296352793,-0.8676200392040571,0.8982291753433975,-0.4014114235676847,0.5454487755983753
0.0,0.0,0.0,2.0,0.0038247661472472732,1.5566607343665377,0.2037490220751792,2.029929563625756,0.6763145540419714
1.0,0.0,0.0,1.0,-0.4974291753694151,-1.3005273201988061,-1.3935553304417228,0.40903557216346226,-0.9221174540905159
1.0,1.0,2.0,0.0,0.8392480020083513,0.6908461723770396,-1.67134739174901,-0.4014114235676847,1.1249972229914411
1.0,0.0,1.0,0.0,0.17090941331946807,-1.6468531449946056,-1.1852112844612572,-0.4014114235676847,-0.5930834968609046
1.0,0.0,1.0,1.0,0.8392480020083513,1.3834978219686382,1.5927093286116158,-1.2118584192988318,1.4988994471159995
2.0,2.0,1.0,0.0,0.5050787076639097,0.08477597898439089,0.2037490220751792,2.029929563625756,0.49497197534156073
0.0,0.0,2.0,0.0,-1.4999370584027398,0.7774276285759895,-0.42128311586621725,-0.4014114235676847,-1.1576758552889876
0.0,2.0,1.0,2.0,-1.8341063527471815,-0.17496838961245856,-1.2546592997880792,-0.4014114235676847,-1.675530435701501
1.0,2.0,1.0,2.0,1.841755885041676,1.0371719971728388,-1.3935553304417228,1.2194825678946093,2.3439184736375016
0.0,1.0,2.0,1.0,-1.4999370584027398,-0.5212942144082578,1.5927093286116158,-0.4014114235676847,-1.4661451901917484
1.0,1.0,1.0,1.0,-0.33034452819719434,-1.387108776397756,0.34264505272882284,-0.4014114235676847,-0.834250431421245
1.0,1.0,1.0,1.0,-0.16325988102497352,-0.3481313020103582,-0.6990751771735045,-1.2118584192988318,-0.2883531841993897
2.0,1.0,2.0,2.0,-0.33034452819719434,-0.17496838961245856,0.689885129362932,-0.4014114235676847,-0.36313362902430113
1.0,1.0,1.0,2.0,-0.8315984697138568,1.2969163657696883,-1.324107315114901,1.2194825678946093,-0.32387389549122264
1.0,1.0,0.0,1.0,1.006332649180572,-0.434712758209308,0.06485299142153556,0.40903557216346226,0.6576194428357431
2.0,1.0,2.0,1.0,-0.8315984697138568,-1.4736902325967058,-0.6296271618466828,-0.4014114235676847,-1.221239233390163
1.0,2.0,2.0,1.0,-0.16325988102497352,-0.17496838961245856,-1.3935553304417228,-1.2118584192988318,-0.21731176161572344
1.0,1.0,0.0,1.0,-1.4999370584027398,1.6432421905654877,0.8982291753433975,0.40903557216346226,-0.9520296320204806
2.0,1.0,2.0,0.0,-1.1657677640582984,-0.17496838961245856,0.8982291753433975,-1.2118584192988318,-1.0922429660671902
1.0,1.0,0.0,1.0,0.17090941331946807,0.43110180378019014,0.13430100674835738,0.40903557216346226,0.34915010793298207
0.0,1.0,1.0,1.0,-0.16325988102497352,-0.9542014954030069,-1.3935553304417228,-0.4014114235676847,-0.536998163242221
1.0,1.0,2.0,1.0,-1.1657677640582984,0.51768325997914,-1.1157632691344355,1.2194825678946093,-0.8978138095224198
1.0,1.0,1.0,1.0,0.0038247661472472732,-0.434712758209308,0.2037490220751792,-1.2118584192988318,-0.18366056144451323
1.0,1.0,2.0,2.0,-1.1657677640582984,0.51768325997914,-1.5324513610953665,0.40903557216346226,-0.8978138095224198
1.0,2.0,2.0,1.0,-0.33034452819719434,-1.4736902325967058,-0.9074192231539701,0.40903557216346226,-0.8679016315924551
1.0,0.0,1.0,1.0,-0.33034452819719434,0.08477597898439089,-0.7685231925003264,-0.4014114235676847,-0.2621800285106702
1.0,0.0,1.0,1.0,-0.8315984697138568,0.6908461723770396,-0.9768672384807918,-1.2118584192988318,-0.520172563156616
0.0,0.0,2.0,0.0,1.006332649180572,1.5566607343665377,1.5927093286116158,2.029929563625756,1.775587092968173
1.0,0.0,0.0,2.0,2.175925179386118,-0.17496838961245856,0.7593331446897538,-0.4014114235676847,1.8241943821043658
0.0,2.0,0.0,1.0,-0.4974291753694151,0.1713574351833407,-1.324107315114901,1.2194825678946093,-0.3818287402305293
0.0,2.0,1.0,1.0,0.17090941331946807,-0.9542014954030069,-1.6018993764221883,-1.2118584192988318,-0.2790056285962759
0.0,1.0,1.0,1.0,-1.3328524112305191,1.6432421905654877,0.5509890987092884,-0.4014114235676847,-0.7669480310788246
0.0,2.0,2.0,1.0,2.175925179386118,1.1237534533717888,1.5927093286116158,-1.2118584192988318,2.7496023868126476
2.0,2.0,1.0,1.0,0.0038247661472472732,-0.6944571268061575,1.037125205997041,0.40903557216346226,-0.29583122868188105
1.0,1.0,1.0,1.0,1.006332649180572,0.34452034758124034,-1.324107315114901,-0.4014114235676847,1.0950850450614764
1.0,1.0,1.0,2.0,-1.3328524112305191,-0.3481313020103582,-1.740795407075832,0.40903557216346226,-1.2829331003707147
0.0,2.0,2.0,1.0,0.5050787076639097,-0.08838693341350874,0.48154108338246654,1.2194825678946093,0.40897446379291214
1.0,2.0,1.0,2.0,-0.16325988102497352,0.6908461723770396,1.3843652826311503,-0.4014114235676847,0.13789535130260677
0.0,2.0,0.0,1.0,0.8392480020083513,0.6042647161780897,-1.67134739174901,1.2194825678946093,1.0782594449758713
0.0,1.0,1.0,1.0,-0.8315984697138568,0.9505905409738891,-0.21293906988575176,-1.2118584192988318,-0.4360445627285901
1.0,1.0,1.0,1.0,-0.6645138225416359,-0.08838693341350874,1.106573221323863,2.029929563625756,-0.6248651859114921
1.0,2.0,2.0,1.0,0.3379940604916889,-1.0407829516019567,-1.324107315114901,1.2194825678946093,-0.19113860592700424
1.0,1.0,1.0,1.0,-1.1657677640582984,0.8640090847749392,-0.8379712078271482,-1.2118584192988318,-0.8005992312500344
1.0,1.0,1.0,1.0,0.8392480020083513,-0.8676200392040571,-1.67134739174901,-0.4014114235676847,0.28371721871118477
0.0,1.0,1.0,1.0,-0.6645138225416359,1.2103349095707385,0.06485299142153556,1.2194825678946093,-0.17618251696202222
0.0,1.0,2.0,1.0,-2.168275647091623,-1.7334346011935553,-0.42128311586621725,-1.2118584192988318,-2.2027325717171284
0.0,2.0,1.0,1.0,0.17090941331946807,-0.2615498458114084,0.8287811600165756,-0.4014114235676847,0.035072239668353745
1.0,1.0,1.0,1.0,-1.6670217055749608,1.5566607343665377,0.48154108338246654,0.40903557216346226,-1.155806344168365
2.0,0.0,1.0,0.0,-1.4999370584027398,-0.6944571268061575,1.3149172673043283,-0.4014114235676847,-1.50727443484545
0.0,1.0,1.0,1.0,1.173417296352793,0.51768325997914,0.48154108338246654,0.40903557216346226,1.3530775797074217
2.0,0.0,1.0,2.0,1.3405019435250136,1.2969163657696883,-1.6018993764221883,1.2194825678946093,1.9849723384779252
0.0,1.0,0.0,2.0,-0.6645138225416359,1.2969163657696883,0.5509890987092884,0.40903557216346226,-0.14627033903205752
1.0,2.0,0.0,2.0,-1.1657677640582984,0.6042647161780897,-0.21293906988575176,0.40903557216346226,-0.8735101649543234
1.0,2.0,2.0,0.0,0.5050787076639097,-0.434712758209308,1.2454692519775066,0.40903557216346226,0.23697944069561497
1.0,2.0,2.0,2.0,1.5075865906972346,1.1237534533717888,-0.0740430392321081,1.2194825678946093,2.0541442499409692
1.0,2.0,1.0,1.0,0.17090941331946807,-0.17496838961245856,1.5232613132847939,-1.2118584192988318,0.07433197320143187
1.0,1.0,2.0,1.0,0.0038247661472472732,0.7774276285759895,1.106573221323863,0.40903557216346226,0.33980255232986867
1.0,2.0,2.0,1.0,-0.16325988102497352,1.1237534533717888,0.34264505272882284,-0.4014114235676847,0.31549890776177253
1.0,1.0,1.0,1.0,0.3379940604916889,-1.1273644078009066,-1.1852112844612572,-0.4014114235676847,-0.2322678505807058
2.0,2.0,0.0,1.0,1.841755885041676,-0.8676200392040571,-0.8379712078271482,-0.4014114235676847,1.0689118893727574
1.0,1.0,0.0,1.0,-1.3328524112305191,0.8640090847749392,-1.4630033457685447,-0.4014114235676847,-0.9688552321060858
1.0,1.0,1.0,1.0,0.3379940604916889,-1.5602716887956556,-0.7685231925003264,-1.2118584192988318,-0.4379140738492129
2.0,1.0,1.0,1.0,0.17090941331946807,-0.7810385830051073,-1.4630033457685447,-0.4014114235676847,-0.20048616153011833
1.0,1.0,0.0,2.0,1.006332649180572,0.51768325997914,-0.6990751771735045,0.40903557216346226,1.1922996233338616
1.0,2.0,1.0,2.0,1.841755885041676,0.43110180378019014,-1.5324513610953665,0.40903557216346226,1.9382345604623554
1.0,2.0,2.0,1.0,0.5050787076639097,-1.2139458639998564,0.34264505272882284,-0.4014114235676847,-0.1500093612733027
1.0,2.0,2.0,1.0,-0.8315984697138568,1.3834978219686382,-0.14349105455892994,1.2194825678946093,-0.29583122868188105
1.0,2.0,1.0,0.0,-0.6645138225416359,-0.08838693341350874,-0.7685231925003264,2.029929563625756,-0.6248651859114921
2.0,1.0,0.0,2.0,-1.8341063527471815,0.7774276285759895,-0.49073113119303907,-0.4014114235676847,-1.490448834759845
2.0,1.0,0.0,0.0,0.3379940604916889,-1.6468531449946056,1.5927093286116158,1.2194825678946093,-0.4790433185029144
0.0,0.0,2.0,1.0,2.0088405322138967,-0.434712758209308,1.106573221323863,-0.4014114235676847,1.4988994471159995
1.0,1.0,0.0,1.0,-0.16325988102497352,1.5566607343665377,-0.14349105455892994,1.2194825678946093,0.4931024642209377
1.0,0.0,1.0,0.0,0.6721633548361304,1.5566607343665377,-1.5324513610953665,-0.4014114235676847,1.4091629133261054
0.0,0.0,1.0,1.0,-0.33034452819719434,0.1713574351833407,-0.14349105455892994,0.40903557216346226,-0.22852882833946028
1.0,2.0,1.0,1.0,-0.8315984697138568,-0.0018054772145589292,0.34264505272882284,-0.4014114235676847,-0.7445138976313509
0.0,1.0,2.0,2.0,-0.9986831168860775,-1.3005273201988061,1.5232613132847939,1.2194825678946093,-1.2866721226119606
1.0,1.0,2.0,1.0,-0.33034452819719434,1.470079278167588,1.2454692519775066,2.840376559356903,0.27623917422869376
1.0,1.0,1.0,2.0,0.6721633548361304,0.08477597898439089,0.689885129362932,-0.4014114235676847,0.6464023761120067
1.0,1.0,1.0,2.0,0.17090941331946807,-0.6078756706072076,0.689885129362932,3.65082355508805,-0.12196669446396109
1.0,1.0,1.0,1.0,-0.6645138225416359,-0.0018054772145589292,-0.14349105455892994,0.40903557216346226,-0.5949530079815274
0.0,2.0,2.0,1.0,-0.6645138225416359,0.1713574351833407,1.6621573439384376,1.2194825678946093,-0.5351286521215983
2.0,1.0,2.0,1.0,0.5050787076639097,0.6042647161780897,1.3843652826311503,1.2194825678946093,0.7529645099875059
2.0,1.0,1.0,2.0,-0.6645138225416359,-0.2615498458114084,1.1760212366506848,2.840376559356903,-0.6846895417714215
2.0,1.0,2.0,2.0,1.3405019435250136,-0.6078756706072076,-0.6990751771735045,1.2194825678946093,0.8333534881742852
1.0,1.0,1.0,2.0,-0.4974291753694151,-1.1273644078009066,-0.2823870852125736,1.2194825678946093,-0.8585540759893411
0.0,2.0,2.0,2.0,0.5050787076639097,-0.08838693341350874,-1.1157632691344355,-0.4014114235676847,0.40897446379291214
0.0,1.0,1.0,1.0,1.3405019435250136,0.43110180378019014,0.41209306805564466,0.40903557216346226,1.461509224703544
1.0,0.0,0.0,2.0,-2.5024449414360648,1.1237534533717888,-0.8379712078271482,0.40903557216346226,-2.118604571289103
0.0,2.0,2.0,1.0,0.6721633548361304,-0.7810385830051073,1.2454692519775066,0.40903557216346226,0.19771970716253617
1.0,2.0,2.0,1.0,-1.1657677640582984,-1.7334346011935553,-0.35183510053939543,-0.4014114235676847,-1.5297085682929237
0.0,0.0,2.0,1.0,-0.33034452819719434,-0.6944571268061575,-1.1852112844612572,3.65082355508805,-0.565040830051563
0.0,2.0,0.0,1.0,0.5050787076639097,-1.2139458639998564,-1.5324513610953665,0.40903557216346226,-0.1500093612733027
1.0,2.0,1.0,2.0,-0.8315984697138568,-1.0407829516019567,-0.35183510053939543,1.2194825678946093,-1.0810258993434532
1.0,0.0,0.0,1.0,0.3379940604916889,-1.4736902325967058,-1.5324513610953665,-0.4014114235676847,-0.39678482919551167
0.0,1.0,2.0,1.0,-0.6645138225416359,0.9505905409738891,1.3149172673043283,-1.2118584192988318,-0.265919050751916
0.0,2.0,2.0,2.0,0.8392480020083513,1.470079278167588,-1.1157632691344355,-1.2118584192988318,1.5456372251315693
1.0,1.0,2.0,1.0,1.006332649180572,-0.0018054772145589292,0.41209306805564466,-1.2118584192988318,0.9006558885167063
1.0,1.0,1.0,1.0,-0.33034452819719434,0.9505905409738891,-1.6018993764221883,0.40903557216346226,0.07433197320143187
1.0,2.0,1.0,0.0,-0.6645138225416359,1.2969163657696883,0.7593331446897538,-1.2118584192988318,-0.14627033903205752
1.0,2.0,2.0,2.0,-1.6670217055749608,-1.1273644078009066,-0.9768672384807918,-1.2118584192988318,-1.7353547915614305
0.0,2.0,1.0,2.0,-0.16325988102497352,-1.3005273201988061,0.8287811600165756,-1.2118584192988318,-0.6790810084095532
2.0,2.0,1.0,1.0,-0.8315984697138568,0.43110180378019014,0.48154108338246654,0.40903557216346226,-0.6043005635846415
0.0,2.0,2.0,1.0,0.3379940604916889,-0.5212942144082578,0.13430100674835738,-1.2118584192988318,0.05563686199520435
2.0,1.0,0.0,1.0,-0.16325988102497352,-1.4736902325967058,-1.67134739174901,0.40903557216346226,-0.7501224309932191
0.0,1.0,1.0,1.0,-0.8315984697138568,-1.4736902325967058,0.7593331446897538,2.029929563625756,-1.221239233390163
2.0,1.0,1.0,1.0,0.5050787076639097,1.5566607343665377,0.8982291753433975,-0.4014114235676847,1.2259508235050718
0.0,1.0,0.0,2.0,1.5075865906972346,0.7774276285759895,0.9676771906702193,-0.4014114235676847,1.8372809599487248
1.0,1.0,1.0,1.0,0.8392480020083513,0.8640090847749392,1.453813297957972,-0.4014114235676847,1.2184727790225809
0.0,1.0,1.0,2.0,0.5050787076639097,0.6908461723770396,-0.6296271618466828,0.40903557216346226,0.7959632657618295
2.0,2.0,2.0,0.0,-0.16325988102497352,0.6042647161780897,-1.0463152538076137,0.40903557216346226,0.10237464001077415
1.0,1.0,0.0,1.0,1.006332649180572,1.2969163657696883,-0.9768672384807918,0.40903557216346226,1.629765225559595
0.0,0.0,1.0,1.0,0.3379940604916889,-0.6944571268061575,-0.35183510053939543,-0.4014114235676847,-0.026621627312198737
2.0,1.0,2.0,1.0,0.0038247661472472732,-1.1273644078009066,-1.5324513610953665,-0.4014114235676847,-0.4827823407441599
0.0,1.0,2.0,2.0,-0.16325988102497352,-1.6468531449946056,1.5232613132847939,-1.2118584192988318,-0.8211638535768854
1.0,1.0,0.0,2.0,0.8392480020083513,0.43110180378019014,1.3149172673043283,1.2194825678946093,0.9847838889447318
0.0,0.0,1.0,2.0,0.0038247661472472732,1.5566607343665377,1.453813297957972,-0.4014114235676847,0.6763145540419714
0.0,1.0,0.0,1.0,-1.6670217055749608,-1.387108776397756,0.06485299142153556,-0.4014114235676847,-1.7914401251801144
1.0,1.0,0.0,1.0,-0.16325988102497352,-1.6468531449946056,-0.9074192231539701,0.40903557216346226,-0.8211638535768854
0.0,2.0,0.0,2.0,-0.8315984697138568,1.5566607343665377,0.34264505272882284,0.40903557216346226,-0.23974589506319713
0.0,1.0,2.0,2.0,-0.9986831168860775,-1.387108776397756,-0.9074192231539701,-0.4014114235676847,-1.3128452783006794
0.0,0.0,1.0,2.0,0.8392480020083513,0.25793889138229054,0.8982291753433975,-0.4014114235676847,0.8913083329135921
1.0,2.0,0.0,1.0,0.3379940604916889,-1.4736902325967058,-1.3935553304417228,0.40903557216346226,-0.39678482919551167
1.0,2.0,0.0,2.0,-1.8341063527471815,0.1713574351833407,0.7593331446897538,0.40903557216346226,-1.6082280353590805
1.0,1.0,1.0,2.0,-0.6645138225416359,-0.08838693341350874,0.9676771906702193,-1.2118584192988318,-0.6248651859114921
2.0,2.0,1.0,1.0,0.8392480020083513,-1.3005273201988061,0.6204371140361101,-0.4014114235676847,0.05002832863333576
0.0,0.0,1.0,1.0,-0.33034452819719434,0.8640090847749392,0.8982291753433975,-0.4014114235676847,0.04068077303022167
0.0,2.0,0.0,1.0,-0.33034452819719434,1.3834978219686382,-1.2546592997880792,-0.4014114235676847,0.24258797405748356
1.0,2.0,2.0,1.0,-0.4974291753694151,0.51768325997914,1.3149172673043283,0.40903557216346226,-0.2547019840281795
0.0,0.0,0.0,2.0,-0.33034452819719434,1.2103349095707385,-1.5324513610953665,1.2194825678946093,0.17528557371506248
0.0,1.0,2.0,1.0,1.3405019435250136,-1.7334346011935553,-1.5324513610953665,1.2194825678946093,0.15285144026758946
1.0,1.0,2.0,1.0,1.6746712378694553,-0.8676200392040571,0.5509890987092884,-0.4014114235676847,0.938046110929162
0.0,2.0,0.0,1.0,0.8392480020083513,0.08477597898439089,0.41209306805564466,0.40903557216346226,0.7978327768824526
1.0,1.0,2.0,1.0,0.17090941331946807,0.8640090847749392,-0.0740430392321081,2.029929563625756,0.545448775598376
1.0,1.0,1.0,1.0,0.6721633548361304,-0.6944571268061575,-0.004595023905286278,1.2194825678946093,0.24258797405748356
1.0,0.0,2.0,1.0,-0.16325988102497352,1.0371719971728388,-0.49073113119303907,0.40903557216346226,0.27997819646993927
0.0,1.0,1.0,1.0,-0.8315984697138568,-0.2615498458114084,-1.2546592997880792,-0.4014114235676847,-0.8286418980593764
0.0,1.0,1.0,2.0,0.17090941331946807,-0.3481313020103582,-0.7685231925003264,-0.4014114235676847,-0.004187493864725048
2.0,1.0,1.0,1.0,-0.16325988102497352,-1.1273644078009066,-0.004595023905286278,-0.4014114235676847,-0.6080395858258869
2.0,1.0,2.0,1.0,0.3379940604916889,-1.1273644078009066,-0.35183510053939543,0.40903557216346226,-0.2322678505807058
0.0,1.0,2.0,1.0,-1.1657677640582984,0.08477597898439089,-1.5324513610953665,0.40903557216346226,-1.0193320323629012
1.0,0.0,1.0,1.0,1.6746712378694553,0.6042647161780897,-1.1157632691344355,0.40903557216346226,1.891496782446786
0.0,1.0,2.0,1.0,0.17090941331946807,1.3834978219686382,0.2037490220751792,0.40903557216346226,0.7810071767968475
0.0,2.0,0.0,2.0,0.8392480020083513,0.9505905409738891,0.06485299142153556,-0.4014114235676847,1.2652105570381507
1.0,1.0,1.0,2.0,0.5050787076639097,0.6908461723770396,0.9676771906702193,-1.2118584192988318,0.7959632657618295
0.0,1.0,2.0,1.0,0.3379940604916889,1.0371719971728388,1.6621573439384376,-0.4014114235676847,0.7959632657618302
1.0,2.0,0.0,1.0,-1.4999370584027398,0.25793889138229054,-0.5601791465198609,-0.4014114235676847,-1.2810635892500923
0.0,1.0,1.0,1.0,0.3379940604916889,0.8640090847749392,-0.6296271618466828,-1.2118584192988318,0.7137047764544271
1.0,1.0,1.0,1.0,0.17090941331946807,1.1237534533717888,-1.324107315114901,-0.4014114235676847,0.6632279761976118
1.0,2.0,1.0,2.0,-0.4974291753694151,-1.7334346011935553,0.7593331446897538,-1.2118584192988318,-1.0810258993434536
1.0,2.0,2.0,1.0,-0.6645138225416359,-0.6078756706072076,-0.2823870852125736,-1.2118584192988318,-0.8043382534912803
1.0,1.0,2.0,2.0,-0.16325988102497352,-0.8676200392040571,1.1760212366506848,-0.4014114235676847,-0.5014774519503881
1.0,1.0,0.0,1.0,0.5050787076639097,0.08477597898439089,0.6204371140361101,0.40903557216346226,0.49497197534156073
1.0,1.0,2.0,2.0,0.17090941331946807,-0.5212942144082578,0.273197037402001,-1.2118584192988318,-0.08270696093088263
1.0,0.0,1.0,0.0,0.17090941331946807,1.5566607343665377,0.8982291753433975,-0.4014114235676847,0.8595266438630044
2.0,1.0,1.0,1.0,-1.3328524112305191,0.08477597898439089,-0.7685231925003264,0.40903557216346226,-1.1707624331333473
0.0,1.0,1.0,1.0,0.5050787076639097,0.51768325997914,-1.1157632691344355,-0.4014114235676847,0.7099657542131815
1.0,2.0,0.0,1.0,0.5050787076639097,-1.6468531449946056,-0.14349105455892994,-0.4014114235676847,-0.3650031401449242
1.0,1.0,1.0,0.0,0.3379940604916889,0.34452034758124034,-1.324107315114901,-1.2118584192988318,0.4669293085322185
1.0,2.0,1.0,2.0,-0.4974291753694151,1.5566607343665377,0.8982291753433975,0.40903557216346226,0.12667828457887026
0.0,1.0,1.0,2.0,0.6721633548361304,-0.5212942144082578,-0.6990751771735045,1.2194825678946093,0.332324507847377
0.0,0.0,0.0,2.0,2.0088405322138967,-0.3481313020103582,1.453813297957972,-1.2118584192988318,1.558723802975929
2.0,1.0,1.0,1.0,0.5050787076639097,-1.1273644078009066,-0.2823870852125736,0.40903557216346226,-0.10701060549897874
2.0,0.0,1.0,1.0,0.5050787076639097,-0.6944571268061575,0.6204371140361101,-1.2118584192988318,0.10798317337264207
1.0,1.0,1.0,1.0,-0.4974291753694151,0.7774276285759895,0.48154108338246654,1.2194825678946093,-0.1593569168764168
0.0,2.0,1.0,1.0,0.0038247661472472732,0.6042647161780897,-1.1852112844612572,0.40903557216346226,0.2650221075049566
1.0,1.0,0.0,1.0,-1.1657677640582984,-0.08838693341350874,-0.49073113119303907,0.40903557216346226,-1.067939321499094
0.0,1.0,2.0,1.0,0.17090941331946807,1.470079278167588,-1.5324513610953665,-1.2118584192988318,0.8202669103299263
2.0,1.0,0.0,2.0,1.006332649180572,-0.2615498458114084,-1.5324513610953665,1.2194825678946093,0.7548340211081283
1.0,1.0,1.0,2.0,-0.8315984697138568,0.1713574351833407,1.2454692519775066,1.2194825678946093,-0.6884285640126673
1.0,1.0,1.0,1.0,-0.16325988102497352,-1.0407829516019567,0.34264505272882284,-1.2118584192988318,-0.5725188745340537
1.0,2.0,1.0,1.0,-0.33034452819719434,-1.387108776397756,0.6204371140361101,0.40903557216346226,-0.834250431421245
0.0,1.0,2.0,1.0,-1.1657677640582984,1.1237534533717888,-0.9074192231539701,-1.2118584192988318,-0.7276882975457457
0.0,2.0,0.0,2.0,1.006332649180572,1.5566607343665377,0.8982291753433975,-0.4014114235676847,1.775587092968173
0.0,0.0,0.0,1.0,1.173417296352793,-0.0018054772145589292,0.6204371140361101,2.029929563625756,1.0502167781665297
1.0,1.0,1.0,1.0,1.006332649180572,-0.3481313020103582,-1.2546592997880792,-0.4014114235676847,0.7062267319719361
0.0,2.0,1.0,2.0,-0.8315984697138568,0.08477597898439089,-0.49073113119303907,-1.2118584192988318,-0.7164712308220089
2.0,1.0,0.0,2.0,0.3379940604916889,-0.17496838961245856,-0.8379712078271482,0.40903557216346226,0.22015384061000987
0.0,2.0,1.0,1.0,0.3379940604916889,-1.6468531449946056,-0.8379712078271482,-0.4014114235676847,-0.4790433185029144
1.0,0.0,2.0,0.0,2.5100944737305593,-1.0407829516019567,-0.7685231925003264,-1.2118584192988318,1.461509224703544
2.0,1.0,0.0,1.0,-1.1657677640582984,-1.5602716887956556,0.7593331446897538,0.40903557216346226,-1.4811012791567308
1.0,1.0,1.0,0.0,1.3405019435250136,0.51768325997914,1.453813297957972,0.40903557216346226,1.5138555360809816
0.0,0.0,2.0,2.0,1.6746712378694553,-1.6468531449946056,0.48154108338246654,0.40903557216346226,0.4332781083610083
0.0,2.0,0.0,1.0,1.173417296352793,1.1237534533717888,0.6204371140361101,-0.4014114235676847,1.70641518150513
1.0,1.0,1.0,2.0,1.173417296352793,0.6042647161780897,0.13430100674835738,-0.4014114235676847,1.403554379964237
0.0,2.0,0.0,1.0,-0.8315984697138568,-0.17496838961245856,0.13430100674835738,-1.2118584192988318,-0.8005992312500344
0.0,1.0,0.0,2.0,1.841755885041676,1.1237534533717888,0.48154108338246654,0.40903557216346226,2.4018733183768086
1.0,1.0,2.0,1.0,-0.16325988102497352,-0.6944571268061575,-1.6018993764221883,0.40903557216346226,-0.4304360293667219
1.0,2.0,2.0,0.0,-0.4974291753694151,1.3834978219686382,0.8982291753433975,2.029929563625756,0.06311490647769535
0.0,1.0,1.0,1.0,0.8392480020083513,-0.6078756706072076,-0.004595023905286278,-1.2118584192988318,0.42393055275789415
1.0,2.0,0.0,2.0,1.173417296352793,-1.4736902325967058,0.34264505272882284,0.40903557216346226,0.19211117380066825
1.0,1.0,2.0,2.0,0.0038247661472472732,-1.0407829516019567,1.453813297957972,-1.2118584192988318,-0.4453921183317039
0.0,1.0,1.0,1.0,0.5050787076639097,-1.1273644078009066,1.5927093286116158,2.029929563625756,-0.10701060549897874
1.0,1.0,2.0,1.0,1.3405019435250136,-1.2139458639998564,1.5232613132847939,-1.2118584192988318,0.4669293085322185
0.0,1.0,1.0,1.0,-0.4974291753694151,1.6432421905654877,0.06485299142153556,0.40903557216346226,0.15845997362945738
0.0,1.0,0.0,1.0,0.17090941331946807,0.25793889138229054,1.1760212366506848,0.40903557216346226,0.27063064086682515
1.0,1.0,1.0,1.0,0.3379940604916889,-1.4736902325967058,-1.4630033457685447,-1.2118584192988318,-0.39678482919551167
1.0,2.0,1.0,2.0,-0.6645138225416359,-0.6078756706072076,-1.6018993764221883,0.40903557216346226,-0.8043382534912803
0.0,1.0,0.0,1.0,0.3379940604916889,1.6432421905654877,0.8287811600165756,-0.4014114235676847,1.08386797833774
1.0,1.0,1.0,1.0,1.3405019435250136,1.2969163657696883,1.453813297957972,-0.4014114235676847,1.9849723384779252
1.0,1.0,1.0,1.0,0.0038247661472472732,1.2103349095707385,1.106573221323863,-0.4014114235676847,0.5267536643921472
1.0,0.0,0.0,1.0,-0.16325988102497352,1.1237534533717888,0.41209306805564466,0.40903557216346226,0.31549890776177253
1.0,1.0,1.0,1.0,1.173417296352793,0.08477597898439089,0.2037490220751792,-1.2118584192988318,1.1006935784233451
0.0,2.0,1.0,1.0,0.17090941331946807,1.2103349095707385,1.7316053592652594,-1.2118584192988318,0.7024877097306899
1.0,0.0,2.0,2.0,0.17090941331946807,-0.8676200392040571,1.3149172673043283,-1.2118584192988318,-0.23974589506319713
1.0,2.0,1.0,2.0,0.5050787076639097,-0.6078756706072076,-0.004595023905286278,-1.2118584192988318,0.15098192914696637
2.0,2.0,0.0,1.0,-2.001190999919402,-0.0018054772145589292,-1.6018993764221883,0.40903557216346226,-1.7914401251801144
0.0,1.0,1.0,1.0,1.5075865906972346,1.6432421905654877,-1.3935553304417228,-1.2118584192988318,2.3794391849293346
2.0,0.0,2.0,0.0,-0.16325988102497352,1.7298236467644375,0.9676771906702193,0.40903557216346226,0.5641438868046036
0.0,0.0,0.0,2.0,0.17090941331946807,1.2969163657696883,1.5927093286116158,-0.4014114235676847,0.7417474432637687
1.0,1.0,2.0,0.0,0.17090941331946807,-0.8676200392040571,0.2037490220751792,1.2194825678946093,-0.23974589506319713
1.0,1.0,2.0,2.0,1.5075865906972346,0.9505905409738891,0.8287811600165756,0.40903557216346226,1.945712604944847
2.0,1.0,2.0,2.0,-0.6645138225416359,1.2103349095707385,1.3149172673043283,0.40903557216346226,-0.17618251696202222
2.0,0.0,2.0,2.0,0.6721633548361304,-0.2615498458114084,-0.6990751771735045,-0.4014114235676847,0.4669293085322185
0.0,1.0,1.0,2.0,-0.8315984697138568,-0.2615498458114084,1.3149172673043283,-1.2118584192988318,-0.8286418980593764
0.0,1.0,0.0,2.0,-1.6670217055749608,1.5566607343665377,-0.6296271618466828,-0.4014114235676847,-1.155806344168365
2.0,2.0,1.0,2.0,0.3379940604916889,0.51768325997914,-1.0463152538076137,-1.2118584192988318,0.5491877978396209
2.0,0.0,1.0,2.0,-0.33034452819719434,-0.17496838961245856,-1.1157632691344355,-1.2118584192988318,-0.36313362902430113
2.0,1.0,2.0,2.0,1.5075865906972346,-0.5212942144082578,-0.9074192231539701,1.2194825678946093,1.0240436224778107
0.0,2.0,0.0,1.0,-0.6645138225416359,1.0371719971728388,-1.1852112844612572,-1.2118584192988318,-0.2360068728219513
2.0,0.0,1.0,1.0,0.17090941331946807,-0.08838693341350874,1.106573221323863,-0.4014114235676847,0.11359170673451066
2.0,2.0,2.0,1.0,-1.3328524112305191,1.2103349095707385,-0.49073113119303907,-0.4014114235676847,-0.879118698316192
0.0,2.0,1.0,1.0,-0.33034452819719434,1.2103349095707385,-1.324107315114901,-0.4014114235676847,0.17528557371506248
0.0,1.0,1.0,1.0,0.5050787076639097,0.8640090847749392,1.037125205997041,1.2194825678946093,0.8819607773104781
2.0,1.0,1.0,0.0,0.6721633548361304,0.6908461723770396,-1.67134739174901,2.029929563625756,0.9604802443766357
0.0,1.0,0.0,1.0,0.5050787076639097,-0.5212942144082578,-0.6296271618466828,-1.2118584192988318,0.19398068492129067
1.0,1.0,0.0,1.0,0.17090941331946807,1.1237534533717888,0.34264505272882284,1.2194825678946093,0.6632279761976118
1.0,1.0,2.0,1.0,0.6721633548361304,1.3834978219686382,-0.42128311586621725,-0.4014114235676847,1.3194263795362113
0.0,0.0,1.0,1.0,-1.1657677640582984,-0.6944571268061575,1.2454692519775066,-0.4014114235676847,-1.238064833475768
1.0,1.0,1.0,0.0,0.17090941331946807,1.5566607343665377,-0.21293906988575176,1.2194825678946093,0.8595266438630044
0.0,1.0,0.0,1.0,-0.33034452819719434,-1.387108776397756,-0.49073113119303907,-0.4014114235676847,-0.834250431421245
1.0,1.0,1.0,2.0,-1.3328524112305191,-0.8676200392040571,1.2454692519775066,-0.4014114235676847,-1.4175379010555562
0.0,2.0,1.0,2.0,-0.4974291753694151,1.7298236467644375,1.5927093286116158,-1.2118584192988318,0.19024166268004516
0.0,1.0,2.0,2.0,-0.9986831168860775,0.1713574351833407,1.3149172673043283,4.461270550819197,-0.8417284759037363
1.0,2.0,2.0,1.0,-1.1657677640582984,-0.434712758209308,-1.67134739174901,1.2194825678946093,-1.165153899771479
1.0,1.0,2.0,2.0,0.3379940604916889,0.43110180378019014,0.48154108338246654,-0.4014114235676847,0.5080585531859196
2.0,1.0,1.0,2.0,1.006332649180572,-0.6078756706072076,1.453813297957972,-1.2118584192988318,0.560404864563358
0.0,2.0,1.0,0.0,-0.16325988102497352,0.34452034758124034,-0.5601791465198609,-1.2118584192988318,-0.00418749386472538
2.0,2.0,2.0,1.0,0.6721633548361304,1.0371719971728388,0.689885129362932,-1.2118584192988318,1.1399533119564238
1.0,2.0,2.0,2.0,-1.1657677640582984,-0.6944571268061575,-0.6296271618466828,-1.2118584192988318,-1.238064833475768
0.0,1.0,0.0,1.0,-0.4974291753694151,0.9505905409738891,0.7593331446897538,-0.4014114235676847,-0.0957935387752419
1.0,1.0,1.0,1.0,-0.16325988102497352,1.3834978219686382,0.48154108338246654,-0.4014114235676847,0.4220610416372711
0.0,1.0,2.0,1.0,-0.8315984697138568,-0.7810385830051073,-1.740795407075832,-0.4014114235676847,-0.996897898915428
1.0,1.0,0.0,1.0,0.3379940604916889,-1.0407829516019567,-1.1852112844612572,-1.2118584192988318,-0.19113860592700424
1.0,1.0,2.0,2.0,-0.6645138225416359,-1.0407829516019567,0.13430100674835738,-0.4014114235676847,-0.9538991431411035
2.0,1.0,2.0,1.0,0.8392480020083513,-0.7810385830051073,-1.6018993764221883,1.2194825678946093,0.33045499672675455
1.0,2.0,2.0,1.0,0.0038247661472472732,0.34452034758124034,-0.9768672384807918,1.2194825678946093,0.15285144026758946
1.0,1.0,2.0,1.0,2.0088405322138967,1.2103349095707385,-1.5324513610953665,-0.4014114235676847,2.635562208454657
0.0,1.0,2.0,1.0,1.5075865906972346,-0.9542014954030069,1.453813297957972,-0.4014114235676847,0.7529645099875052
0.0,1.0,1.0,1.0,-0.8315984697138568,-1.387108776397756,1.1760212366506848,1.2194825678946093,-1.193196566580821
2.0,1.0,2.0,1.0,-0.33034452819719434,-0.2615498458114084,-1.3935553304417228,1.2194825678946093,-0.39678482919551167
0.0,1.0,0.0,1.0,-0.9986831168860775,1.7298236467644375,0.06485299142153556,-0.4014114235676847,-0.37061167350679247
1.0,1.0,2.0,1.0,-0.33034452819719434,1.1237534533717888,0.689885129362932,-1.2118584192988318,0.14163437354385294
0.0,2.0,1.0,1.0,-0.33034452819719434,-0.17496838961245856,-0.2823870852125736,1.2194825678946093,-0.36313362902430113
0.0,1.0,1.0,1.0,-0.16325988102497352,-1.387108776397756,-1.324107315114901,0.40903557216346226,-0.7146017197013862
2.0,2.0,1.0,1.0,-0.16325988102497352,1.470079278167588,-1.0463152538076137,1.2194825678946093,0.45758175292910436
1.0,1.0,2.0,0.0,-0.33034452819719434,1.2969163657696883,1.453813297957972,1.2194825678946093,0.2089367738862727
1.0,1.0,1.0,1.0,-1.6670217055749608,-1.4736902325967058,0.34264505272882284,-1.2118584192988318,-1.8101352363863425
0.0,1.0,1.0,2.0,0.8392480020083513,0.9505905409738891,-0.21293906988575176,0.40903557216346226,1.2652105570381507
1.0,1.0,1.0,2.0,0.8392480020083513,1.5566607343665377,0.6204371140361101,-0.4014114235676847,1.592375003147139
0.0,0.0,1.0,1.0,2.0088405322138967,0.1713574351833407,0.8982291753433975,-1.2118584192988318,1.9176699381355047
1.0,0.0,2.0,1.0,-1.1657677640582984,0.43110180378019014,-0.2823870852125736,-0.4014114235676847,-0.9221174540905163
1.0,1.0,1.0,0.0,0.8392480020083513,0.1713574351833407,0.7593331446897538,-1.2118584192988318,0.8445705548980224
1.0,0.0,1.0,2.0,0.8392480020083513,0.9505905409738891,-0.21293906988575176,-0.4014114235676847,1.2652105570381507
0.0,2.0,0.0,1.0,-0.8315984697138568,0.7774276285759895,1.5927093286116158,-1.2118584192988318,-0.492129896347274
2.0,2.0,2.0,1.0,1.6746712378694553,-0.434712758209308,-1.2546592997880792,-1.2118584192988318,1.2184727790225809
1.0,1.0,1.0,0.0,1.006332649180572,-0.6078756706072076,-1.3935553304417228,-0.4014114235676847,0.560404864563358
1.0,1.0,1.0,1.0,0.6721633548361304,0.51768325997914,0.273197037402001,-1.2118584192988318,0.8707437105867416
0.0,1.0,1.0,2.0,-0.16325988102497352,0.6908461723770396,0.06485299142153556,-0.4014114235676847,0.13789535130260677
1.0,0.0,1.0,1.0,0.0038247661472472732,1.3834978219686382,1.1760212366506848,-1.2118584192988318,0.6015341092170593
1.0,2.0,1.0,2.0,0.0038247661472472732,-0.17496838961245856,0.689885129362932,-0.4014114235676847,-0.07148989420714545
0.0,1.0,2.0,1.0,-1.3328524112305191,-1.4736902325967058,-0.8379712078271482,2.029929563625756,-1.5745768351878704
1.0,1.0,2.0,2.0,1.841755885041676,-0.08838693341350874,1.5927093286116158,-0.4014114235676847,1.5905054920265167
2.0,1.0,1.0,1.0,0.17090941331946807,-0.6944571268061575,0.34264505272882284,1.2194825678946093,-0.16122642799703987
0.0,0.0,2.0,0.0,0.17090941331946807,-1.7334346011935553,1.6621573439384376,-1.2118584192988318,-0.6323432303939834
1.0,2.0,2.0,1.0,-0.16325988102497352,0.25793889138229054,-0.7685231925003264,-1.2118584192988318,-0.03970820515655834
1.0,1.0,2.0,2.0,-0.16325988102497352,-1.5602716887956556,0.48154108338246654,-1.2118584192988318,-0.7856431422850524
0.0,2.0,1.0,1.0,0.0038247661472472732,1.1237534533717888,-1.67134739174901,-0.4014114235676847,0.48936344197969217
0.0,1.0,0.0,1.0,0.17090941331946807,0.25793889138229054,-0.004595023905286278,-0.4014114235676847,0.27063064086682515
1.0,2.0,0.0,2.0,-0.9986831168860775,-1.2139458639998564,1.453813297957972,1.2194825678946093,-1.2604989669232414
1.0,1.0,2.0,1.0,1.173417296352793,-1.387108776397756,-0.5601791465198609,-1.2118584192988318,0.24258797405748356
1.0,2.0,0.0,0.0,-1.4999370584027398,-1.6468531449946056,-1.3935553304417228,2.840376559356903,-1.733485280440808
1.0,1.0,0.0,1.0,0.17090941331946807,-0.0018054772145589292,0.2037490220751792,-1.2118584192988318,0.15285144026758946
1.0,1.0,0.0,2.0,-1.1657677640582984,-0.9542014954030069,-0.35183510053939543,-0.4014114235676847,-1.310975767180057
1.0,2.0,2.0,2.0,0.5050787076639097,-0.6944571268061575,0.9676771906702193,-1.2118584192988318,0.10798317337264207
0.0,1.0,2.0,0.0,-0.16325988102497352,-0.9542014954030069,-1.1157632691344355,0.40903557216346226,-0.536998163242221
0.0,1.0,2.0,1.0,-0.6645138225416359,0.8640090847749392,1.7316053592652594,-0.4014114235676847,-0.2958312286818807
1.0,1.0,0.0,1.0,-0.16325988102497352,1.470079278167588,1.5927093286116158,-0.4014114235676847,0.45758175292910436
1.0,2.0,0.0,2.0,-1.3328524112305191,1.470079278167588,1.453813297957972,0.40903557216346226,-0.8118162979737713
1.0,2.0,2.0,1.0,1.173417296352793,-0.3481313020103582,-0.49073113119303907,-0.4014114235676847,0.8483095771392679
0.0,2.0,0.0,2.0,0.5050787076639097,0.6042647161780897,0.41209306805564466,2.840376559356903,0.7529645099875059
2.0,2.0,0.0,1.0,1.6746712378694553,-0.8676200392040571,0.6204371140361101,0.40903557216346226,0.938046110929162
2.0,0.0,0.0,1.0,0.6721633548361304,0.8640090847749392,1.5232613132847939,1.2194825678946093,1.0502167781665297
1.0,0.0,2.0,1.0,0.6721633548361304,-1.3005273201988061,-1.6018993764221883,-0.4014114235676847,-0.07148989420714545
0.0,1.0,2.0,2.0,1.6746712378694553,0.9505905409738891,1.3843652826311503,-0.4014114235676847,2.115838116921521
1.0,1.0,2.0,2.0,1.3405019435250136,1.2103349095707385,0.34264505272882284,1.2194825678946093,1.9326260271004874
